time,volume,bid_open,bid_high,bid_low,bid_close,ask_open,ask_high,ask_low,ask_close
2025-09-30 21:00:00+00:00,5981,0.66085,0.66178,0.66016,0.66041,0.66157,0.66193,0.66031,0.66052
2025-10-01 01:00:00+00:00,6642,0.6604,0.66048,0.65887,0.66028,0.66052,0.6606,0.65901,0.6604
2025-10-01 05:00:00+00:00,14363,0.66028,0.66193,0.65982,0.66138,0.66042,0.66205,0.65994,0.6615
2025-10-01 09:00:00+00:00,16781,0.66138,0.66285,0.66052,0.66191,0.66151,0.66296,0.66065,0.66204
2025-10-01 13:00:00+00:00,18887,0.66191,0.66223,0.65986,0.66081,0.66205,0.66235,0.65999,0.66093
2025-10-01 17:00:00+00:00,4584,0.66081,0.662,0.66075,0.66125,0.66095,0.66212,0.66087,0.66143
2025-10-01 21:00:00+00:00,3428,0.66104,0.66154,0.66057,0.66064,0.66176,0.66176,0.66071,0.66075
2025-10-02 01:00:00+00:00,6384,0.66065,0.66208,0.6602,0.66166,0.66077,0.6622,0.66031,0.66182
2025-10-02 05:00:00+00:00,10546,0.66167,0.66239,0.66111,0.66205,0.66181,0.66253,0.66123,0.66217
2025-10-02 09:00:00+00:00,9060,0.66205,0.66216,0.65986,0.66016,0.66216,0.66229,0.65999,0.66029
2025-10-02 13:00:00+00:00,14133,0.66017,0.66064,0.65762,0.65931,0.66029,0.66075,0.65775,0.65943
2025-10-02 17:00:00+00:00,3763,0.65928,0.65993,0.6591,0.65957,0.65941,0.66005,0.65921,0.65976
2025-10-02 21:00:00+00:00,3090,0.65889,0.66022,0.65889,0.66002,0.65997,0.66036,0.65946,0.66016
2025-10-03 01:00:00+00:00,5860,0.66003,0.66034,0.65901,0.65905,0.66015,0.66045,0.65914,0.65917
2025-10-03 05:00:00+00:00,9429,0.65905,0.66085,0.65884,0.66063,0.65916,0.66098,0.65897,0.66075
2025-10-03 09:00:00+00:00,7670,0.6606,0.66072,0.65986,0.66058,0.66071,0.66085,0.65999,0.6607
2025-10-03 13:00:00+00:00,14538,0.66061,0.66137,0.65988,0.66084,0.66072,0.66148,0.65999,0.66098
2025-10-03 17:00:00+00:00,6655,0.66085,0.66088,0.65946,0.65993,0.66098,0.661,0.65957,0.66052
2025-10-05 21:00:00+00:00,8828,0.65807,0.65978,0.65807,0.65977,0.65869,0.65993,0.65864,0.65988
2025-10-06 01:00:00+00:00,6894,0.65978,0.66131,0.6592,0.66022,0.65991,0.66144,0.65933,0.66035
2025-10-06 05:00:00+00:00,14019,0.66023,0.66175,0.65918,0.65988,0.66034,0.66188,0.65931,0.66
2025-10-06 09:00:00+00:00,14786,0.65985,0.66098,0.65897,0.66094,0.65999,0.66112,0.65909,0.66107
2025-10-06 13:00:00+00:00,12664,0.66091,0.662,0.66064,0.66166,0.66104,0.66214,0.66077,0.6618
2025-10-06 17:00:00+00:00,5501,0.66166,0.662,0.66141,0.66171,0.66179,0.66212,0.66155,0.66186
2025-10-06 21:00:00+00:00,5113,0.66128,0.662,0.66073,0.66085,0.66218,0.66222,0.66085,0.66098
2025-10-07 01:00:00+00:00,6938,0.66086,0.66239,0.66035,0.6611,0.661,0.66251,0.66049,0.66122
2025-10-07 05:00:00+00:00,11377,0.66106,0.66119,0.6585,0.65901,0.66119,0.66132,0.65863,0.65913
2025-10-07 09:00:00+00:00,9602,0.659,0.65964,0.65803,0.65864,0.65914,0.65978,0.65816,0.65877
2025-10-07 13:00:00+00:00,14246,0.65864,0.65964,0.65832,0.65851,0.65875,0.65976,0.65845,0.65865
2025-10-07 17:00:00+00:00,7649,0.6585,0.65914,0.65779,0.65801,0.65865,0.65928,0.65794,0.65818
2025-10-07 21:00:00+00:00,4377,0.65807,0.65857,0.65738,0.65752,0.65845,0.65868,0.6575,0.65767
2025-10-08 01:00:00+00:00,12449,0.65747,0.65794,0.65575,0.65633,0.65763,0.65807,0.65587,0.65644
2025-10-08 05:00:00+00:00,12650,0.65631,0.65693,0.6556,0.65601,0.65644,0.65706,0.65572,0.65613
2025-10-08 09:00:00+00:00,11382,0.65603,0.65803,0.65586,0.65792,0.65617,0.65815,0.65599,0.65804
2025-10-08 13:00:00+00:00,12091,0.65793,0.6588,0.65747,0.65788,0.65804,0.65893,0.6576,0.65802
2025-10-08 17:00:00+00:00,6894,0.65788,0.65887,0.65762,0.65858,0.65801,0.659,0.65775,0.65878
2025-10-08 21:00:00+00:00,4786,0.65784,0.65949,0.65784,0.65932,0.65873,0.65962,0.65836,0.65947
2025-10-09 01:00:00+00:00,8009,0.6593,0.66086,0.65893,0.66059,0.65943,0.66098,0.65904,0.66072
2025-10-09 05:00:00+00:00,15983,0.66059,0.66097,0.65691,0.65806,0.66073,0.66109,0.65702,0.65819
2025-10-09 09:00:00+00:00,13124,0.65806,0.66095,0.65806,0.66055,0.65818,0.66107,0.65818,0.66068
2025-10-09 13:00:00+00:00,23734,0.66056,0.66119,0.65457,0.65478,0.66068,0.66131,0.6547,0.65491
2025-10-09 17:00:00+00:00,9633,0.65476,0.65554,0.65393,0.65541,0.65491,0.65567,0.65407,0.65558
2025-10-09 21:00:00+00:00,5221,0.65523,0.65667,0.65498,0.65656,0.65603,0.65679,0.65533,0.6567
2025-10-10 01:00:00+00:00,6597,0.6566,0.65724,0.65631,0.65661,0.65673,0.65737,0.65643,0.65673
2025-10-10 05:00:00+00:00,13490,0.65659,0.65683,0.65447,0.65569,0.65673,0.65695,0.6546,0.6558
2025-10-10 09:00:00+00:00,10833,0.6557,0.65586,0.65491,0.65545,0.65583,0.65601,0.65504,0.65558
2025-10-10 13:00:00+00:00,34732,0.65546,0.65549,0.648,0.64833,0.65558,0.65561,0.64814,0.64847
2025-10-10 17:00:00+00:00,14881,0.64831,0.64915,0.64627,0.64678,0.64844,0.64929,0.64725,0.64792
2025-10-12 21:00:00+00:00,12828,0.65017,0.65142,0.64907,0.65139,0.65092,0.65156,0.64918,0.65153
2025-10-13 01:00:00+00:00,11180,0.65141,0.65322,0.65127,0.6522,0.65154,0.65335,0.65141,0.65234
2025-10-13 05:00:00+00:00,16587,0.65222,0.65277,0.65115,0.65206,0.65233,0.6529,0.65126,0.65218
2025-10-13 09:00:00+00:00,12136,0.65206,0.65242,0.65054,0.65083,0.65219,0.65255,0.65065,0.65094
2025-10-13 13:00:00+00:00,16641,0.65081,0.6524,0.65044,0.65233,0.65093,0.65253,0.65055,0.65247
2025-10-13 17:00:00+00:00,5154,0.65235,0.65242,0.65128,0.65144,0.65247,0.65254,0.65143,0.65159
2025-10-13 21:00:00+00:00,6051,0.65085,0.65207,0.65081,0.65182,0.65235,0.65244,0.65111,0.65195
2025-10-14 01:00:00+00:00,15198,0.65182,0.65191,0.64753,0.648,0.65194,0.65203,0.64765,0.64814
2025-10-14 05:00:00+00:00,21453,0.64798,0.64798,0.64485,0.64573,0.64811,0.64811,0.64498,0.64587
2025-10-14 09:00:00+00:00,14620,0.64573,0.64601,0.64398,0.64463,0.64586,0.64613,0.64411,0.64477
2025-10-14 13:00:00+00:00,21578,0.64464,0.64967,0.6446,0.64912,0.64476,0.64979,0.64472,0.64925
2025-10-14 17:00:00+00:00,9664,0.6491,0.64946,0.64778,0.64855,0.64921,0.64958,0.64791,0.64874
2025-10-14 21:00:00+00:00,5407,0.64804,0.64955,0.64793,0.64953,0.64901,0.64968,0.64855,0.64967
2025-10-15 01:00:00+00:00,10382,0.64955,0.65178,0.6492,0.65137,0.64967,0.65191,0.64931,0.6515
2025-10-15 05:00:00+00:00,11088,0.65139,0.65227,0.651,0.65171,0.6515,0.65239,0.65114,0.65184
2025-10-15 09:00:00+00:00,10641,0.6517,0.65225,0.65066,0.65078,0.65184,0.65239,0.6508,0.65092
2025-10-15 13:00:00+00:00,19078,0.65078,0.65224,0.65032,0.65125,0.65091,0.65236,0.65045,0.65139
2025-10-15 17:00:00+00:00,11734,0.65129,0.65129,0.6488,0.65112,0.65141,0.65141,0.64893,0.65134
2025-10-15 21:00:00+00:00,9402,0.64976,0.65151,0.6479,0.64883,0.65126,0.65169,0.64803,0.64898
2025-10-16 01:00:00+00:00,14174,0.64883,0.65046,0.64815,0.64898,0.64896,0.6506,0.64826,0.64912
2025-10-16 05:00:00+00:00,16384,0.64898,0.65124,0.64883,0.6506,0.64911,0.65137,0.64898,0.65072
2025-10-16 09:00:00+00:00,12684,0.6506,0.65102,0.64951,0.64998,0.65073,0.65116,0.64965,0.65012
2025-10-16 13:00:00+00:00,23443,0.64999,0.6507,0.64728,0.64898,0.65014,0.65083,0.64742,0.64912
2025-10-16 17:00:00+00:00,15511,0.64898,0.64956,0.64705,0.64837,0.64911,0.6497,0.64718,0.64859
2025-10-16 21:00:00+00:00,6056,0.64815,0.64893,0.64744,0.64832,0.64879,0.64907,0.64759,0.64847
2025-10-17 01:00:00+00:00,12442,0.64832,0.64915,0.64616,0.64737,0.64845,0.64928,0.6463,0.64749
2025-10-17 05:00:00+00:00,23068,0.64737,0.64787,0.64429,0.64589,0.64751,0.64799,0.64445,0.64601
2025-10-17 09:00:00+00:00,26459,0.64588,0.65019,0.64575,0.64743,0.64602,0.65035,0.64589,0.64756
2025-10-17 13:00:00+00:00,23380,0.64743,0.64905,0.64707,0.64841,0.64755,0.64916,0.64719,0.64854
2025-10-17 17:00:00+00:00,11135,0.64839,0.6501,0.6482,0.64923,0.64853,0.65022,0.64833,0.64993
2025-10-19 21:00:00+00:00,5791,0.64887,0.65053,0.64867,0.6505,0.64962,0.65068,0.64947,0.65063
2025-10-20 01:00:00+00:00,8390,0.65051,0.65144,0.64993,0.65021,0.65063,0.65157,0.65006,0.65033
2025-10-20 05:00:00+00:00,12551,0.65017,0.6508,0.6491,0.64965,0.6503,0.65093,0.64923,0.64978
2025-10-20 09:00:00+00:00,13589,0.64964,0.65008,0.64839,0.6492,0.64976,0.65021,0.64853,0.64932
2025-10-20 13:00:00+00:00,14006,0.64917,0.65207,0.64898,0.65135,0.64932,0.65219,0.64909,0.65148
2025-10-20 17:00:00+00:00,5891,0.65132,0.65169,0.65114,0.65122,0.65146,0.65182,0.65126,0.65137
2025-10-20 21:00:00+00:00,4163,0.651,0.65244,0.65083,0.65233,0.65183,0.65258,0.65141,0.65245
2025-10-21 01:00:00+00:00,9919,0.65233,0.65233,0.64995,0.65029,0.65247,0.65247,0.65009,0.65043
2025-10-21 05:00:00+00:00,17059,0.65033,0.65035,0.64756,0.64849,0.65046,0.65048,0.6477,0.64862
2025-10-21 09:00:00+00:00,14313,0.64847,0.64975,0.64798,0.64948,0.64862,0.64988,0.64809,0.64962
2025-10-21 13:00:00+00:00,17958,0.64944,0.65031,0.64723,0.64909,0.64959,0.65043,0.64735,0.64922
2025-10-21 17:00:00+00:00,6893,0.6491,0.64919,0.6485,0.64874,0.64922,0.6493,0.64864,0.64893
2025-10-21 21:00:00+00:00,6380,0.64868,0.64942,0.64846,0.6485,0.64909,0.64955,0.6486,0.64863
2025-10-22 01:00:00+00:00,8920,0.6485,0.65014,0.64824,0.6499,0.64862,0.65027,0.64837,0.65003
2025-10-22 05:00:00+00:00,14529,0.64993,0.65115,0.64924,0.64942,0.65007,0.65129,0.64937,0.64955
2025-10-22 09:00:00+00:00,12547,0.64939,0.64961,0.64812,0.6488,0.6495,0.64973,0.64824,0.64894
2025-10-22 13:00:00+00:00,21225,0.64879,0.65017,0.64785,0.64944,0.64891,0.65031,0.64799,0.64957
2025-10-22 17:00:00+00:00,10762,0.64948,0.64956,0.64778,0.64882,0.64959,0.6497,0.64791,0.64901
2025-10-22 21:00:00+00:00,5332,0.64826,0.64917,0.64826,0.64915,0.64956,0.64956,0.6484,0.64927
2025-10-23 01:00:00+00:00,8319,0.64919,0.64948,0.64782,0.64846,0.6493,0.64961,0.64796,0.6486
2025-10-23 05:00:00+00:00,10989,0.64846,0.65117,0.64839,0.6508,0.64858,0.6513,0.64851,0.65091
2025-10-23 09:00:00+00:00,9896,0.65079,0.65119,0.64978,0.65044,0.65091,0.65132,0.64989,0.65055
2025-10-23 13:00:00+00:00,14226,0.65044,0.65171,0.65032,0.65108,0.65056,0.65185,0.65047,0.65121
2025-10-23 17:00:00+00:00,5786,0.65105,0.65175,0.65061,0.65124,0.65119,0.65186,0.65072,0.65142
2025-10-23 21:00:00+00:00,4306,0.65061,0.65166,0.65061,0.65132,0.65147,0.65179,0.65113,0.65144
2025-10-24 01:00:00+00:00,7529,0.65131,0.65144,0.64956,0.6501,0.65144,0.65156,0.6497,0.65024
2025-10-24 05:00:00+00:00,10862,0.6501,0.65083,0.64928,0.64953,0.65023,0.65095,0.6494,0.64964
2025-10-24 09:00:00+00:00,13173,0.64949,0.65283,0.64922,0.65173,0.64963,0.65314,0.64935,0.65185
2025-10-24 13:00:00+00:00,18224,0.65173,0.65213,0.64931,0.65087,0.65187,0.65227,0.64943,0.65101
2025-10-24 17:00:00+00:00,5519,0.65087,0.65132,0.65078,0.65123,0.65099,0.65159,0.65089,0.65159
2025-10-26 21:00:00+00:00,7902,0.65361,0.65431,0.65278,0.65302,0.65414,0.65446,0.65306,0.65315
2025-10-27 01:00:00+00:00,8977,0.65303,0.65409,0.65277,0.65312,0.65317,0.6542,0.65291,0.65325
2025-10-27 05:00:00+00:00,11469,0.65315,0.65541,0.65303,0.65522,0.65326,0.65554,0.65314,0.65535
2025-10-27 09:00:00+00:00,11270,0.65526,0.65587,0.65475,0.65549,0.65538,0.656,0.65487,0.65564
2025-10-27 13:00:00+00:00,12342,0.65551,0.6559,0.65429,0.65553,0.65564,0.65603,0.65443,0.65565
2025-10-27 17:00:00+00:00,6065,0.65555,0.65578,0.6552,0.65553,0.65569,0.6559,0.65533,0.65571
2025-10-27 21:00:00+00:00,4235,0.65507,0.65622,0.65506,0.65572,0.65546,0.65636,0.65541,0.65586
2025-10-28 01:00:00+00:00,7514,0.65569,0.65639,0.65531,0.65629,0.65585,0.6565,0.65543,0.65644
2025-10-28 05:00:00+00:00,10268,0.65629,0.65636,0.65437,0.65458,0.65643,0.65649,0.65451,0.65471
2025-10-28 09:00:00+00:00,9363,0.65458,0.65598,0.65453,0.65537,0.6547,0.6561,0.65465,0.6555
2025-10-28 13:00:00+00:00,14675,0.65536,0.65891,0.65503,0.6588,0.65548,0.65905,0.65516,0.65894
2025-10-28 17:00:00+00:00,5453,0.65879,0.65901,0.6583,0.65847,0.65891,0.65915,0.65841,0.65862
2025-10-28 21:00:00+00:00,8438,0.65818,0.66069,0.65778,0.65969,0.65848,0.66083,0.65791,0.65983
2025-10-29 01:00:00+00:00,9018,0.65969,0.66004,0.65884,0.65953,0.65982,0.66016,0.65897,0.65967
2025-10-29 05:00:00+00:00,11988,0.65953,0.66171,0.65934,0.65943,0.65965,0.66186,0.65948,0.65957
2025-10-29 09:00:00+00:00,11868,0.65944,0.66025,0.6586,0.65967,0.65957,0.66037,0.65872,0.6598
2025-10-29 13:00:00+00:00,14798,0.65967,0.66142,0.65955,0.66118,0.65979,0.66155,0.65967,0.66132
2025-10-29 17:00:00+00:00,37349,0.66118,0.66154,0.65567,0.65739,0.66131,0.66167,0.65579,0.65757
2025-10-29 21:00:00+00:00,5584,0.6567,0.65872,0.65669,0.65857,0.65725,0.65884,0.65687,0.65869
2025-10-30 01:00:00+00:00,19929,0.65857,0.65972,0.65732,0.65936,0.65871,0.65984,0.65747,0.65949
2025-10-30 05:00:00+00:00,17842,0.65935,0.65954,0.65727,0.65768,0.6595,0.65968,0.6574,0.65781
2025-10-30 09:00:00+00:00,13484,0.65768,0.65794,0.65376,0.65381,0.65779,0.65807,0.65389,0.65395
2025-10-30 13:00:00+00:00,20685,0.65381,0.65578,0.6532,0.65538,0.65392,0.6559,0.65333,0.65551
2025-10-30 17:00:00+00:00,9122,0.65538,0.65581,0.6546,0.65534,0.6555,0.65593,0.65474,0.65553
2025-10-30 21:00:00+00:00,4710,0.6554,0.65597,0.65498,0.65563,0.65565,0.6561,0.65521,0.65576
2025-10-31 01:00:00+00:00,9343,0.65562,0.6559,0.65453,0.65495,0.65576,0.65602,0.65467,0.65506
2025-10-31 05:00:00+00:00,11248,0.65495,0.65495,0.65328,0.65427,0.65507,0.65508,0.6534,0.6544
2025-10-31 09:00:00+00:00,10557,0.65427,0.65446,0.65351,0.65361,0.65441,0.65459,0.65364,0.65376
2025-10-31 13:00:00+00:00,17057,0.65361,0.65524,0.65327,0.65396,0.65372,0.65537,0.6534,0.65409
2025-10-31 17:00:00+00:00,8072,0.65397,0.65463,0.65329,0.65422,0.65409,0.65483,0.65342,0.65472
2025-11-02 22:00:00+00:00,5142,0.65436,0.65486,0.65378,0.6543,0.65457,0.65499,0.65397,0.65442
2025-11-03 02:00:00+00:00,6004,0.65429,0.65618,0.65409,0.65581,0.65444,0.65632,0.65423,0.65593
2025-11-03 06:00:00+00:00,11686,0.65581,0.65597,0.6546,0.65463,0.65592,0.65608,0.65474,0.65475
2025-11-03 10:00:00+00:00,8040,0.65463,0.65512,0.65368,0.65385,0.65474,0.65525,0.65382,0.65399
2025-11-03 14:00:00+00:00,15082,0.65386,0.65425,0.65169,0.65371,0.65398,0.65439,0.65184,0.65384
2025-11-03 18:00:00+00:00,5434,0.65371,0.65405,0.65342,0.65368,0.65385,0.65419,0.65355,0.65386
2025-11-03 22:00:00+00:00,6705,0.65329,0.65391,0.65283,0.65334,0.65383,0.65425,0.65297,0.65348
2025-11-04 02:00:00+00:00,12289,0.65337,0.65359,0.65105,0.65112,0.65349,0.65373,0.6512,0.65126
2025-11-04 06:00:00+00:00,16502,0.65114,0.65193,0.64935,0.64944,0.65129,0.65207,0.64948,0.64956
2025-11-04 10:00:00+00:00,11632,0.64941,0.65042,0.64905,0.64919,0.64955,0.65056,0.64918,0.64931
2025-11-04 14:00:00+00:00,15568,0.64918,0.65037,0.64804,0.64915,0.64931,0.65049,0.64816,0.64927
2025-11-04 18:00:00+00:00,8841,0.64912,0.6492,0.64817,0.64882,0.64926,0.64933,0.6483,0.64905
2025-11-04 22:00:00+00:00,8667,0.64883,0.64928,0.64579,0.64667,0.64905,0.64957,0.64593,0.64681
2025-11-05 02:00:00+00:00,11284,0.64668,0.64988,0.64665,0.64898,0.64681,0.65001,0.64678,0.64909
2025-11-05 06:00:00+00:00,11215,0.64898,0.64954,0.64804,0.6481,0.6491,0.64967,0.64818,0.64823
2025-11-05 10:00:00+00:00,10668,0.6481,0.64868,0.64732,0.6485,0.64824,0.64882,0.64745,0.64863
2025-11-05 14:00:00+00:00,17329,0.64849,0.65123,0.6482,0.65057,0.64861,0.65136,0.64833,0.6507
2025-11-05 18:00:00+00:00,4826,0.65058,0.65102,0.65015,0.65056,0.6507,0.65115,0.65028,0.65075
2025-11-05 22:00:00+00:00,6584,0.65034,0.65107,0.64965,0.65098,0.65078,0.65122,0.64978,0.65112
2025-11-06 02:00:00+00:00,7428,0.65098,0.65174,0.65044,0.65071,0.65111,0.65187,0.65057,0.65086
2025-11-06 06:00:00+00:00,10696,0.6507,0.6517,0.65037,0.65128,0.65083,0.65183,0.6505,0.65141
2025-11-06 10:00:00+00:00,12115,0.6513,0.6518,0.65054,0.65081,0.65142,0.65194,0.65067,0.65095
2025-11-06 14:00:00+00:00,23238,0.65083,0.65091,0.64626,0.64773,0.65096,0.65103,0.6464,0.64786
2025-11-06 18:00:00+00:00,9536,0.64772,0.64885,0.64712,0.64785,0.64786,0.64898,0.64723,0.64803
2025-11-06 22:00:00+00:00,8152,0.64793,0.64861,0.64695,0.64772,0.64815,0.64875,0.64708,0.64786
2025-11-07 02:00:00+00:00,8630,0.64773,0.64828,0.64668,0.6479,0.64786,0.64841,0.64682,0.64802
2025-11-07 06:00:00+00:00,11573,0.6479,0.64902,0.64772,0.6482,0.64801,0.64916,0.64786,0.64833
2025-11-07 10:00:00+00:00,14880,0.64817,0.64925,0.64754,0.64867,0.64831,0.6494,0.64767,0.64879
2025-11-07 14:00:00+00:00,20996,0.64865,0.64894,0.64677,0.64833,0.64878,0.64906,0.64689,0.64847
2025-11-07 18:00:00+00:00,10692,0.64834,0.64985,0.64819,0.64878,0.64847,0.65,0.64832,0.64984
2025-11-09 22:00:00+00:00,10404,0.64957,0.65217,0.64892,0.65168,0.64993,0.6523,0.64913,0.65182
2025-11-10 02:00:00+00:00,8939,0.65166,0.6529,0.65117,0.65265,0.65181,0.65303,0.65132,0.65277
2025-11-10 06:00:00+00:00,8420,0.65266,0.65388,0.65227,0.65365,0.65277,0.65401,0.65242,0.65377
2025-11-10 10:00:00+00:00,8628,0.65366,0.65377,0.65258,0.65287,0.6538,0.65389,0.6527,0.65299
2025-11-10 14:00:00+00:00,13444,0.65284,0.65393,0.65139,0.65376,0.65297,0.65406,0.65152,0.65388
2025-11-10 18:00:00+00:00,5459,0.65376,0.65397,0.65351,0.65354,0.65387,0.65409,0.65367,0.65372
2025-11-10 22:00:00+00:00,5502,0.65303,0.65366,0.65276,0.65304,0.65363,0.65381,0.65291,0.65317
2025-11-11 02:00:00+00:00,6653,0.65304,0.65322,0.65173,0.65173,0.65316,0.65336,0.65186,0.65186
2025-11-11 06:00:00+00:00,9765,0.65172,0.65248,0.65142,0.65183,0.65186,0.6526,0.65155,0.65195
2025-11-11 10:00:00+00:00,12337,0.65183,0.65375,0.65173,0.65348,0.65194,0.65387,0.65184,0.6536
2025-11-11 14:00:00+00:00,15159,0.65348,0.65373,0.65199,0.65305,0.65361,0.65386,0.65213,0.65319
2025-11-11 18:00:00+00:00,6316,0.65305,0.65332,0.65261,0.65263,0.65318,0.65347,0.65279,0.65282
2025-11-11 22:00:00+00:00,6329,0.65198,0.65313,0.6519,0.65227,0.65265,0.65325,0.65204,0.6524
2025-11-12 02:00:00+00:00,7704,0.65226,0.65304,0.65151,0.65285,0.6524,0.65318,0.65166,0.65299
2025-11-12 06:00:00+00:00,11840,0.65288,0.65439,0.6528,0.65325,0.65299,0.65451,0.65293,0.65336
2025-11-12 10:00:00+00:00,10997,0.65325,0.65441,0.65297,0.65365,0.65338,0.65452,0.6531,0.65378
2025-11-12 14:00:00+00:00,15407,0.65364,0.65443,0.65307,0.65417,0.65379,0.65455,0.65318,0.6543
2025-11-12 18:00:00+00:00,6752,0.65422,0.65494,0.65382,0.65408,0.65434,0.65509,0.65396,0.65425
2025-11-12 22:00:00+00:00,13253,0.65397,0.65629,0.65309,0.65571,0.65418,0.65644,0.65338,0.65585
2025-11-13 02:00:00+00:00,9415,0.65572,0.65648,0.6552,0.65568,0.65584,0.65662,0.65533,0.65579
2025-11-13 06:00:00+00:00,13700,0.65566,0.65798,0.65549,0.65724,0.65578,0.6581,0.65562,0.65736
2025-11-13 10:00:00+00:00,11392,0.65722,0.65725,0.65477,0.65525,0.65733,0.65738,0.65492,0.65538
2025-11-13 14:00:00+00:00,22930,0.65525,0.65578,0.65386,0.65485,0.65539,0.6559,0.65399,0.65497
2025-11-13 18:00:00+00:00,14687,0.65488,0.655,0.65232,0.65297,0.65501,0.65513,0.65246,0.65318
2025-11-13 22:00:00+00:00,9099,0.65281,0.65429,0.65234,0.65397,0.65306,0.65442,0.65247,0.6541
2025-11-14 02:00:00+00:00,12471,0.65396,0.6549,0.65295,0.65378,0.65411,0.65503,0.65308,0.65391
2025-11-14 06:00:00+00:00,16886,0.65378,0.65394,0.65171,0.65207,0.65389,0.65407,0.65186,0.65221
2025-11-14 10:00:00+00:00,16694,0.65206,0.65293,0.65029,0.65233,0.65218,0.65307,0.65043,0.65246
2025-11-14 14:00:00+00:00,24685,0.65229,0.65507,0.65193,0.65416,0.65243,0.6552,0.65206,0.65428
2025-11-14 18:00:00+00:00,12594,0.65415,0.65419,0.65309,0.65332,0.65426,0.6543,0.65342,0.65374
2025-11-16 22:00:00+00:00,8283,0.65315,0.6535,0.65178,0.65183,0.65376,0.65388,0.65191,0.65196
2025-11-17 02:00:00+00:00,9057,0.65187,0.65242,0.65112,0.65222,0.652,0.65256,0.65126,0.65233
2025-11-17 06:00:00+00:00,11532,0.65223,0.65371,0.65176,0.65193,0.65235,0.65382,0.65189,0.65207
2025-11-17 10:00:00+00:00,12122,0.65193,0.65245,0.65064,0.65098,0.65206,0.65257,0.65077,0.65111
2025-11-17 14:00:00+00:00,17000,0.65097,0.65172,0.65,0.6509,0.65109,0.65185,0.65013,0.65102
2025-11-17 18:00:00+00:00,10144,0.6509,0.65092,0.64814,0.64924,0.65101,0.65104,0.64827,0.64946
2025-11-17 22:00:00+00:00,8284,0.64909,0.64985,0.64822,0.64902,0.64948,0.64998,0.64837,0.64915
2025-11-18 02:00:00+00:00,11922,0.649,0.64972,0.64644,0.64814,0.64914,0.64984,0.64657,0.64825
2025-11-18 06:00:00+00:00,13131,0.6481,0.64988,0.64739,0.64953,0.64821,0.65,0.64752,0.64965
2025-11-18 10:00:00+00:00,13357,0.64952,0.65116,0.64912,0.65053,0.64965,0.6513,0.64923,0.65067
2025-11-18 14:00:00+00:00,27104,0.65051,0.65107,0.64822,0.65091,0.65066,0.65121,0.64833,0.65103
2025-11-18 18:00:00+00:00,12918,0.65092,0.65178,0.65056,0.65071,0.65106,0.65191,0.6507,0.6509
2025-11-18 22:00:00+00:00,7860,0.65046,0.65111,0.649,0.64917,0.65076,0.65128,0.64913,0.64931
2025-11-19 02:00:00+00:00,10797,0.64922,0.64976,0.64759,0.64888,0.64935,0.64991,0.64772,0.64901
2025-11-19 06:00:00+00:00,12759,0.64888,0.64969,0.64765,0.64861,0.64902,0.64981,0.64777,0.64876
2025-11-19 10:00:00+00:00,12794,0.64863,0.64922,0.6481,0.64837,0.64876,0.64934,0.64823,0.6485
2025-11-19 14:00:00+00:00,22591,0.64836,0.64923,0.64505,0.64596,0.64848,0.64936,0.64518,0.64609
2025-11-19 18:00:00+00:00,14447,0.64597,0.64805,0.64572,0.64778,0.64609,0.6482,0.64586,0.64796
2025-11-19 22:00:00+00:00,7936,0.64725,0.64909,0.6472,0.6479,0.64779,0.64922,0.64767,0.64803
2025-11-20 02:00:00+00:00,10012,0.64792,0.64885,0.64734,0.64783,0.64803,0.64898,0.64747,0.64796
2025-11-20 06:00:00+00:00,11060,0.64781,0.64827,0.64704,0.64823,0.64792,0.64841,0.64718,0.64835
2025-11-20 10:00:00+00:00,17916,0.64822,0.6501,0.64655,0.64902,0.64836,0.65025,0.64698,0.64917
2025-11-20 14:00:00+00:00,33576,0.64902,0.6502,0.64356,0.64447,0.64916,0.65035,0.6437,0.6446
2025-11-20 18:00:00+00:00,20378,0.64444,0.64604,0.64385,0.6439,0.64458,0.64618,0.64399,0.64408
2025-11-20 22:00:00+00:00,8586,0.6441,0.64568,0.64368,0.64531,0.64438,0.64582,0.64384,0.64546
2025-11-21 02:00:00+00:00,10827,0.64534,0.6457,0.64407,0.64461,0.64547,0.64583,0.6442,0.64473
2025-11-21 06:00:00+00:00,15303,0.64461,0.64534,0.64332,0.64356,0.64475,0.64547,0.64345,0.6437
2025-11-21 10:00:00+00:00,20817,0.64356,0.64527,0.64206,0.64487,0.64369,0.64539,0.6422,0.64502
2025-11-21 14:00:00+00:00,30878,0.64488,0.64602,0.64224,0.64539,0.64501,0.64615,0.64238,0.64552
2025-11-21 18:00:00+00:00,14287,0.64541,0.64595,0.64454,0.64527,0.64552,0.64609,0.64468,0.64587
2025-11-23 22:00:00+00:00,7091,0.64551,0.64654,0.64485,0.64532,0.6467,0.6467,0.64496,0.64545
2025-11-24 02:00:00+00:00,9640,0.64536,0.64645,0.64514,0.64625,0.64548,0.64657,0.64526,0.64637
2025-11-24 06:00:00+00:00,11767,0.64623,0.64669,0.64416,0.6446,0.64637,0.64681,0.6443,0.64474
2025-11-24 10:00:00+00:00,13039,0.64458,0.64592,0.64434,0.64534,0.64471,0.64604,0.64447,0.64546
2025-11-24 14:00:00+00:00,18104,0.64531,0.64607,0.64444,0.64588,0.64545,0.64621,0.64457,0.64599
2025-11-24 18:00:00+00:00,7532,0.64588,0.64676,0.64585,0.64639,0.646,0.64691,0.64598,0.64656
2025-11-24 22:00:00+00:00,6729,0.64573,0.64685,0.64568,0.64626,0.64682,0.64699,0.64583,0.64639
2025-11-25 02:00:00+00:00,8840,0.64627,0.64666,0.64509,0.64573,0.64639,0.64678,0.64521,0.64586
2025-11-25 06:00:00+00:00,10609,0.64572,0.64607,0.64478,0.64583,0.64586,0.64622,0.64492,0.64596
2025-11-25 10:00:00+00:00,16853,0.6458,0.64687,0.64444,0.64607,0.64591,0.64716,0.64455,0.6462
2025-11-25 14:00:00+00:00,28064,0.64606,0.64751,0.64356,0.64712,0.6462,0.64764,0.6437,0.64726
2025-11-25 18:00:00+00:00,9861,0.64712,0.64749,0.64656,0.64687,0.64728,0.64763,0.64669,0.64708
2025-11-25 22:00:00+00:00,12980,0.64641,0.64949,0.64637,0.64898,0.64694,0.64963,0.6468,0.64912
2025-11-26 02:00:00+00:00,12246,0.64895,0.65076,0.64885,0.65054,0.64909,0.65088,0.64898,0.65065
2025-11-26 06:00:00+00:00,14983,0.65051,0.65115,0.64905,0.64988,0.65064,0.65129,0.64918,0.64999
2025-11-26 10:00:00+00:00,18118,0.64989,0.65041,0.64833,0.64901,0.65001,0.65054,0.64847,0.64914
2025-11-26 14:00:00+00:00,16451,0.64902,0.65163,0.64874,0.65139,0.64914,0.65177,0.64886,0.65152
2025-11-26 18:00:00+00:00,7589,0.65139,0.65205,0.65117,0.65174,0.65153,0.65219,0.65131,0.6519
2025-11-26 22:00:00+00:00,6326,0.65158,0.65309,0.65154,0.65307,0.65188,0.65323,0.6518,0.6532
2025-11-27 02:00:00+00:00,9178,0.65307,0.65393,0.65259,0.65327,0.65322,0.65407,0.65273,0.65341
2025-11-27 06:00:00+00:00,9055,0.65325,0.65336,0.65209,0.65232,0.65338,0.65349,0.65223,0.65245
2025-11-27 10:00:00+00:00,9129,0.65233,0.65287,0.65217,0.65261,0.65247,0.65299,0.6523,0.65275
2025-11-27 14:00:00+00:00,5528,0.65261,0.65335,0.65227,0.65311,0.65274,0.65348,0.6524,0.65324
2025-11-27 18:00:00+00:00,1956,0.6531,0.65338,0.65288,0.65331,0.65325,0.65357,0.65303,0.65354
2025-11-27 22:00:00+00:00,7689,0.65306,0.65403,0.65288,0.65342,0.65349,0.65418,0.65321,0.65356
2025-11-28 02:00:00+00:00,48872,0.65342,0.654,0.65244,0.65291,0.65355,0.65414,0.65259,0.65304
2025-11-28 06:00:00+00:00,56479,0.65288,0.65292,0.65196,0.65242,0.65303,0.65305,0.6521,0.65256
2025-11-28 10:00:00+00:00,54817,0.65239,0.65363,0.652,0.65349,0.65255,0.65375,0.65215,0.65363
2025-11-28 14:00:00+00:00,18201,0.65349,0.65589,0.65308,0.65509,0.65362,0.65603,0.65322,0.65521
2025-11-28 18:00:00+00:00,16536,0.65507,0.65522,0.65378,0.65437,0.65521,0.65559,0.65469,0.65555
2025-11-30 22:00:00+00:00,11829,0.6538,0.65564,0.65354,0.65517,0.65438,0.65577,0.65386,0.6553
2025-12-01 02:00:00+00:00,12102,0.65519,0.65523,0.65368,0.65409,0.65531,0.65536,0.65382,0.65423
2025-12-01 06:00:00+00:00,15812,0.65412,0.6554,0.65383,0.65493,0.65425,0.65553,0.65394,0.65505
2025-12-01 10:00:00+00:00,14286,0.65492,0.65659,0.65441,0.65596,0.65505,0.65673,0.65453,0.65608
2025-12-01 14:00:00+00:00,19412,0.65598,0.65637,0.65458,0.65519,0.65609,0.6565,0.65472,0.65533
2025-12-01 18:00:00+00:00,8701,0.65521,0.65534,0.65398,0.65429,0.65533,0.65545,0.65411,0.65445
2025-12-01 22:00:00+00:00,5954,0.65441,0.65454,0.65353,0.65446,0.65453,0.65466,0.65381,0.6546
2025-12-02 02:00:00+00:00,6435,0.65443,0.65543,0.65427,0.65525,0.65456,0.65557,0.6544,0.65538
2025-12-02 06:00:00+00:00,9114,0.65525,0.65578,0.65449,0.65476,0.65539,0.65591,0.65461,0.65489
2025-12-02 10:00:00+00:00,9018,0.65477,0.65623,0.65429,0.65622,0.65491,0.65636,0.65443,0.65636
2025-12-02 14:00:00+00:00,17539,0.65623,0.65702,0.65527,0.65542,0.65635,0.65715,0.65538,0.65557
2025-12-02 18:00:00+00:00,7661,0.65541,0.65664,0.65527,0.6565,0.65555,0.65678,0.65539,0.65667
2025-12-02 22:00:00+00:00,9439,0.65612,0.65757,0.6552,0.65737,0.65653,0.6577,0.65531,0.65751
2025-12-03 02:00:00+00:00,7839,0.65739,0.65836,0.65703,0.65824,0.65752,0.65848,0.65716,0.65838
2025-12-03 06:00:00+00:00,10412,0.65821,0.65858,0.65735,0.6581,0.65834,0.65871,0.65747,0.65823
2025-12-03 10:00:00+00:00,10634,0.65811,0.65955,0.65808,0.659,0.65825,0.65976,0.65821,0.65914
2025-12-03 14:00:00+00:00,18992,0.65899,0.65992,0.65741,0.65956,0.65914,0.66005,0.65755,0.65969
2025-12-03 18:00:00+00:00,5709,0.65958,0.66014,0.65933,0.66005,0.6597,0.66027,0.65945,0.66023
2025-12-03 22:00:00+00:00,8350,0.6596,0.661,0.65959,0.66061,0.66012,0.66114,0.66004,0.66074
2025-12-04 02:00:00+00:00,10506,0.66062,0.66144,0.66015,0.66107,0.66073,0.66158,0.66028,0.66119
2025-12-04 06:00:00+00:00,13353,0.66107,0.66188,0.66047,0.66154,0.66121,0.66201,0.6606,0.66166
2025-12-04 10:00:00+00:00,13315,0.66154,0.66171,0.66023,0.66073,0.66165,0.66184,0.66038,0.66086
2025-12-04 14:00:00+00:00,18267,0.66076,0.66234,0.66057,0.66152,0.66087,0.66248,0.66069,0.66166
2025-12-04 18:00:00+00:00,9971,0.66152,0.66175,0.66072,0.66091,0.66165,0.66189,0.66084,0.66107
2025-12-04 22:00:00+00:00,5038,0.66093,0.66148,0.66047,0.66131,0.66124,0.66162,0.66061,0.66145
2025-12-05 02:00:00+00:00,5860,0.66132,0.66223,0.661,0.66213,0.66145,0.66236,0.66114,0.66226
2025-12-05 06:00:00+00:00,9504,0.66216,0.6634,0.66196,0.66304,0.66229,0.66352,0.66211,0.66317
2025-12-05 10:00:00+00:00,11264,0.66301,0.66433,0.6625,0.66408,0.66316,0.66447,0.66263,0.66422
2025-12-05 14:00:00+00:00,15752,0.66408,0.66483,0.66262,0.6639,0.66421,0.66496,0.66275,0.66404
2025-12-05 18:00:00+00:00,6664,0.66392,0.66417,0.6635,0.6636,0.66404,0.66462,0.66364,0.66462
2025-12-07 22:00:00+00:00,9567,0.66313,0.66453,0.66258,0.66424,0.66394,0.66467,0.66325,0.66437
2025-12-08 02:00:00+00:00,6919,0.66425,0.66478,0.66391,0.66447,0.66439,0.6649,0.66406,0.6646
2025-12-08 06:00:00+00:00,10259,0.66447,0.66484,0.66333,0.66354,0.66461,0.66498,0.66346,0.66367
2025-12-08 10:00:00+00:00,9749,0.66352,0.66431,0.66319,0.66363,0.66366,0.66443,0.66333,0.66376
2025-12-08 14:00:00+00:00,14808,0.66367,0.66406,0.66137,0.66277,0.66379,0.6642,0.6615,0.6629
2025-12-08 18:00:00+00:00,7344,0.66279,0.6629,0.66182,0.66234,0.6629,0.66302,0.66195,0.66251
2025-12-08 22:00:00+00:00,5071,0.66171,0.66274,0.66171,0.66254,0.66241,0.66287,0.66185,0.66268
2025-12-09 02:00:00+00:00,13905,0.66254,0.66482,0.6607,0.66427,0.66267,0.66498,0.66095,0.6644
2025-12-09 06:00:00+00:00,12672,0.66426,0.66479,0.66331,0.66445,0.6644,0.66491,0.66345,0.66459
2025-12-09 10:00:00+00:00,11144,0.66445,0.66449,0.66306,0.66378,0.66458,0.66461,0.66321,0.66391
2025-12-09 14:00:00+00:00,17362,0.66377,0.66538,0.66341,0.66378,0.66391,0.6655,0.66355,0.66391
2025-12-09 18:00:00+00:00,6345,0.66376,0.66422,0.66331,0.66408,0.66391,0.66441,0.66344,0.66431
2025-12-09 22:00:00+00:00,7560,0.66326,0.66464,0.66318,0.66322,0.66421,0.66479,0.66332,0.66335
2025-12-10 02:00:00+00:00,8631,0.66321,0.66422,0.66284,0.66416,0.66336,0.66436,0.66297,0.6643
2025-12-10 06:00:00+00:00,11235,0.66417,0.66533,0.66412,0.66486,0.66429,0.66547,0.66425,0.66499
2025-12-10 10:00:00+00:00,10147,0.66485,0.66519,0.66359,0.66417,0.66497,0.66532,0.66373,0.66429
2025-12-10 14:00:00+00:00,13354,0.66416,0.66447,0.66289,0.66428,0.66429,0.6646,0.66301,0.66442
2025-12-10 18:00:00+00:00,30835,0.66429,0.66853,0.66289,0.66745,0.66442,0.66866,0.66406,0.66763
2025-12-10 22:00:00+00:00,11075,0.66752,0.66784,0.66588,0.6669,0.66774,0.66796,0.66602,0.66704
2025-12-11 02:00:00+00:00,12804,0.66689,0.66725,0.66287,0.66343,0.66704,0.66738,0.66302,0.66355
2025-12-11 06:00:00+00:00,13419,0.66343,0.66512,0.66258,0.66511,0.66356,0.66526,0.66273,0.66524
2025-12-11 10:00:00+00:00,11300,0.66512,0.66669,0.66474,0.66639,0.66524,0.66683,0.66487,0.66651
2025-12-11 14:00:00+00:00,18277,0.66637,0.66752,0.66555,0.66691,0.66651,0.66766,0.66569,0.66706
2025-12-11 18:00:00+00:00,8401,0.66691,0.66726,0.66606,0.66632,0.66704,0.6674,0.66619,0.66653
2025-12-11 22:00:00+00:00,8089,0.66632,0.66738,0.66565,0.66663,0.66678,0.66752,0.66616,0.66676
2025-12-12 02:00:00+00:00,7307,0.66664,0.66689,0.66592,0.66667,0.66676,0.66702,0.66604,0.66682
2025-12-12 06:00:00+00:00,12570,0.66668,0.66764,0.66601,0.66688,0.66681,0.66778,0.66613,0.66701
2025-12-12 10:00:00+00:00,9472,0.66686,0.6669,0.66602,0.66628,0.667,0.66703,0.66615,0.66641
2025-12-12 14:00:00+00:00,23534,0.66629,0.66699,0.6632,0.66522,0.66641,0.66712,0.66332,0.66536
2025-12-12 18:00:00+00:00,9563,0.66525,0.66581,0.66469,0.66499,0.66537,0.66594,0.6648,0.66567
2025-12-14 22:00:00+00:00,10812,0.66403,0.66532,0.66316,0.66528,0.66478,0.66548,0.66417,0.66541
2025-12-15 02:00:00+00:00,11719,0.66525,0.66546,0.664,0.66447,0.66537,0.66559,0.66412,0.6646
2025-12-15 06:00:00+00:00,11359,0.66447,0.66528,0.66411,0.6648,0.66461,0.66541,0.66424,0.66492
2025-12-15 10:00:00+00:00,8638,0.66476,0.6656,0.6641,0.66495,0.6649,0.66573,0.66423,0.66508
2025-12-15 14:00:00+00:00,20386,0.66491,0.66545,0.66347,0.66373,0.66505,0.6656,0.6636,0.66386
2025-12-15 18:00:00+00:00,6772,0.66372,0.66424,0.66315,0.66401,0.66386,0.66437,0.66328,0.66415
2025-12-15 22:00:00+00:00,9557,0.66374,0.66476,0.66175,0.66216,0.6645,0.66491,0.66189,0.6623
2025-12-16 02:00:00+00:00,10308,0.66217,0.66396,0.66189,0.66317,0.6623,0.66411,0.66203,0.66331
2025-12-16 06:00:00+00:00,9489,0.66319,0.66434,0.6628,0.66339,0.66331,0.66447,0.66294,0.66352
2025-12-16 10:00:00+00:00,14594,0.66338,0.66608,0.66313,0.66454,0.66353,0.66629,0.66325,0.66467
2025-12-16 14:00:00+00:00,23834,0.66454,0.6659,0.66283,0.6634,0.66468,0.66603,0.66296,0.66351
2025-12-16 18:00:00+00:00,11034,0.66338,0.66395,0.662,0.66319,0.66351,0.66407,0.66217,0.66332
2025-12-16 22:00:00+00:00,9655,0.66292,0.66345,0.66186,0.66325,0.66348,0.66359,0.66199,0.66336
2025-12-17 02:00:00+00:00,10697,0.66325,0.66328,0.66128,0.66188,0.66337,0.6634,0.66143,0.66199
2025-12-17 06:00:00+00:00,13623,0.66187,0.66228,0.66116,0.6614,0.66199,0.66241,0.66129,0.66152
2025-12-17 10:00:00+00:00,10786,0.66135,0.66241,0.6612,0.66227,0.66149,0.66253,0.66133,0.6624
2025-12-17 14:00:00+00:00,19229,0.66227,0.66281,0.66028,0.66069,0.66238,0.66295,0.66043,0.66081
2025-12-17 18:00:00+00:00,9051,0.66069,0.6612,0.65984,0.66042,0.66083,0.66134,0.65999,0.66055
2025-12-17 22:00:00+00:00,7905,0.66052,0.66059,0.65935,0.65989,0.6609,0.66207,0.65947,0.66002
2025-12-18 02:00:00+00:00,9012,0.6599,0.66051,0.65918,0.66045,0.66002,0.66065,0.65933,0.66057
2025-12-18 06:00:00+00:00,11569,0.66044,0.66117,0.66023,0.66044,0.66055,0.6613,0.66036,0.66058
2025-12-18 10:00:00+00:00,14584,0.66042,0.66302,0.66027,0.6622,0.66057,0.66381,0.66039,0.66234
2025-12-18 14:00:00+00:00,23640,0.6622,0.66303,0.66025,0.6613,0.66233,0.66315,0.66038,0.66144
2025-12-18 18:00:00+00:00,9287,0.66132,0.66198,0.66097,0.6612,0.66145,0.6621,0.6611,0.66139
2025-12-18 22:00:00+00:00,6657,0.6609,0.66219,0.66086,0.66119,0.66131,0.66241,0.66102,0.66132
2025-12-19 02:00:00+00:00,8470,0.66116,0.66156,0.66032,0.66034,0.66129,0.66168,0.66047,0.66047
2025-12-19 06:00:00+00:00,10513,0.66033,0.66094,0.65996,0.66077,0.66047,0.66107,0.66009,0.6609
2025-12-19 10:00:00+00:00,9638,0.66079,0.66102,0.66006,0.66097,0.66091,0.66116,0.66018,0.6611
2025-12-19 14:00:00+00:00,13600,0.66101,0.66245,0.6606,0.66144,0.66113,0.66258,0.66074,0.66158
2025-12-19 18:00:00+00:00,4984,0.66144,0.66197,0.66064,0.66085,0.66156,0.66211,0.66084,0.66148
2025-12-21 22:00:00+00:00,8966,0.6607,0.66225,0.66032,0.66203,0.6622,0.66239,0.66077,0.66215
2025-12-22 02:00:00+00:00,6488,0.66203,0.66283,0.66199,0.6625,0.66217,0.66297,0.66212,0.66263
2025-12-22 06:00:00+00:00,8611,0.66249,0.66411,0.66247,0.66387,0.66261,0.66424,0.6626,0.66398
2025-12-22 10:00:00+00:00,10306,0.66388,0.66496,0.66379,0.66457,0.66401,0.66508,0.66392,0.66469
2025-12-22 14:00:00+00:00,12836,0.66458,0.66598,0.6643,0.66563,0.66472,0.66612,0.66444,0.66576
2025-12-22 18:00:00+00:00,5929,0.66562,0.6658,0.6651,0.66571,0.66573,0.66595,0.66525,0.66587
2025-12-22 22:00:00+00:00,6241,0.66532,0.66659,0.66532,0.66627,0.66571,0.66672,0.66563,0.66641
2025-12-23 02:00:00+00:00,9616,0.66627,0.667,0.66626,0.66651,0.66639,0.66713,0.66639,0.66665
2025-12-23 06:00:00+00:00,10250,0.66652,0.66929,0.6664,0.66923,0.66663,0.66942,0.66655,0.66935
2025-12-23 10:00:00+00:00,12107,0.66922,0.66998,0.6685,0.66854,0.66936,0.67012,0.66862,0.66866
2025-12-23 14:00:00+00:00,14958,0.66854,0.66949,0.66752,0.66883,0.66868,0.6696,0.66765,0.66896
2025-12-23 18:00:00+00:00,5244,0.66884,0.6702,0.66874,0.6701,0.66898,0.67034,0.66887,0.67027
2025-12-23 22:00:00+00:00,6077,0.66984,0.67112,0.66973,0.67104,0.67006,0.67125,0.66986,0.67119
2025-12-24 02:00:00+00:00,7462,0.67107,0.6713,0.67019,0.67114,0.67121,0.67143,0.67033,0.67127
2025-12-24 06:00:00+00:00,9285,0.67113,0.6717,0.67048,0.67121,0.67124,0.67183,0.67061,0.67135
2025-12-24 10:00:00+00:00,9502,0.6712,0.67134,0.66992,0.67055,0.67133,0.67148,0.67011,0.67067
2025-12-24 14:00:00+00:00,13196,0.67052,0.67143,0.67021,0.67065,0.67066,0.67158,0.67033,0.67079
2025-12-24 18:00:00+00:00,9730,0.67063,0.67063,0.67021,0.67021,0.67078,0.67081,0.67038,0.67081
2025-12-25 22:00:00+00:00,10128,0.66955,0.67149,0.66955,0.67094,0.67058,0.67161,0.67035,0.67108
2025-12-26 02:00:00+00:00,7389,0.67095,0.67173,0.67032,0.67087,0.67108,0.67187,0.67046,0.67101
2025-12-26 06:00:00+00:00,14269,0.67091,0.67111,0.66965,0.66971,0.67104,0.67125,0.6698,0.66986
2025-12-26 10:00:00+00:00,12860,0.66971,0.67172,0.66965,0.67157,0.66985,0.67188,0.66979,0.6717
2025-12-26 14:00:00+00:00,23763,0.67161,0.67242,0.67048,0.67085,0.67173,0.67255,0.67062,0.67099
2025-12-26 18:00:00+00:00,12281,0.67086,0.67145,0.67074,0.67101,0.67099,0.67202,0.67089,0.67202
2025-12-28 22:00:00+00:00,11137,0.66969,0.67218,0.66964,0.67186,0.67105,0.67231,0.67076,0.672
2025-12-29 02:00:00+00:00,7530,0.67186,0.67268,0.67144,0.67147,0.67199,0.67282,0.67157,0.67161
2025-12-29 06:00:00+00:00,13726,0.67146,0.67212,0.66925,0.66988,0.67158,0.67224,0.66939,0.67002
2025-12-29 10:00:00+00:00,14124,0.6699,0.67051,0.66824,0.66931,0.67002,0.67064,0.66838,0.66943
2025-12-29 14:00:00+00:00,18632,0.66928,0.67027,0.66846,0.6688,0.66942,0.6704,0.66859,0.66893
2025-12-29 18:00:00+00:00,5276,0.66881,0.66969,0.66864,0.66927,0.66893,0.66983,0.66877,0.66947
2025-12-29 22:00:00+00:00,7384,0.66928,0.67037,0.66888,0.67034,0.66955,0.67049,0.66913,0.67047
2025-12-30 02:00:00+00:00,7838,0.67038,0.67145,0.66962,0.67131,0.6705,0.67157,0.66977,0.67143
2025-12-30 06:00:00+00:00,10642,0.67131,0.67173,0.67018,0.67038,0.67144,0.67187,0.67031,0.67052
2025-12-30 10:00:00+00:00,10536,0.67039,0.67116,0.66918,0.66937,0.67052,0.6713,0.66931,0.66951
2025-12-30 14:00:00+00:00,12394,0.66937,0.67031,0.66873,0.67024,0.6695,0.67044,0.66884,0.67038
2025-12-30 18:00:00+00:00,5282,0.67025,0.67033,0.66923,0.66954,0.67038,0.67047,0.66937,0.66974
2025-12-30 22:00:00+00:00,6891,0.66924,0.67007,0.66924,0.66935,0.66968,0.67021,0.66944,0.66948
2025-12-31 02:00:00+00:00,8185,0.66935,0.66981,0.66874,0.66895,0.6695,0.66994,0.66887,0.66908
2025-12-31 06:00:00+00:00,9945,0.66894,0.66899,0.66796,0.66827,0.66908,0.66912,0.6681,0.66839
2025-12-31 10:00:00+00:00,11795,0.66827,0.66893,0.66752,0.66828,0.66841,0.66907,0.66765,0.66842
2025-12-31 14:00:00+00:00,17757,0.66828,0.66833,0.66593,0.66712,0.66841,0.66846,0.66606,0.66726
2025-12-31 18:00:00+00:00,9051,0.66711,0.66743,0.66675,0.66716,0.66726,0.66758,0.6669,0.66753
2026-01-01 22:00:00+00:00,5255,0.66643,0.66942,0.66609,0.66923,0.66791,0.66956,0.66708,0.66937
2026-01-02 02:00:00+00:00,5747,0.66925,0.67013,0.66905,0.66951,0.66937,0.67028,0.66919,0.66964
2026-01-02 06:00:00+00:00,10140,0.66948,0.67066,0.66885,0.66984,0.66962,0.67079,0.66899,0.66996
2026-01-02 10:00:00+00:00,9530,0.66983,0.66996,0.66862,0.66874,0.66997,0.67009,0.66875,0.66887
2026-01-02 14:00:00+00:00,19364,0.66877,0.66965,0.66791,0.66844,0.66891,0.66978,0.66804,0.66856
2026-01-02 18:00:00+00:00,8693,0.66844,0.66973,0.66769,0.66925,0.66858,0.66987,0.66782,0.66974
2026-01-04 22:00:00+00:00,12828,0.66806,0.66927,0.66729,0.66808,0.66856,0.66972,0.66759,0.66822
2026-01-05 02:00:00+00:00,11606,0.66808,0.66871,0.66645,0.6675,0.66821,0.66884,0.66658,0.66763
2026-01-05 06:00:00+00:00,12259,0.66748,0.6682,0.66703,0.66751,0.66763,0.66834,0.66716,0.66764
2026-01-05 10:00:00+00:00,13729,0.66751,0.6688,0.66622,0.66768,0.66763,0.66893,0.66637,0.66781
2026-01-05 14:00:00+00:00,17706,0.66769,0.67185,0.66764,0.67115,0.66783,0.67198,0.66777,0.67129
2026-01-05 18:00:00+00:00,6287,0.67115,0.67171,0.67104,0.67141,0.67128,0.67185,0.67116,0.67157
2026-01-05 22:00:00+00:00,6361,0.67106,0.67158,0.67026,0.6715,0.67151,0.67179,0.6704,0.67164
2026-01-06 02:00:00+00:00,8761,0.6715,0.67312,0.67129,0.67266,0.67163,0.67326,0.67143,0.67278
2026-01-06 06:00:00+00:00,11498,0.67266,0.67386,0.67159,0.67163,0.6728,0.67401,0.6717,0.67175
2026-01-06 10:00:00+00:00,10530,0.67161,0.67271,0.67114,0.67263,0.67175,0.67285,0.67127,0.67275
2026-01-06 14:00:00+00:00,16478,0.67263,0.6736,0.67194,0.67351,0.67276,0.67373,0.67206,0.67365
2026-01-06 18:00:00+00:00,5953,0.67349,0.67413,0.67304,0.67375,0.67361,0.67425,0.67318,0.67392
2026-01-06 22:00:00+00:00,12818,0.67336,0.67511,0.67162,0.6747,0.67379,0.67525,0.67179,0.67483
2026-01-07 02:00:00+00:00,10419,0.6747,0.67659,0.67435,0.67518,0.67482,0.67673,0.67448,0.67529
2026-01-07 06:00:00+00:00,10772,0.67519,0.67558,0.67343,0.67375,0.67531,0.67571,0.67356,0.67388
2026-01-07 10:00:00+00:00,10984,0.67374,0.67408,0.6727,0.67388,0.67386,0.67421,0.67282,0.67401
2026-01-07 14:00:00+00:00,17182,0.67387,0.67459,0.67216,0.67283,0.67401,0.67471,0.67228,0.67296
2026-01-07 18:00:00+00:00,6563,0.67282,0.67332,0.67178,0.67199,0.67296,0.67345,0.67192,0.67217
2026-01-07 22:00:00+00:00,5113,0.67212,0.67248,0.6716,0.67237,0.6724,0.67261,0.67174,0.67251
2026-01-08 02:00:00+00:00,9908,0.67236,0.67239,0.67002,0.67031,0.67251,0.67252,0.67016,0.67045
2026-01-08 06:00:00+00:00,12496,0.67032,0.67038,0.66888,0.66925,0.67045,0.67049,0.66901,0.66938
2026-01-08 10:00:00+00:00,9950,0.66924,0.66998,0.66886,0.66921,0.66938,0.67012,0.669,0.66934
2026-01-08 14:00:00+00:00,16742,0.66922,0.67005,0.66811,0.66945,0.66934,0.67018,0.66824,0.66958
2026-01-08 18:00:00+00:00,5955,0.66944,0.67008,0.66878,0.66984,0.66955,0.67023,0.66892,0.66999
2026-01-08 22:00:00+00:00,6050,0.66984,0.67036,0.66877,0.66922,0.67026,0.67052,0.66891,0.66936
2026-01-09 02:00:00+00:00,6987,0.66923,0.6698,0.66906,0.66943,0.66935,0.66992,0.66919,0.66955
2026-01-09 06:00:00+00:00,8825,0.66941,0.66961,0.66757,0.66803,0.66954,0.66973,0.6677,0.66815
2026-01-09 10:00:00+00:00,13667,0.66804,0.67028,0.66602,0.66891,0.66818,0.67042,0.66704,0.66905
2026-01-09 14:00:00+00:00,23609,0.66894,0.66939,0.6663,0.66811,0.66906,0.66953,0.66643,0.66824
2026-01-09 18:00:00+00:00,5252,0.66808,0.66907,0.66804,0.66826,0.66822,0.6692,0.66816,0.66904
2026-01-11 22:00:00+00:00,10812,0.66752,0.6706,0.66752,0.66977,0.66821,0.67074,0.66821,0.66991
2026-01-12 02:00:00+00:00,7837,0.66978,0.67007,0.66918,0.66982,0.66991,0.6702,0.66931,0.66995
2026-01-12 06:00:00+00:00,10538,0.66983,0.67116,0.66952,0.67061,0.66995,0.6713,0.66964,0.67074
2026-01-12 10:00:00+00:00,9890,0.67063,0.67174,0.67031,0.67149,0.67077,0.67188,0.67043,0.67162
2026-01-12 14:00:00+00:00,14170,0.67148,0.67217,0.67025,0.67134,0.67162,0.67229,0.67039,0.67145
2026-01-12 18:00:00+00:00,5833,0.67132,0.67147,0.67081,0.67094,0.67144,0.67161,0.67094,0.67107
2026-01-12 22:00:00+00:00,6644,0.67092,0.67142,0.67062,0.67105,0.67116,0.67154,0.67074,0.67117
2026-01-13 02:00:00+00:00,7219,0.67104,0.67163,0.67065,0.67091,0.67118,0.67176,0.67078,0.67105
2026-01-13 06:00:00+00:00,7860,0.67091,0.67097,0.66982,0.67054,0.67104,0.6711,0.66995,0.67068
2026-01-13 10:00:00+00:00,12566,0.67052,0.67267,0.66967,0.67085,0.67065,0.67284,0.6698,0.67099
2026-01-13 14:00:00+00:00,20559,0.67084,0.67137,0.66724,0.66805,0.67097,0.67151,0.66738,0.66818
2026-01-13 18:00:00+00:00,8567,0.66804,0.66846,0.6677,0.66802,0.66818,0.66858,0.66782,0.66817
2026-01-13 22:00:00+00:00,5653,0.66818,0.66881,0.66765,0.66818,0.66849,0.66901,0.66778,0.66831
2026-01-14 02:00:00+00:00,8420,0.6682,0.66999,0.66816,0.66941,0.66831,0.67011,0.66828,0.66954
2026-01-14 06:00:00+00:00,11491,0.66942,0.67018,0.66859,0.66952,0.66954,0.67031,0.66873,0.66966
2026-01-14 10:00:00+00:00,12573,0.66954,0.66958,0.6675,0.66787,0.66967,0.66972,0.66762,0.66799
2026-01-14 14:00:00+00:00,22260,0.66787,0.66888,0.66726,0.66734,0.668,0.66906,0.66739,0.66746
2026-01-14 18:00:00+00:00,11055,0.66733,0.66857,0.66724,0.66818,0.66746,0.66871,0.66738,0.66835
2026-01-14 22:00:00+00:00,8769,0.66777,0.66855,0.6675,0.66801,0.66868,0.669,0.66762,0.66814
2026-01-15 02:00:00+00:00,8476,0.66801,0.66808,0.66666,0.6676,0.66815,0.66822,0.6668,0.66773
2026-01-15 06:00:00+00:00,10791,0.66762,0.66986,0.66752,0.66948,0.66774,0.67,0.66766,0.66962
2026-01-15 10:00:00+00:00,10246,0.66949,0.67003,0.66752,0.66771,0.66962,0.67017,0.66765,0.66785
2026-01-15 14:00:00+00:00,15694,0.66772,0.67092,0.66741,0.6704,0.66784,0.67105,0.66753,0.67054
2026-01-15 18:00:00+00:00,7053,0.6704,0.67082,0.66952,0.66976,0.67053,0.67094,0.66965,0.67
2026-01-15 22:00:00+00:00,6384,0.66964,0.67035,0.66962,0.6697,0.66988,0.67049,0.66977,0.66983
2026-01-16 02:00:00+00:00,6229,0.66965,0.67065,0.66946,0.67007,0.6698,0.67079,0.66959,0.67021
2026-01-16 06:00:00+00:00,7778,0.67008,0.67049,0.66952,0.67011,0.6702,0.67062,0.66965,0.67025
2026-01-16 10:00:00+00:00,9479,0.67011,0.6709,0.66904,0.66938,0.67024,0.67103,0.66918,0.66951
2026-01-16 14:00:00+00:00,19607,0.66935,0.66947,0.66704,0.66804,0.66948,0.6696,0.66718,0.66818
2026-01-16 18:00:00+00:00,5261,0.66803,0.66857,0.66782,0.66791,0.66815,0.66886,0.66806,0.66882
2026-01-18 22:00:00+00:00,13333,0.66701,0.66946,0.66675,0.66827,0.66735,0.66958,0.66692,0.6684
2026-01-19 02:00:00+00:00,8355,0.66826,0.67003,0.66775,0.6695,0.66841,0.67017,0.66789,0.66964
2026-01-19 06:00:00+00:00,11090,0.6695,0.66984,0.66879,0.66963,0.66962,0.66996,0.66892,0.66976
2026-01-19 10:00:00+00:00,7263,0.66962,0.67074,0.66962,0.6705,0.66977,0.67087,0.66976,0.67063
2026-01-19 14:00:00+00:00,6487,0.67051,0.67161,0.67015,0.67157,0.67063,0.67174,0.67028,0.67171
2026-01-19 18:00:00+00:00,1593,0.67157,0.67168,0.67114,0.67134,0.6717,0.67181,0.67129,0.6715
2026-01-19 22:00:00+00:00,6130,0.67082,0.67147,0.67062,0.67107,0.67143,0.67167,0.67075,0.6712
2026-01-20 02:00:00+00:00,8383,0.67107,0.67404,0.6708,0.67354,0.67119,0.67418,0.67092,0.67367
2026-01-20 06:00:00+00:00,16611,0.67353,0.67466,0.67232,0.67276,0.67368,0.67479,0.67244,0.6729
2026-01-20 10:00:00+00:00,17826,0.6728,0.67383,0.67246,0.67296,0.67293,0.67396,0.67259,0.67308
2026-01-20 14:00:00+00:00,23319,0.67298,0.67451,0.67262,0.67386,0.67309,0.67464,0.67275,0.67401
2026-01-20 18:00:00+00:00,9766,0.67386,0.67421,0.67301,0.67364,0.67399,0.67434,0.67315,0.67381
2026-01-20 22:00:00+00:00,8179,0.6729,0.67432,0.67282,0.67419,0.67363,0.67445,0.67304,0.67434
2026-01-21 02:00:00+00:00,9558,0.67421,0.67425,0.67269,0.67356,0.67435,0.67437,0.67282,0.67369
2026-01-21 06:00:00+00:00,11215,0.67357,0.67576,0.67347,0.67467,0.67371,0.6759,0.67358,0.67479
2026-01-21 10:00:00+00:00,12639,0.67468,0.67727,0.67429,0.67705,0.67481,0.67741,0.67443,0.67717
2026-01-21 14:00:00+00:00,27483,0.67704,0.67774,0.67524,0.67588,0.67717,0.67791,0.67537,0.676
2026-01-21 18:00:00+00:00,15772,0.67588,0.67644,0.67537,0.67612,0.67599,0.67656,0.67552,0.67634
2026-01-21 22:00:00+00:00,11785,0.67601,0.67988,0.67533,0.67968,0.67625,0.68,0.67546,0.6798
2026-01-22 02:00:00+00:00,8872,0.67965,0.681,0.67907,0.68046,0.67979,0.68115,0.67919,0.68058
2026-01-22 06:00:00+00:00,11375,0.68045,0.68106,0.67965,0.68015,0.68059,0.6812,0.67979,0.68028
2026-01-22 10:00:00+00:00,12796,0.68014,0.68148,0.67952,0.68143,0.68028,0.68162,0.67965,0.68157
2026-01-22 14:00:00+00:00,16538,0.68143,0.684,0.68099,0.68397,0.68155,0.68414,0.68112,0.6841
2026-01-22 18:00:00+00:00,6215,0.68397,0.68438,0.68368,0.684,0.68409,0.68451,0.68381,0.68419
2026-01-22 22:00:00+00:00,6554,0.68373,0.68527,0.68373,0.68443,0.68402,0.68539,0.68391,0.68456
2026-01-23 02:00:00+00:00,7611,0.68443,0.685,0.68358,0.68484,0.68457,0.68513,0.68372,0.68497
2026-01-23 06:00:00+00:00,16052,0.68482,0.68537,0.68372,0.68392,0.68497,0.68551,0.68384,0.68407
2026-01-23 10:00:00+00:00,12884,0.68393,0.68668,0.68337,0.68493,0.68406,0.68681,0.6835,0.68506
2026-01-23 14:00:00+00:00,17569,0.68497,0.68906,0.68477,0.6882,0.68509,0.6892,0.68491,0.68832
2026-01-23 18:00:00+00:00,11365,0.68819,0.68984,0.6873,0.68931,0.68832,0.69001,0.68745,0.68995
2026-01-25 22:00:00+00:00,18914,0.69211,0.69307,0.69055,0.69191,0.69256,0.69368,0.69068,0.69204
2026-01-26 02:00:00+00:00,11516,0.69191,0.69281,0.69088,0.69138,0.69202,0.69293,0.69102,0.69152
2026-01-26 06:00:00+00:00,15661,0.6914,0.69266,0.69078,0.69214,0.69153,0.6928,0.69092,0.69228
2026-01-26 10:00:00+00:00,12157,0.69216,0.69269,0.69068,0.6917,0.69228,0.69282,0.6908,0.69182
2026-01-26 14:00:00+00:00,17400,0.69172,0.69404,0.69145,0.69338,0.69183,0.69417,0.69156,0.69351
2026-01-26 18:00:00+00:00,10071,0.69338,0.69376,0.69153,0.69157,0.69352,0.6939,0.69168,0.69173
2026-01-26 22:00:00+00:00,7394,0.6911,0.69193,0.69067,0.69169,0.69183,0.69206,0.69079,0.69183
2026-01-27 02:00:00+00:00,9168,0.69167,0.69279,0.69059,0.69125,0.69182,0.69294,0.69072,0.69138
2026-01-27 06:00:00+00:00,11005,0.69124,0.6928,0.69009,0.69269,0.69138,0.69294,0.69022,0.69282
2026-01-27 10:00:00+00:00,16493,0.69267,0.6952,0.69199,0.69442,0.69281,0.69533,0.69212,0.69457
2026-01-27 14:00:00+00:00,22813,0.69444,0.69815,0.69431,0.69778,0.69457,0.69828,0.69443,0.69791
2026-01-27 18:00:00+00:00,23119,0.69777,0.70157,0.69719,0.70111,0.69792,0.70172,0.69733,0.70129
2026-01-27 22:00:00+00:00,19457,0.70088,0.70219,0.69829,0.69856,0.70106,0.70237,0.69842,0.69869
2026-01-28 02:00:00+00:00,13985,0.69857,0.70028,0.69795,0.70024,0.69869,0.70041,0.69809,0.70037
2026-01-28 06:00:00+00:00,20302,0.70028,0.70193,0.69892,0.70016,0.7004,0.70207,0.69906,0.7003
2026-01-28 10:00:00+00:00,17846,0.70016,0.70138,0.69913,0.69956,0.70029,0.70151,0.69925,0.69968
2026-01-28 14:00:00+00:00,31014,0.69957,0.70076,0.69762,0.69998,0.69971,0.70088,0.69776,0.70012
2026-01-28 18:00:00+00:00,23687,0.69997,0.70424,0.69782,0.70403,0.70012,0.7044,0.69797,0.70416
2026-01-28 22:00:00+00:00,14424,0.7031,0.70491,0.70207,0.70276,0.70442,0.70504,0.70222,0.70288
2026-01-29 02:00:00+00:00,17931,0.70275,0.70935,0.70204,0.70874,0.70288,0.70948,0.70217,0.70887
2026-01-29 06:00:00+00:00,19303,0.70873,0.70882,0.70517,0.70556,0.70887,0.70895,0.70531,0.70569
2026-01-29 10:00:00+00:00,19527,0.70556,0.70703,0.70265,0.70649,0.70568,0.70716,0.70278,0.70662
2026-01-29 14:00:00+00:00,73734,0.70651,0.70819,0.6968,0.70178,0.70662,0.70832,0.69697,0.70192
2026-01-29 18:00:00+00:00,20560,0.70178,0.70537,0.70138,0.7049,0.7019,0.70552,0.70151,0.7051
2026-01-29 22:00:00+00:00,19641,0.7043,0.70547,0.70042,0.70051,0.70498,0.70562,0.70056,0.70066
2026-01-30 02:00:00+00:00,27313,0.70055,0.70083,0.69767,0.69989,0.70068,0.70097,0.6978,0.70003
2026-01-30 06:00:00+00:00,27660,0.69991,0.7011,0.69675,0.69754,0.70003,0.70124,0.69689,0.69765
2026-01-30 10:00:00+00:00,32191,0.69753,0.70314,0.6975,0.69906,0.69765,0.7033,0.69764,0.6992
2026-01-30 14:00:00+00:00,50771,0.69903,0.70258,0.69668,0.69716,0.69916,0.70273,0.6968,0.69729
2026-01-30 18:00:00+00:00,32567,0.69713,0.69856,0.69392,0.69572,0.69725,0.6987,0.69407,0.69689
2026-02-01 22:00:00+00:00,40590,0.69482,0.69702,0.692,0.69636,0.6958,0.69715,0.69214,0.69649
2026-02-02 02:00:00+00:00,34252,0.69639,0.69684,0.69136,0.69247,0.69651,0.69698,0.69149,0.6926
2026-02-02 06:00:00+00:00,32462,0.69248,0.69653,0.6908,0.69637,0.69262,0.69669,0.69092,0.69651
2026-02-02 10:00:00+00:00,27549,0.69637,0.697,0.69398,0.6947,0.69649,0.69714,0.69412,0.69483
2026-02-02 14:00:00+00:00,38508,0.6947,0.69674,0.69394,0.69521,0.69484,0.69688,0.69407,0.69535
2026-02-02 18:00:00+00:00,13278,0.69523,0.69532,0.6935,0.69472,0.69536,0.69546,0.69363,0.6949
2026-02-02 22:00:00+00:00,12928,0.69503,0.69777,0.69429,0.69769,0.69578,0.6979,0.69472,0.69781
2026-02-03 02:00:00+00:00,30557,0.69768,0.70327,0.69564,0.70055,0.69781,0.70343,0.69578,0.70069
2026-02-03 06:00:00+00:00,26526,0.70057,0.70496,0.70019,0.70054,0.7007,0.70511,0.70034,0.70066
2026-02-03 10:00:00+00:00,22583,0.70055,0.70152,0.69967,0.70076,0.70068,0.70165,0.69981,0.70089
2026-02-03 14:00:00+00:00,35544,0.70081,0.70238,0.69802,0.701,0.70092,0.70251,0.69815,0.70113
2026-02-03 18:00:00+00:00,23145,0.70097,0.7026,0.69927,0.70205,0.70112,0.70274,0.69941,0.70231
2026-02-03 22:00:00+00:00,12074,0.70185,0.70359,0.70092,0.70273,0.70221,0.70373,0.70156,0.70287
2026-02-04 02:00:00+00:00,13118,0.70275,0.7035,0.7013,0.70284,0.70287,0.70363,0.70143,0.70296
2026-02-04 06:00:00+00:00,15949,0.70288,0.70425,0.70141,0.70199,0.703,0.70438,0.70154,0.70213
2026-02-04 10:00:00+00:00,17825,0.70199,0.70353,0.70099,0.70323,0.70212,0.70367,0.70113,0.70337
2026-02-04 14:00:00+00:00,49670,0.70323,0.70328,0.69717,0.69782,0.70336,0.70343,0.6973,0.69796
2026-02-04 18:00:00+00:00,19295,0.69784,0.69999,0.69709,0.69975,0.69796,0.70014,0.69723,0.69995
2026-02-04 22:00:00+00:00,10105,0.69937,0.70067,0.69924,0.69964,0.69995,0.7008,0.69937,0.69975
2026-02-05 02:00:00+00:00,25859,0.69966,0.69974,0.69575,0.69711,0.69978,0.69988,0.69589,0.69725
2026-02-05 06:00:00+00:00,20403,0.69713,0.69901,0.69643,0.69663,0.69726,0.69915,0.69656,0.69676
2026-02-05 10:00:00+00:00,29474,0.69663,0.69852,0.69621,0.69688,0.69675,0.69865,0.69635,0.69702
2026-02-05 14:00:00+00:00,53295,0.69688,0.69817,0.69397,0.69702,0.69699,0.69833,0.69408,0.69715
2026-02-05 18:00:00+00:00,18497,0.69701,0.69744,0.69265,0.6927,0.69713,0.69757,0.69282,0.69293
2026-02-05 22:00:00+00:00,19214,0.69274,0.6937,0.68963,0.69341,0.69328,0.69383,0.68978,0.69353
2026-02-06 02:00:00+00:00,18407,0.69338,0.69551,0.69326,0.6955,0.69352,0.69564,0.6934,0.69564
2026-02-06 06:00:00+00:00,17395,0.69551,0.69777,0.69514,0.6975,0.69563,0.69791,0.69528,0.69764
2026-02-06 10:00:00+00:00,15473,0.69751,0.69936,0.69663,0.69936,0.69763,0.6995,0.69677,0.69949
2026-02-06 14:00:00+00:00,27964,0.69933,0.70242,0.69898,0.70202,0.69945,0.70258,0.69912,0.70216
2026-02-06 18:00:00+00:00,6713,0.70202,0.7024,0.70082,0.70082,0.70214,0.70252,0.70144,0.70184
2026-02-08 22:00:00+00:00,13205,0.70131,0.70371,0.70082,0.7018,0.70281,0.70385,0.7012,0.70194
2026-02-09 02:00:00+00:00,9140,0.7018,0.70328,0.70163,0.70285,0.70192,0.70342,0.70175,0.70298
2026-02-09 06:00:00+00:00,18117,0.70287,0.70448,0.70229,0.7033,0.70299,0.7046,0.70244,0.70344
2026-02-09 10:00:00+00:00,19586,0.7033,0.70614,0.70131,0.70559,0.70342,0.70629,0.70146,0.70572
2026-02-09 14:00:00+00:00,21991,0.7056,0.70919,0.70557,0.70874,0.70571,0.70932,0.70568,0.70885
2026-02-09 18:00:00+00:00,8197,0.70873,0.70982,0.7082,0.70929,0.70885,0.70996,0.70833,0.70949
2026-02-09 22:00:00+00:00,9466,0.70851,0.70938,0.70754,0.7087,0.70933,0.70968,0.70767,0.70883
2026-02-10 02:00:00+00:00,10488,0.70872,0.70898,0.70683,0.70721,0.70886,0.70912,0.70698,0.70733
2026-02-10 06:00:00+00:00,11794,0.70719,0.70804,0.70639,0.70735,0.70733,0.70817,0.70652,0.70749
2026-02-10 10:00:00+00:00,13211,0.70732,0.70789,0.70641,0.70742,0.70745,0.70803,0.70654,0.70755
2026-02-10 14:00:00+00:00,25441,0.70746,0.709,0.70677,0.70735,0.70758,0.70912,0.7069,0.70747
2026-02-10 18:00:00+00:00,9361,0.70734,0.70796,0.70658,0.70733,0.70747,0.7081,0.7067,0.70756
2026-02-10 22:00:00+00:00,7314,0.70664,0.70977,0.70662,0.70945,0.70752,0.70992,0.70711,0.70957
2026-02-11 02:00:00+00:00,12523,0.70946,0.71274,0.70934,0.71151,0.70959,0.71288,0.70948,0.71163
2026-02-11 06:00:00+00:00,12155,0.71151,0.71201,0.70978,0.71133,0.71164,0.71215,0.70992,0.71147
2026-02-11 10:00:00+00:00,27473,0.71133,0.71233,0.70709,0.71144,0.71146,0.71247,0.70726,0.71157
2026-02-11 14:00:00+00:00,47536,0.71142,0.71414,0.70916,0.71389,0.71154,0.71428,0.70929,0.71403
2026-02-11 18:00:00+00:00,14015,0.71391,0.71426,0.71216,0.71264,0.71404,0.7144,0.71229,0.71283
2026-02-11 22:00:00+00:00,9991,0.71197,0.71464,0.71187,0.71431,0.71281,0.71477,0.71198,0.71444
2026-02-12 02:00:00+00:00,12593,0.71431,0.71465,0.71112,0.71244,0.71442,0.7148,0.71124,0.71258
2026-02-12 06:00:00+00:00,15829,0.71244,0.7125,0.71044,0.71231,0.71256,0.71263,0.71057,0.71242
2026-02-12 10:00:00+00:00,13195,0.71231,0.71407,0.71171,0.71403,0.71244,0.71419,0.71185,0.71416
2026-02-12 14:00:00+00:00,48684,0.71407,0.71443,0.70835,0.70856,0.71418,0.71455,0.70849,0.7087
2026-02-12 18:00:00+00:00,19402,0.70857,0.70983,0.70751,0.70902,0.70869,0.70996,0.70765,0.70919
2026-02-12 22:00:00+00:00,9847,0.70838,0.70968,0.70804,0.70864,0.70924,0.7098,0.70815,0.70877
2026-02-13 02:00:00+00:00,10905,0.70863,0.70924,0.70664,0.70694,0.70878,0.70937,0.70676,0.70706
2026-02-13 06:00:00+00:00,16618,0.70692,0.70788,0.7043,0.70713,0.70706,0.70802,0.70444,0.70727
2026-02-13 10:00:00+00:00,25920,0.70714,0.7075,0.7043,0.70699,0.70726,0.70769,0.70456,0.70712
2026-02-13 14:00:00+00:00,49723,0.70699,0.70816,0.70465,0.70759,0.7071,0.70829,0.70479,0.70773
2026-02-13 18:00:00+00:00,14099,0.70758,0.70854,0.70646,0.70687,0.70773,0.70868,0.70658,0.70783
2026-02-15 22:00:00+00:00,9301,0.70607,0.70859,0.7054,0.70837,0.70699,0.70873,0.70607,0.70851
2026-02-16 02:00:00+00:00,9216,0.70839,0.70891,0.7079,0.70867,0.70851,0.70904,0.70802,0.70881
2026-02-16 06:00:00+00:00,11226,0.70867,0.7096,0.70809,0.70831,0.7088,0.70974,0.70822,0.70845
2026-02-16 10:00:00+00:00,8817,0.70831,0.70882,0.70765,0.70826,0.70844,0.70896,0.70778,0.7084
2026-02-16 14:00:00+00:00,8835,0.70826,0.70868,0.70666,0.70719,0.70839,0.70881,0.70679,0.70733
2026-02-16 18:00:00+00:00,1438,0.70722,0.70762,0.70703,0.70717,0.70734,0.70774,0.70717,0.70734
2026-02-16 22:00:00+00:00,8745,0.70697,0.70755,0.70553,0.7058,0.70734,0.70785,0.70566,0.70595
2026-02-17 02:00:00+00:00,11272,0.70579,0.70687,0.70456,0.70604,0.70592,0.707,0.70471,0.70619
2026-02-17 06:00:00+00:00,13823,0.70608,0.70729,0.70539,0.70721,0.70622,0.70741,0.70552,0.70735
2026-02-17 10:00:00+00:00,19162,0.70719,0.70762,0.70418,0.70443,0.70732,0.70776,0.70432,0.70456
2026-02-17 14:00:00+00:00,46084,0.70442,0.70692,0.70275,0.70654,0.70457,0.70704,0.70289,0.70668
2026-02-17 18:00:00+00:00,12199,0.70655,0.70896,0.70635,0.7085,0.70668,0.70908,0.70649,0.7087
2026-02-17 22:00:00+00:00,7610,0.70799,0.70867,0.7072,0.70754,0.70868,0.70893,0.70734,0.70768
2026-02-18 02:00:00+00:00,6614,0.70755,0.70769,0.70646,0.7068,0.70768,0.70781,0.70658,0.70693
2026-02-18 06:00:00+00:00,12605,0.70684,0.70796,0.7063,0.70772,0.70697,0.70808,0.70641,0.70785
2026-02-18 10:00:00+00:00,11843,0.70772,0.70805,0.70555,0.70555,0.70786,0.70818,0.70568,0.70569
2026-02-18 14:00:00+00:00,22088,0.70558,0.7077,0.70503,0.70637,0.70571,0.70782,0.70517,0.70651
2026-02-18 18:00:00+00:00,12306,0.70636,0.70656,0.70344,0.70419,0.70651,0.70669,0.70357,0.70436
2026-02-18 22:00:00+00:00,9363,0.70413,0.7067,0.70383,0.70664,0.70433,0.70682,0.70398,0.70677
2026-02-19 02:00:00+00:00,7319,0.70665,0.70708,0.70447,0.70531,0.70676,0.70721,0.7046,0.70544
2026-02-19 06:00:00+00:00,12052,0.70531,0.70796,0.70508,0.70595,0.70545,0.70808,0.70521,0.70608
2026-02-19 10:00:00+00:00,16676,0.70591,0.70625,0.70359,0.70521,0.70605,0.7064,0.70373,0.70534
2026-02-19 14:00:00+00:00,35577,0.70521,0.7067,0.70237,0.70491,0.70532,0.70684,0.7025,0.70504
2026-02-19 18:00:00+00:00,10566,0.70492,0.70604,0.7042,0.70568,0.70506,0.70617,0.70433,0.70593
2026-02-19 22:00:00+00:00,10129,0.70506,0.70608,0.70224,0.70309,0.7059,0.70632,0.70236,0.70324
2026-02-20 02:00:00+00:00,12068,0.70311,0.70432,0.70149,0.7043,0.70324,0.70446,0.70162,0.70443
2026-02-20 06:00:00+00:00,17352,0.70429,0.70663,0.70382,0.70577,0.70443,0.70676,0.70395,0.70591
2026-02-20 10:00:00+00:00,16736,0.70578,0.70606,0.70395,0.70514,0.7059,0.70619,0.7041,0.70527
2026-02-20 14:00:00+00:00,71111,0.70512,0.70903,0.70395,0.70757,0.70526,0.70917,0.70409,0.70771
2026-02-20 18:00:00+00:00,24545,0.70758,0.7094,0.70671,0.708,0.7077,0.70953,0.70687,0.70882
2026-02-22 22:00:00+00:00,18601,0.70719,0.71117,0.70701,0.708,0.70869,0.71128,0.7077,0.70812
2026-02-23 02:00:00+00:00,12741,0.70799,0.70812,0.70658,0.70727,0.70813,0.70825,0.70671,0.70741
2026-02-23 06:00:00+00:00,14687,0.70728,0.70902,0.70699,0.70836,0.70741,0.70915,0.70712,0.70849
2026-02-23 10:00:00+00:00,15599,0.70835,0.70837,0.70553,0.70676,0.70846,0.70849,0.70566,0.70689
2026-02-23 14:00:00+00:00,30268,0.70677,0.70817,0.70478,0.70582,0.70691,0.70829,0.70492,0.70596
2026-02-23 18:00:00+00:00,8712,0.70583,0.70664,0.70517,0.70546,0.70595,0.70677,0.70529,0.70564
2026-02-23 22:00:00+00:00,10893,0.70485,0.70653,0.70478,0.70577,0.70557,0.70664,0.70492,0.70589
2026-02-24 02:00:00+00:00,10844,0.70574,0.70728,0.70561,0.70647,0.70589,0.70742,0.70574,0.70659
2026-02-24 06:00:00+00:00,16541,0.70644,0.70731,0.70587,0.70626,0.7066,0.70744,0.706,0.7064
2026-02-24 10:00:00+00:00,13385,0.70628,0.70648,0.70314,0.7034,0.70641,0.70662,0.70328,0.70353
2026-02-24 14:00:00+00:00,24668,0.70338,0.70697,0.70259,0.70643,0.70352,0.7071,0.70273,0.70656
2026-02-24 18:00:00+00:00,5967,0.70642,0.70652,0.70565,0.70572,0.70654,0.70665,0.70578,0.70593
2026-02-24 22:00:00+00:00,11084,0.70591,0.70843,0.70568,0.70779,0.70633,0.70859,0.7058,0.70793
2026-02-25 02:00:00+00:00,16202,0.70776,0.71107,0.70775,0.711,0.70789,0.71121,0.70789,0.71113
2026-02-25 06:00:00+00:00,13188,0.711,0.71162,0.7084,0.70855,0.71112,0.71175,0.70852,0.70867
2026-02-25 10:00:00+00:00,12646,0.70857,0.70965,0.70724,0.70892,0.70868,0.70978,0.70737,0.70904
2026-02-25 14:00:00+00:00,18182,0.7089,0.71235,0.70877,0.71184,0.70903,0.7125,0.7089,0.71197
2026-02-25 18:00:00+00:00,5905,0.71185,0.71255,0.71159,0.71226,0.71199,0.71267,0.71172,0.71244
2026-02-25 22:00:00+00:00,9442,0.7119,0.7136,0.71164,0.71307,0.7124,0.71373,0.7118,0.71321
2026-02-26 02:00:00+00:00,10106,0.71306,0.71347,0.71134,0.71331,0.71319,0.71361,0.71148,0.71344
2026-02-26 06:00:00+00:00,14896,0.71335,0.71352,0.71091,0.7118,0.71346,0.71365,0.71104,0.71194
2026-02-26 10:00:00+00:00,11415,0.71179,0.71236,0.71085,0.71103,0.71192,0.7125,0.71099,0.71116
2026-02-26 14:00:00+00:00,37007,0.71101,0.71108,0.70662,0.70767,0.71112,0.71122,0.70677,0.7078
2026-02-26 18:00:00+00:00,10425,0.70768,0.71118,0.70744,0.71048,0.70782,0.71132,0.70758,0.71066
2026-02-26 22:00:00+00:00,11007,0.71003,0.71077,0.70956,0.71037,0.71065,0.71119,0.70968,0.71049
2026-02-27 02:00:00+00:00,9369,0.71037,0.71316,0.71025,0.71255,0.7105,0.71329,0.71039,0.71266
2026-02-27 06:00:00+00:00,13791,0.71254,0.7128,0.71114,0.71133,0.71266,0.71293,0.71129,0.71146
2026-02-27 10:00:00+00:00,17812,0.71136,0.71143,0.7086,0.70974,0.71147,0.71155,0.70872,0.70988
2026-02-27 14:00:00+00:00,31064,0.70975,0.71316,0.70948,0.7115,0.7099,0.71329,0.70961,0.71165
2026-02-27 18:00:00+00:00,11398,0.7115,0.71214,0.71099,0.71123,0.71163,0.71228,0.71117,0.71198
2026-03-01 22:00:00+00:00,29040,0.70431,0.71086,0.70392,0.7106,0.70478,0.711,0.70473,0.71072
2026-03-02 02:00:00+00:00,21003,0.71061,0.71162,0.70764,0.7077,0.71075,0.71176,0.70778,0.70783
2026-03-02 06:00:00+00:00,31464,0.7077,0.70911,0.70443,0.7078,0.70784,0.70926,0.70456,0.70794
2026-03-02 10:00:00+00:00,22948,0.7078,0.70972,0.70546,0.70569,0.70793,0.70984,0.7056,0.70583
2026-03-02 14:00:00+00:00,40443,0.70565,0.70869,0.70512,0.70826,0.70578,0.70884,0.70525,0.7084
2026-03-02 18:00:00+00:00,19074,0.70826,0.71054,0.70713,0.70937,0.70839,0.71067,0.70727,0.70959
2026-03-02 22:00:00+00:00,14394,0.70869,0.71222,0.70869,0.70999,0.70949,0.71235,0.70933,0.71013
2026-03-03 02:00:00+00:00,24326,0.70995,0.71137,0.70843,0.70876,0.7101,0.71152,0.70854,0.70888
2026-03-03 06:00:00+00:00,32339,0.70878,0.70967,0.70384,0.70396,0.70892,0.70979,0.70398,0.7041
2026-03-03 10:00:00+00:00,40709,0.70399,0.70458,0.69999,0.70107,0.70413,0.70471,0.70014,0.70121
2026-03-03 14:00:00+00:00,83742,0.70108,0.70284,0.69436,0.70205,0.70121,0.70299,0.6945,0.70219
2026-03-03 18:00:00+00:00,31361,0.70208,0.7057,0.70199,0.70328,0.70222,0.70584,0.70212,0.70359
2026-03-03 22:00:00+00:00,27178,0.70295,0.70449,0.69853,0.70049,0.70433,0.70464,0.69868,0.70064
2026-03-04 02:00:00+00:00,31839,0.70051,0.70215,0.69838,0.69998,0.70065,0.7023,0.69854,0.70012
2026-03-04 06:00:00+00:00,31629,0.69998,0.70441,0.69916,0.7038,0.7001,0.70455,0.69929,0.70393
2026-03-04 10:00:00+00:00,46463,0.70385,0.70727,0.7037,0.70539,0.70396,0.70743,0.70382,0.70553
2026-03-04 14:00:00+00:00,41411,0.70535,0.70765,0.70326,0.70704,0.70549,0.70779,0.70337,0.70717
2026-03-04 18:00:00+00:00,11797,0.70704,0.70828,0.70604,0.70746,0.70718,0.70841,0.70617,0.70771
2026-03-04 22:00:00+00:00,13700,0.70721,0.70886,0.70624,0.70643,0.70754,0.709,0.70637,0.70656
2026-03-05 02:00:00+00:00,22167,0.70642,0.7074,0.70382,0.70387,0.70654,0.70754,0.70397,0.70401
2026-03-05 06:00:00+00:00,39876,0.70389,0.70703,0.70107,0.70441,0.70402,0.70719,0.70121,0.70453
2026-03-05 10:00:00+00:00,26913,0.70441,0.70577,0.70234,0.7029,0.70456,0.7059,0.70248,0.70305
2026-03-05 14:00:00+00:00,56685,0.70289,0.70443,0.69775,0.69835,0.70302,0.70456,0.69788,0.6985
2026-03-05 18:00:00+00:00,32058,0.69835,0.70142,0.6973,0.70066,0.69848,0.70155,0.69746,0.70093
2026-03-05 22:00:00+00:00,12226,0.70051,0.70336,0.70049,0.70309,0.70128,0.70351,0.70078,0.70323
2026-03-06 02:00:00+00:00,15365,0.70309,0.70403,0.70267,0.70282,0.70322,0.70415,0.7028,0.70295
2026-03-06 06:00:00+00:00,21921,0.70282,0.70468,0.69967,0.69988,0.70293,0.70481,0.69981,0.70002
2026-03-06 10:00:00+00:00,43082,0.69991,0.70256,0.69808,0.69832,0.70005,0.70343,0.69822,0.69844
2026-03-06 14:00:00+00:00,76673,0.69831,0.7029,0.69762,0.70094,0.69845,0.70304,0.69777,0.70109
2026-03-06 18:00:00+00:00,31419,0.70093,0.70304,0.7009,0.7026,0.70107,0.70366,0.70102,0.70341
2026-03-08 21:00:00+00:00,26872,0.69835,0.69961,0.69558,0.69631,0.69887,0.70009,0.69573,0.69645
2026-03-09 01:00:00+00:00,35833,0.69631,0.69993,0.69555,0.69918,0.69643,0.70007,0.69569,0.69931
2026-03-09 05:00:00+00:00,42479,0.69916,0.70214,0.69811,0.69921,0.69931,0.7023,0.69826,0.69935
2026-03-09 09:00:00+00:00,46825,0.69924,0.70329,0.69877,0.70104,0.69939,0.70344,0.69888,0.70117
2026-03-09 13:00:00+00:00,61945,0.70106,0.70569,0.70106,0.70502,0.70117,0.70582,0.70117,0.70515
2026-03-09 17:00:00+00:00,32310,0.70503,0.70781,0.70329,0.7076,0.70515,0.70796,0.70341,0.70786
2026-03-09 21:00:00+00:00,14717,0.70698,0.70816,0.70608,0.70693,0.70764,0.70831,0.70621,0.70705
2026-03-10 01:00:00+00:00,23969,0.70689,0.70759,0.70528,0.70604,0.707,0.70772,0.70542,0.70615
2026-03-10 05:00:00+00:00,23673,0.70608,0.71189,0.70585,0.70952,0.70621,0.71203,0.70599,0.70963
2026-03-10 09:00:00+00:00,36339,0.7095,0.71244,0.70941,0.71145,0.70963,0.71258,0.70953,0.71158
2026-03-10 13:00:00+00:00,46475,0.71146,0.71537,0.71075,0.71493,0.71161,0.71551,0.71088,0.71507
2026-03-10 17:00:00+00:00,41523,0.71492,0.71679,0.71144,0.71179,0.71505,0.71692,0.71158,0.712
2026-03-10 21:00:00+00:00,12570,0.71159,0.71364,0.71121,0.71294,0.71216,0.71376,0.71135,0.71308
2026-03-11 01:00:00+00:00,18661,0.71294,0.71848,0.71266,0.71813,0.71307,0.71862,0.7128,0.71827
2026-03-11 05:00:00+00:00,25169,0.71809,0.71827,0.71519,0.71607,0.71823,0.7184,0.71532,0.71619
2026-03-11 09:00:00+00:00,31659,0.71605,0.71714,0.71426,0.71458,0.71618,0.71728,0.71439,0.71471
2026-03-11 13:00:00+00:00,49084,0.71456,0.71868,0.71447,0.71523,0.71471,0.71885,0.71459,0.71536
2026-03-11 17:00:00+00:00,16436,0.71526,0.71562,0.71361,0.71517,0.7154,0.71576,0.71376,0.71535
2026-03-11 21:00:00+00:00,12125,0.71509,0.71548,0.71231,0.71448,0.71544,0.71592,0.71243,0.71462
2026-03-12 01:00:00+00:00,15980,0.71447,0.71603,0.71226,0.71234,0.7146,0.71617,0.71239,0.71245
2026-03-12 05:00:00+00:00,22040,0.71232,0.71447,0.71106,0.71339,0.71245,0.71461,0.71121,0.71353
2026-03-12 09:00:00+00:00,19440,0.7134,0.71476,0.71228,0.71302,0.71353,0.7149,0.7124,0.71316
2026-03-12 13:00:00+00:00,56920,0.71303,0.71348,0.70717,0.7087,0.71316,0.71361,0.70729,0.70883
2026-03-12 17:00:00+00:00,18310,0.7087,0.70962,0.70745,0.70751,0.70884,0.70976,0.70765,0.70775
2026-03-12 21:00:00+00:00,9129,0.7076,0.70863,0.70709,0.70838,0.70806,0.70877,0.70722,0.70851
2026-03-13 01:00:00+00:00,17068,0.70837,0.70917,0.70585,0.70624,0.70849,0.7093,0.70599,0.70635
2026-03-13 05:00:00+00:00,22876,0.70627,0.70666,0.70153,0.70367,0.70639,0.70679,0.70165,0.7038
2026-03-13 09:00:00+00:00,33411,0.70367,0.70621,0.70313,0.70559,0.70382,0.70636,0.70327,0.7057
2026-03-13 13:00:00+00:00,50650,0.70556,0.70572,0.69988,0.70053,0.7057,0.70584,0.70002,0.70066
2026-03-13 17:00:00+00:00,16860,0.70053,0.70132,0.69786,0.69793,0.70067,0.70145,0.69806,0.6983
2026-03-15 21:00:00+00:00,13187,0.69903,0.70181,0.69856,0.70152,0.69948,0.70195,0.69868,0.70165
2026-03-16 01:00:00+00:00,15198,0.70151,0.70185,0.69962,0.70037,0.70165,0.70198,0.69976,0.70049
2026-03-16 05:00:00+00:00,19620,0.70038,0.70219,0.70038,0.70216,0.70051,0.70233,0.70049,0.70228
2026-03-16 09:00:00+00:00,21254,0.70212,0.70581,0.70157,0.70501,0.70226,0.70596,0.70168,0.70514
2026-03-16 13:00:00+00:00,27195,0.70501,0.70755,0.70442,0.70532,0.70515,0.70768,0.70454,0.70544
2026-03-16 17:00:00+00:00,16642,0.70535,0.70819,0.70518,0.70707,0.70547,0.70833,0.70532,0.70726
2026-03-16 21:00:00+00:00,5328,0.70703,0.70721,0.70587,0.70615,0.70722,0.70762,0.70602,0.7063
2026-03-17 01:00:00+00:00,18115,0.70615,0.7094,0.70485,0.70724,0.70629,0.70962,0.705,0.70736
2026-03-17 05:00:00+00:00,20559,0.70721,0.7089,0.70548,0.70825,0.70735,0.70905,0.70562,0.70841
2026-03-17 09:00:00+00:00,19772,0.70824,0.70972,0.70765,0.7097,0.70837,0.70985,0.70778,0.70982
2026-03-17 13:00:00+00:00,32071,0.70971,0.71178,0.70843,0.71019,0.70984,0.71191,0.70856,0.71033
2026-03-17 17:00:00+00:00,10241,0.71015,0.71148,0.71009,0.71037,0.7103,0.71162,0.71022,0.71057
2026-03-17 21:00:00+00:00,7664,0.71034,0.71135,0.70931,0.71061,0.71061,0.71148,0.71031,0.71074
2026-03-18 01:00:00+00:00,10939,0.71065,0.71178,0.70991,0.71139,0.71076,0.71192,0.71005,0.71152
2026-03-18 05:00:00+00:00,11067,0.71142,0.71228,0.71,0.71076,0.71155,0.71241,0.71014,0.71087
2026-03-18 09:00:00+00:00,22319,0.71072,0.71129,0.7057,0.70571,0.71084,0.71142,0.70584,0.70586
2026-03-18 13:00:00+00:00,35637,0.70572,0.70882,0.70449,0.70801,0.70586,0.70896,0.70464,0.70814
2026-03-18 17:00:00+00:00,25082,0.708,0.70904,0.70175,0.70224,0.70814,0.70917,0.7019,0.70249
2026-03-18 21:00:00+00:00,11830,0.70228,0.70439,0.70189,0.70439,0.70266,0.70454,0.70221,0.70454
2026-03-19 01:00:00+00:00,15337,0.7044,0.7055,0.70333,0.70374,0.70454,0.70564,0.70346,0.70386
2026-03-19 05:00:00+00:00,25770,0.70373,0.70444,0.70226,0.70363,0.70386,0.70457,0.70239,0.70376
2026-03-19 09:00:00+00:00,41321,0.70366,0.70628,0.70104,0.70185,0.70378,0.70645,0.70118,0.70199
2026-03-19 13:00:00+00:00,70898,0.70184,0.70601,0.6999,0.70465,0.70195,0.70614,0.70004,0.70479
2026-03-19 17:00:00+00:00,34677,0.70467,0.71084,0.70372,0.7087,0.7048,0.71098,0.70383,0.70895
2026-03-19 21:00:00+00:00,9008,0.70856,0.70919,0.70727,0.7082,0.70906,0.70931,0.7074,0.70831
2026-03-20 01:00:00+00:00,14756,0.70817,0.70919,0.70782,0.70872,0.70829,0.70932,0.70795,0.70884
2026-03-20 05:00:00+00:00,19495,0.70873,0.70966,0.70744,0.7086,0.70886,0.70978,0.70756,0.70872
2026-03-20 09:00:00+00:00,29687,0.70859,0.70868,0.70517,0.70739,0.7087,0.70881,0.70532,0.70752
2026-03-20 13:00:00+00:00,44990,0.70739,0.7075,0.70256,0.70381,0.70754,0.70764,0.70271,0.70395
2026-03-20 17:00:00+00:00,26068,0.70384,0.70433,0.70046,0.70184,0.70395,0.70448,0.7006,0.70249
2026-03-22 21:00:00+00:00,16907,0.69985,0.70148,0.69875,0.6994,0.70099,0.70162,0.69888,0.69954
2026-03-23 01:00:00+00:00,29145,0.6994,0.70087,0.69753,0.69786,0.69952,0.70103,0.69768,0.698
2026-03-23 05:00:00+00:00,32823,0.69789,0.69813,0.6949,0.69663,0.69803,0.69827,0.69504,0.69675
2026-03-23 09:00:00+00:00,132873,0.69664,0.70429,0.691,0.70298,0.69675,0.70449,0.69114,0.70311
2026-03-23 13:00:00+00:00,114315,0.70299,0.7062,0.69825,0.70031,0.70314,0.70634,0.69836,0.70047
2026-03-23 17:00:00+00:00,40082,0.70032,0.70286,0.69997,0.70091,0.70047,0.70301,0.70012,0.70122
2026-03-23 21:00:00+00:00,18057,0.70087,0.7024,0.69677,0.69865,0.70236,0.70256,0.69694,0.6988
2026-03-24 01:00:00+00:00,32652,0.69866,0.69934,0.69591,0.69654,0.69879,0.69948,0.69604,0.69668
2026-03-24 05:00:00+00:00,41089,0.69656,0.70142,0.69548,0.69623,0.69668,0.70156,0.69562,0.69638
2026-03-24 09:00:00+00:00,34190,0.69625,0.69798,0.69509,0.69557,0.69639,0.6981,0.69523,0.69571
2026-03-24 13:00:00+00:00,63760,0.69557,0.69884,0.69443,0.69646,0.6957,0.69897,0.69456,0.69661
2026-03-24 17:00:00+00:00,45455,0.69646,0.70131,0.69378,0.69964,0.69659,0.70147,0.6939,0.69985
2026-03-24 21:00:00+00:00,15943,0.69877,0.70032,0.69815,0.69946,0.69951,0.70048,0.6983,0.69959
2026-03-25 01:00:00+00:00,21915,0.69944,0.69984,0.6969,0.69738,0.69956,0.69998,0.69704,0.69751
2026-03-25 05:00:00+00:00,24478,0.6974,0.69893,0.69604,0.69801,0.69751,0.69904,0.69619,0.69812
2026-03-25 09:00:00+00:00,25570,0.698,0.69849,0.69502,0.69585,0.69812,0.6986,0.69516,0.69599
2026-03-25 13:00:00+00:00,44577,0.69588,0.69706,0.69422,0.6959,0.69599,0.69719,0.69435,0.69604
2026-03-25 17:00:00+00:00,20254,0.69591,0.69703,0.69451,0.69458,0.69604,0.69717,0.69463,0.69478
2026-03-25 21:00:00+00:00,7495,0.69479,0.69513,0.6936,0.69377,0.69539,0.69539,0.69372,0.6939
2026-03-26 01:00:00+00:00,14743,0.69377,0.69564,0.69313,0.69532,0.69391,0.69576,0.69328,0.69545
2026-03-26 05:00:00+00:00,18819,0.69536,0.69555,0.69313,0.6942,0.69547,0.69568,0.69327,0.69433
2026-03-26 09:00:00+00:00,21213,0.69419,0.69435,0.69008,0.69039,0.69434,0.69449,0.69021,0.69052
2026-03-26 13:00:00+00:00,40474,0.69038,0.69284,0.68957,0.68989,0.6905,0.69298,0.6897,0.69
2026-03-26 17:00:00+00:00,25080,0.68986,0.6918,0.6875,0.68864,0.68998,0.69197,0.68764,0.68887
2026-03-26 21:00:00+00:00,9670,0.68871,0.68954,0.6872,0.68744,0.68946,0.69016,0.68733,0.68757
2026-03-27 01:00:00+00:00,13787,0.68744,0.69114,0.68713,0.69099,0.68756,0.69127,0.68727,0.6911
2026-03-27 05:00:00+00:00,17515,0.69096,0.69115,0.68821,0.68957,0.69107,0.69129,0.68834,0.68971
2026-03-27 09:00:00+00:00,19205,0.68957,0.6901,0.68806,0.68863,0.68969,0.69023,0.68819,0.68876
2026-03-27 13:00:00+00:00,35414,0.68867,0.69015,0.68762,0.68833,0.68879,0.69028,0.68775,0.68847
2026-03-27 17:00:00+00:00,18856,0.68833,0.68941,0.68636,0.68687,0.68846,0.68955,0.68649,0.68776
2026-03-29 21:00:00+00:00,21372,0.68633,0.68671,0.68423,0.68523,0.68688,0.68742,0.68436,0.68537
2026-03-30 01:00:00+00:00,20270,0.68524,0.68733,0.68482,0.68662,0.68539,0.68746,0.68495,0.68676
2026-03-30 05:00:00+00:00,18261,0.68664,0.68737,0.68475,0.68532,0.68677,0.6875,0.68487,0.68544
2026-03-30 09:00:00+00:00,19532,0.68535,0.68688,0.68471,0.68615,0.68548,0.68702,0.68483,0.68628
2026-03-30 13:00:00+00:00,35518,0.68614,0.68651,0.68328,0.68553,0.68628,0.68663,0.68341,0.68567
2026-03-30 17:00:00+00:00,13038,0.68555,0.68606,0.68411,0.68517,0.68568,0.68621,0.68425,0.68536
2026-03-30 21:00:00+00:00,16021,0.68473,0.68637,0.68335,0.68564,0.6852,0.68649,0.68348,0.68578
2026-03-31 01:00:00+00:00,27205,0.68561,0.68743,0.68434,0.68434,0.68573,0.68758,0.68447,0.68447
2026-03-31 05:00:00+00:00,22087,0.68433,0.68686,0.68382,0.68606,0.68448,0.68699,0.68395,0.6862
2026-03-31 09:00:00+00:00,29080,0.68606,0.68898,0.68492,0.68757,0.68619,0.68911,0.68505,0.6877
2026-03-31 13:00:00+00:00,54889,0.6876,0.68981,0.68345,0.68846,0.68771,0.68996,0.6836,0.68861
2026-03-31 17:00:00+00:00,33140,0.68848,0.69033,0.68816,0.68994,0.68862,0.69046,0.68828,0.69016
2026-03-31 21:00:00+00:00,9277,0.68921,0.69298,0.68919,0.69267,0.69004,0.6931,0.6898,0.69282
2026-04-01 01:00:00+00:00,16251,0.69269,0.69276,0.68992,0.69022,0.69282,0.69287,0.69006,0.69036
2026-04-01 05:00:00+00:00,30076,0.69021,0.69522,0.69007,0.69408,0.69034,0.69535,0.69022,0.6942
2026-04-01 09:00:00+00:00,24300,0.69411,0.69619,0.69338,0.69403,0.69422,0.69635,0.69351,0.69416
2026-04-01 13:00:00+00:00,41997,0.69405,0.69549,0.69327,0.69458,0.69419,0.69563,0.6934,0.69471
2026-04-01 17:00:00+00:00,16537,0.69462,0.69505,0.69122,0.6928,0.69475,0.69517,0.69135,0.69299
2026-04-01 21:00:00+00:00,9516,0.69205,0.69343,0.69189,0.69302,0.69272,0.69356,0.69203,0.69316
2026-04-02 01:00:00+00:00,53070,0.69301,0.69403,0.68734,0.68782,0.69314,0.69418,0.68746,0.68795
2026-04-02 05:00:00+00:00,20982,0.68782,0.6885,0.68653,0.68744,0.68796,0.68863,0.68668,0.68756
2026-04-02 09:00:00+00:00,18692,0.68748,0.68863,0.68592,0.68808,0.68759,0.68876,0.68604,0.68821
2026-04-02 13:00:00+00:00,46343,0.68809,0.69176,0.68752,0.69085,0.68823,0.69189,0.68766,0.69099
2026-04-02 17:00:00+00:00,12015,0.69082,0.69147,0.69023,0.69097,0.69095,0.69161,0.69037,0.69116
2026-04-02 21:00:00+00:00,4198,0.68922,0.69153,0.68922,0.69124,0.69072,0.69167,0.69072,0.69137
2026-04-03 01:00:00+00:00,3028,0.69125,0.69131,0.6904,0.69059,0.69137,0.69144,0.69054,0.69073
2026-04-03 05:00:00+00:00,3840,0.69059,0.69144,0.69028,0.69082,0.6907,0.6916,0.69039,0.69097
2026-04-03 09:00:00+00:00,8175,0.69083,0.69106,0.68907,0.68992,0.69097,0.69137,0.68973,0.69005
2026-04-03 13:00:00+00:00,6536,0.68995,0.69059,0.68897,0.68906,0.69009,0.69073,0.6891,0.68918
2026-04-03 17:00:00+00:00,5547,0.68906,0.6894,0.68803,0.68875,0.6892,0.69088,0.68861,0.69025
2026-04-05 21:00:00+00:00,16435,0.6881,0.68954,0.68755,0.68948,0.68953,0.68969,0.6877,0.68961
2026-04-06 01:00:00+00:00,15213,0.68948,0.6916,0.68911,0.69087,0.68963,0.69174,0.68926,0.691
2026-04-06 05:00:00+00:00,15790,0.69087,0.69344,0.69049,0.69304,0.69101,0.69359,0.69061,0.69318
2026-04-06 09:00:00+00:00,14940,0.69305,0.69355,0.69178,0.69276,0.69318,0.69369,0.69194,0.6929
2026-04-06 13:00:00+00:00,30944,0.69274,0.69374,0.69108,0.69152,0.6929,0.69388,0.69123,0.69168
2026-04-06 17:00:00+00:00,15238,0.69152,0.69241,0.69052,0.69172,0.69169,0.69255,0.69067,0.69193
2026-04-06 21:00:00+00:00,8222,0.69151,0.69225,0.69106,0.69109,0.69184,0.6924,0.69119,0.69123
2026-04-07 01:00:00+00:00,16605,0.69109,0.69193,0.68978,0.69169,0.69122,0.69207,0.68991,0.69182
2026-04-07 05:00:00+00:00,23981,0.69171,0.69481,0.69084,0.69452,0.69183,0.69495,0.69098,0.69464
2026-04-07 09:00:00+00:00,30023,0.6945,0.69465,0.69236,0.69371,0.69461,0.69477,0.69251,0.69384
2026-04-07 13:00:00+00:00,39054,0.69371,0.69518,0.6924,0.69454,0.69383,0.69532,0.69253,0.69467
2026-04-07 17:00:00+00:00,27110,0.69453,0.69784,0.69435,0.6975,0.69467,0.69796,0.69448,0.69772
2026-04-07 21:00:00+00:00,46974,0.69652,0.70839,0.69637,0.70528,0.69751,0.70855,0.69668,0.7054
2026-04-08 01:00:00+00:00,24835,0.70527,0.70721,0.70421,0.70669,0.7054,0.70735,0.70435,0.70681
2026-04-08 05:00:00+00:00,25287,0.70667,0.70826,0.70319,0.70438,0.70681,0.70841,0.70334,0.70454
2026-04-08 09:00:00+00:00,22509,0.70441,0.70732,0.70324,0.70702,0.70456,0.70746,0.70338,0.70715
2026-04-08 13:00:00+00:00,43531,0.70697,0.70776,0.70428,0.70599,0.70712,0.70791,0.70442,0.70613
2026-04-08 17:00:00+00:00,21328,0.70599,0.7062,0.70281,0.70426,0.70612,0.70633,0.70294,0.70446
2026-04-08 21:00:00+00:00,8201,0.70377,0.70472,0.70294,0.70347,0.70527,0.70569,0.70308,0.7036
2026-04-09 01:00:00+00:00,13811,0.70346,0.70458,0.70243,0.70396,0.7036,0.70471,0.70257,0.7041
2026-04-09 05:00:00+00:00,18252,0.70395,0.70446,0.70219,0.7026,0.7041,0.70457,0.70234,0.70274
2026-04-09 09:00:00+00:00,15843,0.7026,0.70455,0.70216,0.70407,0.70273,0.70468,0.70229,0.70419
2026-04-09 13:00:00+00:00,33174,0.70408,0.70917,0.7039,0.70851,0.70422,0.7093,0.70404,0.70865
2026-04-09 17:00:00+00:00,15807,0.70851,0.70943,0.70724,0.70826,0.70863,0.70955,0.70738,0.70848
2026-04-09 21:00:00+00:00,6518,0.70767,0.70857,0.70696,0.70751,0.70837,0.70908,0.7071,0.70764
2026-04-10 01:00:00+00:00,9237,0.70752,0.70826,0.70648,0.70664,0.70764,0.7084,0.70661,0.70678
2026-04-10 05:00:00+00:00,11884,0.70663,0.70724,0.70528,0.70575,0.70678,0.70738,0.70542,0.70589
2026-04-10 09:00:00+00:00,18609,0.70577,0.70826,0.70565,0.70757,0.7059,0.70859,0.70578,0.70772
2026-04-10 13:00:00+00:00,26469,0.70757,0.70931,0.70643,0.70707,0.7077,0.70945,0.70657,0.70719
2026-04-10 17:00:00+00:00,12151,0.70704,0.70816,0.7053,0.70578,0.70718,0.70829,0.70568,0.707
2026-04-12 21:00:00+00:00,14044,0.69899,0.70332,0.69899,0.70332,0.69992,0.70346,0.69954,0.70346
2026-04-13 01:00:00+00:00,12687,0.70333,0.70418,0.70271,0.7036,0.70346,0.7043,0.70283,0.70375
2026-04-13 05:00:00+00:00,14911,0.70361,0.70581,0.70338,0.70516,0.70374,0.70595,0.70352,0.7053
2026-04-13 09:00:00+00:00,13999,0.70519,0.70549,0.70288,0.70431,0.7053,0.70562,0.703,0.70443
2026-04-13 13:00:00+00:00,33744,0.70432,0.70836,0.70415,0.70805,0.70446,0.70851,0.70428,0.70819
2026-04-13 17:00:00+00:00,9657,0.70807,0.71,0.70806,0.7095,0.70819,0.71013,0.70819,0.7097
2026-04-13 21:00:00+00:00,6451,0.70885,0.71019,0.70863,0.70896,0.70956,0.71031,0.70875,0.7091
2026-04-14 01:00:00+00:00,9049,0.70896,0.70908,0.7078,0.70876,0.70911,0.70921,0.70794,0.70889
2026-04-14 05:00:00+00:00,16795,0.7088,0.71069,0.70765,0.71036,0.70892,0.71083,0.70778,0.7105
2026-04-14 09:00:00+00:00,17009,0.71038,0.71361,0.71033,0.71357,0.71051,0.71374,0.71046,0.7137
2026-04-14 13:00:00+00:00,22383,0.71356,0.71473,0.71273,0.71286,0.7137,0.71487,0.71287,0.713
2026-04-14 17:00:00+00:00,8184,0.71287,0.71348,0.71236,0.71257,0.71299,0.71362,0.7125,0.71276
2026-04-14 21:00:00+00:00,6671,0.71126,0.71325,0.71126,0.7125,0.71272,0.71338,0.7122,0.71264
2026-04-15 01:00:00+00:00,8558,0.71249,0.71334,0.71217,0.71324,0.71264,0.71348,0.7123,0.71337
2026-04-15 05:00:00+00:00,12896,0.71322,0.71476,0.71322,0.71433,0.71336,0.7149,0.71336,0.71446
2026-04-15 09:00:00+00:00,18227,0.71433,0.71474,0.71289,0.71382,0.71448,0.71487,0.71304,0.71395
2026-04-15 13:00:00+00:00,20996,0.71382,0.71678,0.71382,0.71658,0.71396,0.71691,0.71396,0.71671
2026-04-15 17:00:00+00:00,8901,0.71658,0.71772,0.71605,0.71698,0.71672,0.71784,0.71617,0.71715
2026-04-15 21:00:00+00:00,5282,0.71573,0.71773,0.71573,0.71756,0.71722,0.71786,0.71705,0.71768
2026-04-16 01:00:00+00:00,13682,0.71755,0.71969,0.71624,0.71881,0.71766,0.71983,0.71637,0.71895
2026-04-16 05:00:00+00:00,16412,0.7188,0.71906,0.71683,0.7174,0.71893,0.7192,0.71695,0.71754
2026-04-16 09:00:00+00:00,14647,0.71736,0.71752,0.71636,0.71716,0.71748,0.71765,0.71649,0.7173
2026-04-16 13:00:00+00:00,29576,0.71719,0.71775,0.71523,0.71582,0.71732,0.71789,0.7154,0.71597
2026-04-16 17:00:00+00:00,12266,0.71584,0.71629,0.71515,0.71609,0.71598,0.71643,0.71529,0.71633
2026-04-16 21:00:00+00:00,7610,0.71558,0.71646,0.715,0.71604,0.71708,0.71717,0.71547,0.71618
2026-04-17 01:00:00+00:00,7187,0.71603,0.7169,0.71581,0.71679,0.71616,0.71703,0.71595,0.71692
2026-04-17 05:00:00+00:00,11394,0.71678,0.71805,0.71602,0.71791,0.71692,0.71818,0.71616,0.71804
2026-04-17 09:00:00+00:00,17715,0.71788,0.72111,0.71666,0.72106,0.718,0.72128,0.71679,0.72121
2026-04-17 13:00:00+00:00,42746,0.72107,0.72212,0.71842,0.71878,0.72123,0.72228,0.71854,0.71889
2026-04-17 17:00:00+00:00,14929,0.71875,0.71878,0.7162,0.7162,0.71888,0.71891,0.71668,0.71728
2026-04-19 21:00:00+00:00,13561,0.71248,0.71498,0.71148,0.71491,0.71296,0.71512,0.71175,0.71505
2026-04-20 01:00:00+00:00,11376,0.71492,0.71581,0.71456,0.71553,0.71507,0.71595,0.7147,0.71566
2026-04-20 05:00:00+00:00,20217,0.71548,0.71648,0.71415,0.7149,0.71562,0.7166,0.71429,0.71503
2026-04-20 09:00:00+00:00,17591,0.71489,0.71638,0.71489,0.71578,0.71501,0.71653,0.71501,0.71591
2026-04-20 13:00:00+00:00,30821,0.71581,0.71767,0.71532,0.71721,0.71592,0.7178,0.71548,0.71734
2026-04-20 17:00:00+00:00,8998,0.71722,0.71795,0.71697,0.71775,0.71736,0.7181,0.7171,0.71794
2026-04-20 21:00:00+00:00,7186,0.7171,0.71821,0.71685,0.71733,0.71786,0.71835,0.71699,0.71744
2026-04-21 01:00:00+00:00,9402,0.71733,0.71817,0.71644,0.71659,0.71747,0.71829,0.71656,0.71673
2026-04-21 05:00:00+00:00,15643,0.71659,0.71723,0.71429,0.71548,0.71674,0.71736,0.71443,0.71563
2026-04-21 09:00:00+00:00,14761,0.71548,0.71655,0.71482,0.71596,0.71561,0.71669,0.71496,0.71609
2026-04-21 13:00:00+00:00,29816,0.71595,0.71856,0.71499,0.715,0.71609,0.71868,0.71512,0.71514
2026-04-21 17:00:00+00:00,35863,0.71499,0.71631,0.71296,0.71531,0.71511,0.71646,0.7131,0.71554
2026-04-21 21:00:00+00:00,6354,0.71464,0.71633,0.71451,0.71602,0.71555,0.71647,0.71493,0.71616
2026-04-22 01:00:00+00:00,8731,0.71603,0.71631,0.71524,0.71563,0.71616,0.71644,0.71538,0.71575
2026-04-22 05:00:00+00:00,14596,0.71563,0.71757,0.71558,0.71645,0.71577,0.71771,0.71572,0.71658
2026-04-22 09:00:00+00:00,13606,0.71642,0.71677,0.71456,0.71478,0.71656,0.71692,0.7147,0.71491
2026-04-22 13:00:00+00:00,20963,0.71478,0.71692,0.7146,0.71574,0.7149,0.71706,0.71473,0.71588
2026-04-22 17:00:00+00:00,9315,0.71573,0.71645,0.7155,0.71602,0.71588,0.71658,0.71564,0.71619
2026-04-22 21:00:00+00:00,13181,0.71532,0.71663,0.71361,0.71619,0.71632,0.71676,0.71375,0.7163
2026-04-23 01:00:00+00:00,17431,0.71613,0.71625,0.71359,0.71477,0.71625,0.71637,0.71373,0.7149
2026-04-23 05:00:00+00:00,13547,0.71476,0.71577,0.71463,0.71531,0.7149,0.7159,0.71477,0.71545
2026-04-23 09:00:00+00:00,20234,0.71531,0.7154,0.71324,0.71455,0.71543,0.71556,0.71338,0.71468
2026-04-23 13:00:00+00:00,24766,0.71456,0.71628,0.71371,0.71544,0.7147,0.71642,0.71386,0.71557
2026-04-23 17:00:00+00:00,38074,0.71545,0.71559,0.71104,0.71276,0.71557,0.71572,0.71119,0.71291
2026-04-23 21:00:00+00:00,5412,0.71269,0.71348,0.71224,0.71317,0.71379,0.71386,0.71278,0.71331
2026-04-24 01:00:00+00:00,13197,0.71319,0.71355,0.71142,0.7124,0.71332,0.71369,0.71154,0.71254
2026-04-24 05:00:00+00:00,13821,0.71243,0.71372,0.71196,0.71317,0.71255,0.71385,0.71208,0.7133
2026-04-24 09:00:00+00:00,17845,0.71319,0.71513,0.7126,0.7135,0.71331,0.71527,0.71273,0.71363
2026-04-24 13:00:00+00:00,26998,0.7135,0.71547,0.71251,0.71511,0.71364,0.7156,0.71264,0.71522
2026-04-24 17:00:00+00:00,9016,0.7151,0.71547,0.71438,0.71443,0.71522,0.71558,0.7147,0.71514
2026-04-26 21:00:00+00:00,5432,0.71287,0.71571,0.71272,0.71569,0.71335,0.71584,0.71331,0.71582
2026-04-27 01:00:00+00:00,11184,0.7157,0.7177,0.7157,0.71674,0.71584,0.71784,0.71584,0.71688
2026-04-27 05:00:00+00:00,13239,0.71677,0.71893,0.71567,0.71874,0.71691,0.71907,0.7158,0.71886
2026-04-27 09:00:00+00:00,9519,0.71876,0.71953,0.7182,0.71874,0.71889,0.71964,0.71833,0.71887
2026-04-27 13:00:00+00:00,17043,0.71873,0.71996,0.71823,0.71891,0.71888,0.72008,0.71835,0.71904
2026-04-27 17:00:00+00:00,6368,0.71891,0.71931,0.71839,0.7185,0.71903,0.71945,0.71852,0.71864
2026-04-27 21:00:00+00:00,4751,0.71793,0.71943,0.71785,0.71905,0.71866,0.71955,0.71852,0.71919
2026-04-28 01:00:00+00:00,10948,0.71904,0.71912,0.71734,0.71821,0.71917,0.71923,0.71746,0.71833
2026-04-28 05:00:00+00:00,17746,0.71822,0.71832,0.71617,0.71776,0.71835,0.71845,0.7163,0.71788
2026-04-28 09:00:00+00:00,21248,0.71773,0.71775,0.71503,0.71647,0.71786,0.71787,0.71516,0.7166
2026-04-28 13:00:00+00:00,26195,0.71646,0.7182,0.71595,0.71804,0.7166,0.71833,0.7161,0.71816
2026-04-28 17:00:00+00:00,7648,0.71804,0.71863,0.71768,0.71812,0.71815,0.71876,0.7178,0.71826
2026-04-28 21:00:00+00:00,4598,0.7174,0.71891,0.71723,0.71853,0.71837,0.71904,0.71812,0.71868
2026-04-29 01:00:00+00:00,14265,0.71857,0.71857,0.7159,0.71627,0.71869,0.7187,0.71603,0.7164
2026-04-29 05:00:00+00:00,13777,0.71627,0.71662,0.71538,0.71551,0.71642,0.71675,0.71551,0.71564
2026-04-29 09:00:00+00:00,12810,0.71551,0.71657,0.71485,0.71548,0.71563,0.71671,0.71498,0.7156
2026-04-29 13:00:00+00:00,27466,0.71547,0.71592,0.71178,0.71265,0.71561,0.71606,0.71192,0.71278
2026-04-29 17:00:00+00:00,29494,0.71263,0.71328,0.71011,0.71153,0.71277,0.71342,0.71024,0.71175
2026-04-29 21:00:00+00:00,7248,0.7108,0.71323,0.7108,0.71212,0.71183,0.71336,0.71145,0.71224
2026-04-30 01:00:00+00:00,16119,0.71208,0.71301,0.71147,0.71153,0.7122,0.71315,0.71161,0.71166
2026-04-30 05:00:00+00:00,19299,0.71154,0.71391,0.71095,0.71292,0.71168,0.71404,0.71108,0.71305
2026-04-30 09:00:00+00:00,33259,0.71292,0.71664,0.71266,0.71492,0.71306,0.71678,0.7128,0.71505
2026-04-30 13:00:00+00:00,32913,0.71492,0.7191,0.71492,0.71817,0.71506,0.71923,0.71505,0.7183
2026-04-30 17:00:00+00:00,12601,0.7182,0.72027,0.718,0.72007,0.71832,0.72041,0.71813,0.72027
2026-04-30 21:00:00+00:00,5769,0.71906,0.72044,0.71906,0.72002,0.71996,0.72056,0.71963,0.72016
2026-05-01 01:00:00+00:00,6511,0.72002,0.72045,0.71892,0.71904,0.72015,0.72059,0.71905,0.71919
2026-05-01 05:00:00+00:00,14116,0.71903,0.72023,0.71856,0.71945,0.71916,0.72037,0.7187,0.71958
2026-05-01 09:00:00+00:00,14250,0.71946,0.72079,0.71829,0.72021,0.71961,0.72092,0.71842,0.72033
2026-05-01 13:00:00+00:00,27527,0.72018,0.72273,0.71997,0.72109,0.72032,0.72287,0.7201,0.72121
2026-05-01 17:00:00+00:00,11796,0.72108,0.72151,0.71938,0.71962,0.72122,0.72165,0.71997,0.72085
2026-05-03 21:00:00+00:00,6603,0.72088,0.72198,0.72046,0.72089,0.72238,0.72264,0.72066,0.72103
2026-05-04 01:00:00+00:00,12549,0.72087,0.72169,0.72003,0.72073,0.72102,0.72183,0.72016,0.72086
2026-05-04 05:00:00+00:00,14697,0.72072,0.72095,0.71873,0.71941,0.72083,0.72109,0.71887,0.71955
2026-05-04 09:00:00+00:00,25568,0.71943,0.71992,0.71675,0.71872,0.71956,0.72004,0.71688,0.71885
2026-05-04 13:00:00+00:00,31803,0.71871,0.71946,0.71527,0.71571,0.71885,0.71957,0.71542,0.71585
2026-05-04 17:00:00+00:00,12345,0.71574,0.71741,0.71566,0.71661,0.71586,0.71755,0.7158,0.7168
2026-05-04 21:00:00+00:00,4716,0.71656,0.71709,0.71573,0.71592,0.71757,0.71759,0.71587,0.71606
2026-05-05 01:00:00+00:00,9883,0.71592,0.71704,0.71509,0.71511,0.71605,0.71715,0.71522,0.71525
2026-05-05 05:00:00+00:00,16626,0.71508,0.71631,0.71351,0.71569,0.71522,0.71643,0.71364,0.71582
2026-05-05 09:00:00+00:00,14910,0.71568,0.71821,0.71529,0.71747,0.71582,0.71835,0.71543,0.71759
2026-05-05 13:00:00+00:00,19360,0.71746,0.71973,0.71746,0.71866,0.71759,0.71985,0.71759,0.71879
2026-05-05 17:00:00+00:00,6583,0.71866,0.71906,0.71807,0.71819,0.71878,0.71918,0.71821,0.71834
2026-05-05 21:00:00+00:00,11739,0.71774,0.72235,0.71773,0.72231,0.7185,0.72248,0.71813,0.72244
2026-05-06 01:00:00+00:00,17954,0.72232,0.72502,0.72203,0.72436,0.72243,0.72515,0.72216,0.72449
2026-05-06 05:00:00+00:00,20143,0.72436,0.7267,0.72322,0.72597,0.7245,0.72684,0.72335,0.72612
2026-05-06 09:00:00+00:00,30954,0.72598,0.7277,0.72312,0.72371,0.72611,0.72784,0.72324,0.72386
2026-05-06 13:00:00+00:00,26521,0.72372,0.7247,0.72234,0.72263,0.72386,0.72482,0.72249,0.72274
2026-05-06 17:00:00+00:00,8637,0.7226,0.72407,0.72252,0.72367,0.72273,0.72421,0.72264,0.72383
2026-05-06 21:00:00+00:00,7361,0.72306,0.72396,0.7229,0.72349,0.72456,0.72508,0.72327,0.72362
2026-05-07 01:00:00+00:00,12571,0.72351,0.72499,0.72312,0.72468,0.72363,0.72513,0.72325,0.72483
2026-05-07 05:00:00+00:00,15740,0.72469,0.72636,0.724,0.72585,0.72482,0.72649,0.72413,0.72597
2026-05-07 09:00:00+00:00,13209,0.72583,0.72633,0.725,0.72522,0.72596,0.72645,0.72512,0.72535
2026-05-07 13:00:00+00:00,25116,0.72522,0.72577,0.72324,0.72381,0.72534,0.72589,0.72337,0.72393
2026-05-07 17:00:00+00:00,23909,0.72382,0.7241,0.72036,0.72053,0.72396,0.72425,0.72054,0.72067
2026-05-07 21:00:00+00:00,8964,0.72055,0.72114,0.71995,0.72069,0.72119,0.72128,0.7201,0.72083
2026-05-08 01:00:00+00:00,12977,0.72072,0.72215,0.72032,0.72199,0.72084,0.72228,0.72047,0.72212
2026-05-08 05:00:00+00:00,15005,0.72199,0.72354,0.72171,0.72336,0.72213,0.7237,0.72184,0.7235
2026-05-08 09:00:00+00:00,15687,0.72341,0.72484,0.72235,0.72378,0.72354,0.72498,0.72292,0.72392
2026-05-08 13:00:00+00:00,22778,0.72375,0.72478,0.72284,0.72401,0.72388,0.72491,0.72298,0.72414
2026-05-08 17:00:00+00:00,8180,0.72398,0.72485,0.72397,0.7243,0.72412,0.7252,0.72408,0.72516
2026-05-10 21:00:00+00:00,10566,0.72185,0.72397,0.72128,0.72373,0.72281,0.72411,0.72205,0.72387
2026-05-11 01:00:00+00:00,9796,0.72374,0.72389,0.72246,0.72266,0.72386,0.72402,0.72261,0.7228
2026-05-11 05:00:00+00:00,11248,0.72268,0.72472,0.72259,0.72378,0.7228,0.72484,0.72273,0.72391
2026-05-11 09:00:00+00:00,10402,0.72374,0.7248,0.72351,0.72428,0.72388,0.72493,0.72364,0.72441
2026-05-11 13:00:00+00:00,16705,0.72429,0.7259,0.72422,0.725,0.72443,0.72603,0.72437,0.72514
2026-05-11 17:00:00+00:00,7294,0.72501,0.7255,0.72436,0.72487,0.72514,0.72562,0.7245,0.72504
2026-05-11 21:00:00+00:00,5820,0.72478,0.72514,0.72325,0.72344,0.7251,0.72532,0.72339,0.72356
2026-05-12 01:00:00+00:00,10420,0.72341,0.72375,0.72217,0.72314,0.72355,0.72389,0.72232,0.72328
2026-05-12 05:00:00+00:00,16636,0.72314,0.72343,0.72083,0.72169,0.72327,0.72357,0.72095,0.72183
2026-05-12 09:00:00+00:00,15218,0.72165,0.72324,0.72141,0.72303,0.7218,0.72337,0.72154,0.72316
2026-05-12 13:00:00+00:00,24702,0.72303,0.72316,0.72137,0.72152,0.72315,0.72328,0.72152,0.72163
2026-05-12 17:00:00+00:00,10753,0.72152,0.72414,0.72149,0.72394,0.72165,0.72426,0.72163,0.72412
2026-05-12 21:00:00+00:00,5012,0.72398,0.72415,0.7232,0.72361,0.72411,0.7243,0.72334,0.72375
2026-05-13 01:00:00+00:00,9503,0.7236,0.72472,0.72302,0.72344,0.72373,0.72484,0.72315,0.72357
2026-05-13 05:00:00+00:00,12094,0.72344,0.72422,0.72322,0.72405,0.72356,0.72435,0.72335,0.7242
2026-05-13 09:00:00+00:00,14356,0.72406,0.72528,0.72346,0.72412,0.72418,0.72541,0.72359,0.72426
2026-05-13 13:00:00+00:00,21911,0.72414,0.72711,0.72393,0.72595,0.72427,0.72724,0.72406,0.7261
2026-05-13 17:00:00+00:00,9903,0.72596,0.72635,0.725,0.72573,0.72608,0.72648,0.72515,0.72591
2026-05-13 21:00:00+00:00,6474,0.72568,0.72604,0.7248,0.72508,0.72659,0.72667,0.72493,0.72521
2026-05-14 01:00:00+00:00,9379,0.72508,0.72594,0.72432,0.72558,0.7252,0.72606,0.72446,0.72572
2026-05-14 05:00:00+00:00,14167,0.7256,0.72638,0.72402,0.7252,0.72573,0.72651,0.72415,0.72532
2026-05-14 09:00:00+00:00,12488,0.7252,0.72533,0.72341,0.72341,0.72534,0.72546,0.72354,0.72354
2026-05-14 13:00:00+00:00,20511,0.72341,0.72357,0.72153,0.72206,0.72355,0.7237,0.72168,0.7222
2026-05-14 17:00:00+00:00,10459,0.72205,0.72264,0.7217,0.72193,0.7222,0.72276,0.72184,0.72212
2026-05-14 21:00:00+00:00,7009,0.72195,0.72223,0.72007,0.72053,0.72244,0.72246,0.7202,0.72067
2026-05-15 01:00:00+00:00,14673,0.72053,0.72068,0.71805,0.71808,0.72066,0.72082,0.71818,0.71821
2026-05-15 05:00:00+00:00,21605,0.7181,0.7181,0.71542,0.71563,0.71821,0.71823,0.71556,0.71574
2026-05-15 09:00:00+00:00,20392,0.71566,0.71795,0.71392,0.71527,0.71578,0.71808,0.71406,0.7154
2026-05-15 13:00:00+00:00,27253,0.71527,0.71657,0.71429,0.71561,0.71539,0.7167,0.71442,0.71574
2026-05-15 17:00:00+00:00,12501,0.71562,0.71628,0.71433,0.71448,0.71574,0.71641,0.71455,0.71516
2026-05-17 21:00:00+00:00,12086,0.71453,0.71528,0.71181,0.71241,0.71603,0.71613,0.71193,0.71254
2026-05-18 01:00:00+00:00,15994,0.71241,0.71373,0.71195,0.7131,0.71255,0.71386,0.71209,0.71323
2026-05-18 05:00:00+00:00,17825,0.71311,0.71643,0.7126,0.71575,0.71323,0.71657,0.71274,0.71589
2026-05-18 09:00:00+00:00,18702,0.71577,0.71838,0.71457,0.71779,0.7159,0.71852,0.71469,0.71792
2026-05-18 13:00:00+00:00,29348,0.71778,0.71804,0.7148,0.71614,0.71792,0.71817,0.71493,0.71628
2026-05-18 17:00:00+00:00,19061,0.71614,0.71743,0.71473,0.7168,0.71627,0.71757,0.71486,0.71696
2026-05-18 21:00:00+00:00,8607,0.71575,0.71762,0.71499,0.71505,0.71725,0.71775,0.71512,0.71519
2026-05-19 01:00:00+00:00,14481,0.71504,0.71522,0.7127,0.71287,0.71517,0.71535,0.71283,0.71301
2026-05-19 05:00:00+00:00,17324,0.71289,0.7136,0.71141,0.7117,0.71302,0.71373,0.71153,0.71183
2026-05-19 09:00:00+00:00,17354,0.71168,0.71225,0.71082,0.71141,0.71182,0.71238,0.71093,0.71155
2026-05-19 13:00:00+00:00,29978,0.71138,0.71146,0.7079,0.71105,0.71151,0.71159,0.70803,0.71117
2026-05-19 17:00:00+00:00,11162,0.71104,0.71157,0.71046,0.71064,0.71118,0.71171,0.7106,0.71082
2026-05-19 21:00:00+00:00,8078,0.71056,0.71123,0.70916,0.70919,0.71131,0.71136,0.70929,0.70932
2026-05-20 01:00:00+00:00,16252,0.70917,0.71091,0.70863,0.70992,0.70931,0.71103,0.70877,0.71006
2026-05-20 05:00:00+00:00,15664,0.70992,0.71156,0.70968,0.71111,0.71005,0.7117,0.70981,0.71124
2026-05-20 09:00:00+00:00,10217,0.7111,0.71343,0.71083,0.7124,0.71124,0.71356,0.71096,0.71251
2026-05-20 13:00:00+00:00,36202,0.71237,0.71738,0.71144,0.71539,0.71249,0.71753,0.71158,0.71552
2026-05-20 17:00:00+00:00,13229,0.71543,0.71618,0.71485,0.71519,0.71555,0.71631,0.71503,0.71537
2026-05-20 21:00:00+00:00,6556,0.71466,0.71547,0.71436,0.71474,0.71519,0.71594,0.7145,0.71488
2026-05-21 01:00:00+00:00,17517,0.71476,0.71563,0.70992,0.71265,0.71488,0.71576,0.71007,0.71279
2026-05-21 05:00:00+00:00,20475,0.71268,0.7139,0.71075,0.71312,0.7128,0.71402,0.71089,0.71326
2026-05-21 09:00:00+00:00,24170,0.71311,0.71417,0.71168,0.71246,0.71323,0.7143,0.71183,0.71259
2026-05-21 13:00:00+00:00,28730,0.71243,0.71386,0.71155,0.71363,0.71257,0.71399,0.71171,0.71376
2026-05-21 17:00:00+00:00,23216,0.71367,0.71679,0.71345,0.71486,0.71379,0.71693,0.71357,0.71499
2026-05-21 21:00:00+00:00,5518,0.71475,0.71522,0.71398,0.71407,0.71608,0.71608,0.71411,0.7142
2026-05-22 01:00:00+00:00,8089,0.71405,0.71436,0.71338,0.71401,0.71419,0.7145,0.71352,0.71414
2026-05-22 05:00:00+00:00,13239,0.714,0.71456,0.71266,0.71329,0.71414,0.71469,0.7128,0.71343
2026-05-22 09:00:00+00:00,13674,0.71326,0.71333,0.71192,0.71312,0.71339,0.71347,0.71205,0.71325
2026-05-22 13:00:00+00:00,20363,0.71314,0.71422,0.71159,0.71347,0.71326,0.71435,0.71172,0.7136
2026-05-22 17:00:00+00:00,12721,0.71347,0.71418,0.71239,0.7124,0.71362,0.71431,0.71271,0.71322
2026-05-24 21:00:00+00:00,6555,0.71545,0.71648,0.71527,0.71581,0.71609,0.7166,0.71543,0.71595
2026-05-25 01:00:00+00:00,7798,0.71582,0.71723,0.71578,0.71686,0.71595,0.71736,0.71592,0.71699
2026-05-25 05:00:00+00:00,8725,0.71683,0.71712,0.71514,0.71662,0.71698,0.71725,0.71528,0.71675
2026-05-25 09:00:00+00:00,6544,0.71663,0.71746,0.71636,0.71691,0.71677,0.71759,0.71649,0.71705
2026-05-25 13:00:00+00:00,6963,0.71691,0.71815,0.71664,0.71727,0.71702,0.71829,0.71678,0.71742
2026-05-25 17:00:00+00:00,1422,0.71728,0.71762,0.71723,0.71744,0.71742,0.71776,0.71736,0.71764
2026-05-25 21:00:00+00:00,6103,0.7168,0.71753,0.71634,0.71697,0.71761,0.7177,0.71648,0.7171
2026-05-26 01:00:00+00:00,9311,0.71697,0.71721,0.71604,0.71605,0.71711,0.71732,0.71617,0.71618
2026-05-26 05:00:00+00:00,12001,0.71602,0.71685,0.71548,0.71632,0.71615,0.71697,0.71561,0.71644
2026-05-26 09:00:00+00:00,10885,0.71632,0.71684,0.71584,0.71676,0.71645,0.71696,0.71598,0.71688
2026-05-26 13:00:00+00:00,16883,0.71674,0.71758,0.71577,0.71622,0.71688,0.71773,0.7159,0.71636
2026-05-26 17:00:00+00:00,5959,0.71621,0.71696,0.71604,0.71664,0.71634,0.71709,0.71617,0.7168
2026-05-26 21:00:00+00:00,4999,0.71662,0.71791,0.71643,0.7175,0.71733,0.71804,0.71671,0.71763
2026-05-27 01:00:00+00:00,12862,0.71746,0.71779,0.7152,0.71605,0.7176,0.71793,0.71532,0.71617
2026-05-27 05:00:00+00:00,13504,0.71602,0.71619,0.71353,0.71412,0.71616,0.71633,0.71365,0.71423
2026-05-27 09:00:00+00:00,15703,0.71409,0.71489,0.71232,0.71333,0.71422,0.71504,0.71245,0.71347
2026-05-27 13:00:00+00:00,24654,0.71333,0.71417,0.71241,0.71385,0.71346,0.71429,0.71254,0.71399
2026-05-27 17:00:00+00:00,8143,0.71385,0.71422,0.71314,0.71408,0.71398,0.71435,0.71327,0.71424
2026-05-27 21:00:00+00:00,8238,0.71334,0.7144,0.71276,0.7131,0.71484,0.71506,0.71289,0.71324
2026-05-28 01:00:00+00:00,15359,0.71308,0.71326,0.70972,0.71038,0.71321,0.71338,0.70986,0.71051
2026-05-28 05:00:00+00:00,13929,0.71038,0.71265,0.71011,0.71169,0.71052,0.7128,0.71024,0.71182
2026-05-28 09:00:00+00:00,13652,0.71168,0.71326,0.71077,0.71313,0.71182,0.71339,0.71092,0.71326
2026-05-28 13:00:00+00:00,24893,0.71314,0.71692,0.71246,0.71676,0.71328,0.71704,0.71259,0.7169
2026-05-28 17:00:00+00:00,8501,0.71678,0.71682,0.71599,0.71621,0.71689,0.71695,0.71611,0.71636
2026-05-28 21:00:00+00:00,7884,0.71578,0.71667,0.71553,0.71597,0.7171,0.71732,0.71592,0.7161
2026-05-29 01:00:00+00:00,8976,0.71597,0.7165,0.71527,0.71628,0.71611,0.71664,0.71541,0.7164
2026-05-29 05:00:00+00:00,11597,0.71627,0.71669,0.71486,0.71523,0.71641,0.71681,0.71499,0.71535
2026-05-29 09:00:00+00:00,11147,0.71524,0.71786,0.71503,0.71785,0.71538,0.71799,0.71517,0.71798
2026-05-29 13:00:00+00:00,24960,0.71786,0.72,0.71753,0.71879,0.71798,0.72013,0.71764,0.71893
2026-05-29 17:00:00+00:00,11475,0.71883,0.71889,0.718,0.71805,0.71897,0.71902,0.7182,0.71878
2026-05-31 21:00:00+00:00,7253,0.71702,0.71845,0.71701,0.71832,0.7172,0.7186,0.7172,0.71845
2026-06-01 01:00:00+00:00,7744,0.71833,0.71869,0.71751,0.71849,0.71845,0.71882,0.71765,0.71862
2026-06-01 05:00:00+00:00,10089,0.71852,0.71896,0.71762,0.71836,0.71866,0.7191,0.71773,0.71848
2026-06-01 09:00:00+00:00,10848,0.71838,0.71852,0.7167,0.71693,0.71849,0.71864,0.71684,0.71706
2026-06-01 13:00:00+00:00,28149,0.71692,0.71697,0.71341,0.71597,0.71704,0.71711,0.71353,0.71611
2026-06-01 17:00:00+00:00,8532,0.71599,0.71713,0.71568,0.716,0.71612,0.71725,0.71583,0.71619
2026-06-01 21:00:00+00:00,6039,0.71631,0.71651,0.71567,0.71583,0.71692,0.717,0.71582,0.71596
2026-06-02 01:00:00+00:00,10629,0.71586,0.71671,0.71522,0.71617,0.71599,0.71683,0.71534,0.7163
2026-06-02 05:00:00+00:00,12097,0.71617,0.71862,0.71607,0.71791,0.71629,0.71874,0.7162,0.71804
2026-06-02 09:00:00+00:00,9610,0.71791,0.71843,0.71754,0.71767,0.71803,0.71857,0.71767,0.71779
2026-06-02 13:00:00+00:00,14184,0.71769,0.71874,0.71681,0.71786,0.7178,0.71886,0.71706,0.71799
2026-06-02 17:00:00+00:00,5660,0.71786,0.71824,0.71705,0.71787,0.71798,0.71837,0.71719,0.71802
2026-06-02 21:00:00+00:00,5569,0.7178,0.71813,0.71709,0.71804,0.71823,0.71836,0.71722,0.71818
2026-06-03 01:00:00+00:00,8441,0.71806,0.71812,0.71668,0.71683,0.71819,0.71825,0.71681,0.71695
2026-06-03 05:00:00+00:00,13493,0.71684,0.71709,0.7152,0.71602,0.71698,0.71723,0.71532,0.71615
2026-06-03 09:00:00+00:00,11721,0.71602,0.71765,0.71493,0.71524,0.71617,0.71778,0.71507,0.71537
2026-06-03 13:00:00+00:00,19624,0.71522,0.71543,0.71296,0.71347,0.71536,0.71556,0.71309,0.71359
2026-06-03 17:00:00+00:00,6498,0.71347,0.71382,0.71263,0.7127,0.7136,0.71396,0.71276,0.71285
2026-06-03 21:00:00+00:00,8603,0.71288,0.7139,0.71258,0.71302,0.71338,0.71405,0.71275,0.71315
2026-06-04 01:00:00+00:00,10590,0.71302,0.71358,0.71219,0.71287,0.71313,0.71372,0.71232,0.71301
2026-06-04 05:00:00+00:00,13822,0.71287,0.71378,0.71229,0.71304,0.713,0.71391,0.71242,0.71317
2026-06-04 09:00:00+00:00,14629,0.71304,0.71485,0.7129,0.71406,0.71318,0.71498,0.71303,0.71418
2026-06-04 13:00:00+00:00,14695,0.71405,0.71453,0.71343,0.71394,0.71418,0.71467,0.71356,0.71407
2026-06-04 17:00:00+00:00,5343,0.71392,0.71406,0.71321,0.71325,0.71406,0.71418,0.71334,0.71339
2026-06-04 21:00:00+00:00,5825,0.71328,0.71355,0.71221,0.71226,0.71398,0.71452,0.71233,0.7124
2026-06-05 01:00:00+00:00,11908,0.71226,0.71297,0.71048,0.7127,0.71239,0.7131,0.71062,0.71283
2026-06-05 05:00:00+00:00,10377,0.71273,0.71371,0.71148,0.71302,0.71286,0.71384,0.71161,0.71316
2026-06-05 09:00:00+00:00,14548,0.71302,0.71433,0.7102,0.71022,0.71315,0.71446,0.71032,0.71035
2026-06-05 13:00:00+00:00,29935,0.71021,0.71103,0.7049,0.70599,0.71033,0.71118,0.70502,0.70612
2026-06-05 17:00:00+00:00,19262,0.70599,0.70604,0.70368,0.70428,0.70613,0.70617,0.70382,0.70475
2026-06-07 21:00:00+00:00,10168,0.70261,0.70585,0.70197,0.70578,0.70292,0.70598,0.70281,0.70592
2026-06-08 01:00:00+00:00,22046,0.70579,0.70616,0.70346,0.70444,0.70592,0.7063,0.70359,0.70456
2026-06-08 05:00:00+00:00,25279,0.70446,0.7059,0.70341,0.70473,0.70459,0.70603,0.70354,0.70487
2026-06-08 09:00:00+00:00,22369,0.70473,0.70777,0.70378,0.70697,0.70485,0.7079,0.7039,0.70711
2026-06-08 13:00:00+00:00,31215,0.70699,0.70742,0.70453,0.70504,0.70711,0.70755,0.70464,0.70518
2026-06-08 17:00:00+00:00,16042,0.70504,0.70538,0.70417,0.70443,0.70517,0.7055,0.70431,0.70456
2026-06-08 21:00:00+00:00,8934,0.70421,0.70467,0.70337,0.70426,0.70449,0.70486,0.7035,0.70439
2026-06-09 01:00:00+00:00,16273,0.70428,0.70587,0.70403,0.70551,0.70442,0.706,0.70416,0.70564
2026-06-09 05:00:00+00:00,19694,0.70551,0.707,0.7046,0.70515,0.70563,0.70713,0.70473,0.70529
2026-06-09 09:00:00+00:00,12679,0.70518,0.70621,0.70458,0.70596,0.7053,0.70634,0.70472,0.70609
2026-06-09 13:00:00+00:00,47914,0.706,0.70621,0.70046,0.70155,0.70613,0.70635,0.70059,0.70168
2026-06-09 17:00:00+00:00,27029,0.70159,0.70352,0.70151,0.70271,0.7017,0.70365,0.70165,0.70283
2026-06-09 21:00:00+00:00,11708,0.70229,0.70318,0.70117,0.70282,0.70379,0.70379,0.70163,0.70296
2026-06-10 01:00:00+00:00,20314,0.70283,0.70306,0.70148,0.70172,0.70295,0.70319,0.70161,0.70184
2026-06-10 05:00:00+00:00,21562,0.70171,0.70248,0.70082,0.70094,0.70185,0.70262,0.70095,0.70107
2026-06-10 09:00:00+00:00,29813,0.7009,0.70263,0.69974,0.70112,0.70104,0.70275,0.69987,0.70125
2026-06-10 13:00:00+00:00,47683,0.70113,0.70369,0.70056,0.70173,0.70125,0.70381,0.70071,0.70186
2026-06-10 17:00:00+00:00,25841,0.70174,0.70221,0.69941,0.69963,0.70186,0.70235,0.69956,0.69979
2026-06-10 21:00:00+00:00,16345,0.69943,0.70016,0.69868,0.69972,0.70024,0.70057,0.69882,0.69983
2026-06-11 01:00:00+00:00,19174,0.69972,0.70096,0.69972,0.7008,0.69984,0.7011,0.69984,0.70094
2026-06-11 05:00:00+00:00,15937,0.70081,0.70115,0.69901,0.69925,0.70094,0.70128,0.69914,0.69938
2026-06-11 09:00:00+00:00,20711,0.69924,0.7,0.69782,0.69877,0.69935,0.70012,0.69796,0.6989
2026-06-11 13:00:00+00:00,38514,0.6988,0.69982,0.69789,0.69877,0.69891,0.69996,0.69802,0.6989
2026-06-11 17:00:00+00:00,50804,0.69877,0.70544,0.69842,0.70508,0.69891,0.70558,0.69855,0.70533
2026-06-11 21:00:00+00:00,10846,0.7045,0.70531,0.704,0.7044,0.70506,0.70554,0.70412,0.70454
2026-06-12 01:00:00+00:00,17580,0.7044,0.70448,0.7028,0.70403,0.70453,0.70462,0.70295,0.70415
2026-06-12 05:00:00+00:00,25836,0.70402,0.70486,0.70206,0.70402,0.70415,0.70499,0.70219,0.70415
2026-06-12 09:00:00+00:00,22291,0.70403,0.70528,0.70316,0.70345,0.70415,0.70542,0.70329,0.70358
2026-06-12 13:00:00+00:00,39941,0.70347,0.70592,0.7031,0.70485,0.70358,0.70606,0.70324,0.70498
2026-06-12 17:00:00+00:00,14973,0.70486,0.70531,0.70389,0.70406,0.70498,0.70545,0.70445,0.70497
2026-06-14 21:00:00+00:00,12889,0.70404,0.70875,0.70389,0.70671,0.70469,0.70891,0.70447,0.70685
2026-06-15 01:00:00+00:00,9793,0.70672,0.7084,0.70648,0.70809,0.70685,0.70852,0.70661,0.7082
2026-06-15 05:00:00+00:00,12960,0.70809,0.70867,0.70651,0.70704,0.70823,0.7088,0.70664,0.70718
2026-06-15 09:00:00+00:00,9874,0.70704,0.70763,0.70639,0.70716,0.70717,0.70775,0.7065,0.70729
2026-06-15 13:00:00+00:00,13689,0.70716,0.70877,0.70689,0.708,0.70727,0.70891,0.70701,0.70812
2026-06-15 17:00:00+00:00,6717,0.70799,0.70803,0.70685,0.70698,0.70813,0.70815,0.70698,0.70715
2026-06-15 21:00:00+00:00,4494,0.70707,0.70743,0.70662,0.70706,0.70752,0.70763,0.70674,0.70719
2026-06-16 01:00:00+00:00,9144,0.70706,0.7073,0.70449,0.70501,0.7072,0.70743,0.7046,0.70512
2026-06-16 05:00:00+00:00,11748,0.70501,0.70687,0.70414,0.70675,0.70515,0.70701,0.70428,0.70688
2026-06-16 09:00:00+00:00,9345,0.70673,0.70781,0.70626,0.70687,0.70688,0.70794,0.70639,0.70699
2026-06-16 13:00:00+00:00,16727,0.70686,0.70792,0.70648,0.7073,0.707,0.70805,0.70662,0.70742
2026-06-16 17:00:00+00:00,7168,0.7073,0.70737,0.70645,0.70663,0.70744,0.7075,0.70659,0.70679
2026-06-16 21:00:00+00:00,5152,0.70643,0.70699,0.70632,0.70683,0.70718,0.70722,0.70646,0.70697
2026-06-17 01:00:00+00:00,5931,0.70684,0.70719,0.70591,0.70605,0.70697,0.7073,0.70605,0.70618
2026-06-17 05:00:00+00:00,9508,0.70605,0.70642,0.70538,0.70607,0.70617,0.70655,0.70549,0.70621
2026-06-17 09:00:00+00:00,8403,0.70606,0.70647,0.70561,0.70642,0.70619,0.70661,0.70573,0.70655
2026-06-17 13:00:00+00:00,15394,0.70642,0.7073,0.70602,0.70716,0.70654,0.70742,0.70617,0.70728
2026-06-17 17:00:00+00:00,53775,0.70715,0.70748,0.69944,0.70128,0.70728,0.70762,0.69958,0.70143
2026-06-17 21:00:00+00:00,6953,0.70124,0.70315,0.70106,0.70221,0.70186,0.70327,0.70138,0.70234
2026-06-18 01:00:00+00:00,9925,0.70223,0.70409,0.70218,0.70336,0.70237,0.70423,0.70232,0.70349
2026-06-18 05:00:00+00:00,14269,0.70336,0.70398,0.70097,0.70113,0.7035,0.70411,0.7011,0.70125
2026-06-18 09:00:00+00:00,18050,0.70115,0.70198,0.70002,0.70175,0.70126,0.70209,0.70017,0.70188
2026-06-18 13:00:00+00:00,24622,0.70173,0.7037,0.70125,0.70185,0.70188,0.70384,0.70139,0.70198
2026-06-18 17:00:00+00:00,9318,0.70185,0.70246,0.7007,0.70131,0.702,0.70259,0.70083,0.70148
2026-06-18 21:00:00+00:00,5536,0.70163,0.70176,0.70085,0.70116,0.70237,0.70308,0.70115,0.70128
2026-06-19 01:00:00+00:00,8902,0.70115,0.70127,0.69904,0.69921,0.70129,0.7014,0.69917,0.69934
2026-06-19 05:00:00+00:00,12669,0.69921,0.70192,0.69888,0.70184,0.69935,0.70206,0.69902,0.70198
2026-06-19 09:00:00+00:00,10489,0.70186,0.70237,0.70095,0.7021,0.70198,0.7025,0.70107,0.70223
2026-06-19 13:00:00+00:00,8814,0.70212,0.70216,0.7007,0.70077,0.70224,0.70228,0.70083,0.70091
2026-06-19 17:00:00+00:00,35189,0.70082,0.70162,0.69999,0.70063,0.70093,0.70213,0.7009,0.70213
2026-06-21 21:00:00+00:00,6934,0.70073,0.7012,0.69985,0.70117,0.70146,0.70197,0.69997,0.70131
2026-06-22 01:00:00+00:00,12124,0.70121,0.70187,0.69994,0.70039,0.70132,0.70201,0.70008,0.70052
2026-06-22 05:00:00+00:00,13241,0.70039,0.70104,0.69933,0.6995,0.70051,0.70117,0.69946,0.69962
2026-06-22 09:00:00+00:00,12765,0.69953,0.70115,0.69948,0.70064,0.69966,0.70129,0.69962,0.70077
2026-06-22 13:00:00+00:00,23725,0.70065,0.70132,0.69958,0.70018,0.70079,0.70145,0.69973,0.70032
2026-06-22 17:00:00+00:00,7128,0.7002,0.70032,0.69945,0.69999,0.70033,0.70046,0.69958,0.70018
2026-06-22 21:00:00+00:00,4809,0.70013,0.70035,0.69821,0.6988,0.70068,0.70077,0.69834,0.69894
2026-06-23 01:00:00+00:00,11545,0.69885,0.69897,0.69648,0.69664,0.69898,0.6991,0.69661,0.69676
2026-06-23 05:00:00+00:00,17476,0.69666,0.69681,0.69416,0.69459,0.69679,0.69694,0.69429,0.69472
2026-06-23 09:00:00+00:00,12130,0.6946,0.69594,0.69309,0.6936,0.69474,0.69607,0.69322,0.69373
2026-06-23 13:00:00+00:00,18515,0.6936,0.69412,0.69161,0.69172,0.69374,0.69425,0.69175,0.69184
2026-06-23 17:00:00+00:00,8027,0.6917,0.69184,0.69063,0.69155,0.69184,0.69196,0.69077,0.69172
2026-06-23 21:00:00+00:00,6694,0.69162,0.69214,0.69098,0.69183,0.69192,0.69228,0.69111,0.69196
2026-06-24 01:00:00+00:00,12932,0.69185,0.6923,0.69009,0.69093,0.69197,0.69244,0.69022,0.69106
2026-06-24 05:00:00+00:00,12664,0.69092,0.69179,0.68916,0.68968,0.69106,0.69193,0.68929,0.68982
2026-06-24 09:00:00+00:00,14191,0.68967,0.69007,0.68836,0.689,0.6898,0.6902,0.6885,0.68912
2026-06-24 13:00:00+00:00,22366,0.68898,0.69057,0.68855,0.69011,0.68909,0.6907,0.68868,0.69025
2026-06-24 17:00:00+00:00,15069,0.69011,0.69019,0.68819,0.68996,0.69024,0.69032,0.68831,0.69013
2026-06-24 21:00:00+00:00,6349,0.68866,0.69004,0.68858,0.68935,0.69016,0.69064,0.68904,0.68947
2026-06-25 01:00:00+00:00,12413,0.68934,0.69072,0.6887,0.69013,0.68948,0.6909,0.68885,0.69026
2026-06-25 05:00:00+00:00,12105,0.69011,0.69065,0.68862,0.69013,0.69025,0.69078,0.68875,0.69024
2026-06-25 09:00:00+00:00,12693,0.69012,0.69139,0.68874,0.69046,0.69024,0.69152,0.68888,0.69061
2026-06-25 13:00:00+00:00,30146,0.69048,0.6927,0.68906,0.6916,0.69061,0.69281,0.68919,0.69174
2026-06-25 17:00:00+00:00,12293,0.6916,0.69196,0.69067,0.69098,0.69173,0.6921,0.69081,0.69112
2026-06-25 21:00:00+00:00,6936,0.69064,0.69133,0.68954,0.68977,0.69173,0.69197,0.68968,0.68991
2026-06-26 01:00:00+00:00,13799,0.68979,0.69016,0.68748,0.68856,0.68992,0.69029,0.68761,0.68868
2026-06-26 05:00:00+00:00,12825,0.68854,0.68996,0.68845,0.68949,0.68868,0.69009,0.68857,0.68962
2026-06-26 09:00:00+00:00,12372,0.68949,0.69061,0.68921,0.69026,0.68961,0.69075,0.68934,0.69038
2026-06-26 13:00:00+00:00,22963,0.69027,0.69167,0.68951,0.69002,0.69038,0.69178,0.68965,0.69014
2026-06-26 17:00:00+00:00,8920,0.69002,0.69019,0.68897,0.68909,0.69015,0.69031,0.68921,0.68985
2026-06-28 21:00:00+00:00,7758,0.68889,0.6897,0.68819,0.68851,0.68953,0.68997,0.68838,0.68863
2026-06-29 01:00:00+00:00,12477,0.68852,0.6895,0.68802,0.68885,0.68863,0.68964,0.68817,0.68898
2026-06-29 05:00:00+00:00,11023,0.68883,0.69037,0.6887,0.68908,0.68895,0.6905,0.68883,0.68921
2026-06-29 09:00:00+00:00,9961,0.68908,0.69016,0.68904,0.6896,0.68922,0.6903,0.68917,0.68974
2026-06-29 13:00:00+00:00,18214,0.68964,0.68969,0.68767,0.6886,0.68976,0.68983,0.68782,0.68872
2026-06-29 17:00:00+00:00,5783,0.6886,0.68918,0.6885,0.68861,0.68874,0.68931,0.68863,0.68877
2026-06-29 21:00:00+00:00,5360,0.6883,0.68896,0.68667,0.68725,0.6895,0.6895,0.6868,0.68739
2026-06-30 01:00:00+00:00,10462,0.68727,0.6883,0.68647,0.68682,0.68739,0.68843,0.6866,0.68696
2026-06-30 05:00:00+00:00,12289,0.68682,0.68819,0.68673,0.68806,0.68695,0.68832,0.68687,0.68818
2026-06-30 09:00:00+00:00,9825,0.68805,0.68898,0.68798,0.68841,0.68819,0.68911,0.68811,0.68854
2026-06-30 13:00:00+00:00,17352,0.68842,0.69292,0.68842,0.69114,0.68854,0.69305,0.68854,0.69126
2026-06-30 17:00:00+00:00,5787,0.69114,0.69237,0.6911,0.69187,0.69127,0.69248,0.69122,0.69205
2026-06-30 21:00:00+00:00,4583,0.6914,0.69195,0.69004,0.69006,0.69193,0.69211,0.69017,0.69019
2026-07-01 01:00:00+00:00,8373,0.69006,0.6902,0.68824,0.68917,0.6902,0.69034,0.68838,0.68929
2026-07-01 05:00:00+00:00,9439,0.68915,0.68959,0.6885,0.68911,0.68929,0.68972,0.68863,0.68924
2026-07-01 09:00:00+00:00,9480,0.68909,0.68991,0.6888,0.68916,0.68924,0.69005,0.68892,0.68928
2026-07-01 13:00:00+00:00,22216,0.68914,0.69153,0.68841,0.69005,0.68927,0.69167,0.68854,0.69018
2026-07-01 17:00:00+00:00,6568,0.69006,0.69025,0.68896,0.6893,0.6902,0.69038,0.68911,0.68946
2026-07-01 21:00:00+00:00,5920,0.68908,0.6895,0.68835,0.68884,0.6894,0.69026,0.68849,0.68897
2026-07-02 01:00:00+00:00,9416,0.68885,0.69011,0.68843,0.6894,0.68899,0.69025,0.68856,0.68953
2026-07-02 05:00:00+00:00,14018,0.68944,0.69108,0.68892,0.69084,0.68957,0.69121,0.68906,0.69099
2026-07-02 09:00:00+00:00,21509,0.69084,0.69414,0.68843,0.6924,0.69097,0.69427,0.68873,0.69253
2026-07-02 13:00:00+00:00,32679,0.69238,0.69427,0.69177,0.69225,0.69252,0.69441,0.6919,0.69239
2026-07-02 17:00:00+00:00,11378,0.69225,0.69232,0.69137,0.69211,0.6924,0.69244,0.6915,0.69228
2026-07-02 21:00:00+00:00,6948,0.69127,0.69207,0.69101,0.69183,0.69211,0.69306,0.69114,0.69197
2026-07-03 01:00:00+00:00,10257,0.69186,0.69404,0.69172,0.69381,0.69199,0.69417,0.69185,0.69395
2026-07-03 05:00:00+00:00,11521,0.69381,0.69491,0.69371,0.69405,0.69393,0.69505,0.69383,0.69418
2026-07-03 09:00:00+00:00,6161,0.69403,0.69426,0.6936,0.69363,0.69415,0.6944,0.69373,0.69375
2026-07-03 13:00:00+00:00,7262,0.69366,0.69386,0.69336,0.69372,0.69379,0.69399,0.6935,0.69385
2026-07-03 17:00:00+00:00,11819,0.69372,0.6939,0.69311,0.69334,0.69386,0.69484,0.69351,0.69484
2026-07-05 21:00:00+00:00,5203,0.69325,0.69418,0.69294,0.69341,0.69475,0.6949,0.69307,0.69355
2026-07-06 01:00:00+00:00,8177,0.6934,0.69367,0.69211,0.69328,0.69351,0.6938,0.69224,0.69341
2026-07-06 05:00:00+00:00,9984,0.69328,0.69379,0.69249,0.6932,0.69342,0.69391,0.69261,0.69333
2026-07-06 09:00:00+00:00,7927,0.69319,0.69368,0.69233,0.69257,0.69333,0.6938,0.69246,0.6927
2026-07-06 13:00:00+00:00,10806,0.69258,0.69462,0.69246,0.69458,0.69272,0.69476,0.69258,0.69472
2026-07-06 17:00:00+00:00,4159,0.69459,0.69583,0.69457,0.6956,0.69472,0.69596,0.69469,0.69575
2026-07-06 21:00:00+00:00,4372,0.69458,0.69598,0.69458,0.69483,0.69582,0.69612,0.6949,0.69495
2026-07-07 01:00:00+00:00,9250,0.69481,0.69593,0.69412,0.69413,0.69495,0.69607,0.69426,0.69427
2026-07-07 05:00:00+00:00,10508,0.69413,0.69455,0.69345,0.69413,0.69426,0.69468,0.69358,0.69424
2026-07-07 09:00:00+00:00,8901,0.69411,0.69545,0.69403,0.695,0.69424,0.69557,0.69415,0.69513
2026-07-07 13:00:00+00:00,16049,0.69501,0.69502,0.69331,0.69367,0.69513,0.69515,0.69343,0.6938
2026-07-07 17:00:00+00:00,9240,0.69367,0.69421,0.69206,0.69282,0.69381,0.69436,0.6922,0.69298
2026-07-07 21:00:00+00:00,6760,0.69209,0.69352,0.69199,0.69349,0.69359,0.69368,0.69212,0.69363
2026-07-08 01:00:00+00:00,9897,0.69352,0.6946,0.69282,0.69398,0.69364,0.69474,0.69295,0.6941
2026-07-08 05:00:00+00:00,20297,0.69398,0.69446,0.69103,0.69145,0.69409,0.69459,0.69117,0.69156
2026-07-08 09:00:00+00:00,19041,0.69142,0.6931,0.69058,0.69203,0.69156,0.69323,0.69072,0.69216
2026-07-08 13:00:00+00:00,22474,0.692,0.69279,0.69062,0.6926,0.69213,0.69293,0.69075,0.69273
2026-07-08 17:00:00+00:00,8949,0.69263,0.69394,0.69258,0.69299,0.69276,0.69408,0.69272,0.69312
2026-07-08 21:00:00+00:00,6977,0.69286,0.69396,0.69243,0.69327,0.69337,0.6941,0.69274,0.69339
2026-07-09 01:00:00+00:00,9312,0.69327,0.69372,0.69245,0.69368,0.6934,0.69386,0.69258,0.69381
2026-07-09 05:00:00+00:00,10809,0.6937,0.69453,0.6933,0.69344,0.69381,0.69467,0.69342,0.69356
2026-07-09 09:00:00+00:00,10576,0.69341,0.694,0.69288,0.69317,0.69355,0.69412,0.69302,0.6933
2026-07-09 13:00:00+00:00,12761,0.69317,0.69464,0.69316,0.69405,0.69329,0.69478,0.69329,0.69419
2026-07-09 17:00:00+00:00,4678,0.69405,0.69452,0.69372,0.69406,0.6942,0.69465,0.69385,0.69424
2026-07-09 21:00:00+00:00,6406,0.69372,0.69462,0.69331,0.69447,0.69495,0.69498,0.69344,0.69461
2026-07-10 01:00:00+00:00,9632,0.69448,0.69693,0.69424,0.69538,0.6946,0.69706,0.69437,0.69552
2026-07-10 05:00:00+00:00,10914,0.6954,0.69555,0.69409,0.69423,0.69553,0.69569,0.69422,0.69436
2026-07-10 09:00:00+00:00,8739,0.69423,0.69572,0.69411,0.69494,0.69434,0.69587,0.69424,0.69507
2026-07-10 13:00:00+00:00,16200,0.69493,0.69645,0.69351,0.69577,0.69505,0.69657,0.69366,0.6959
2026-07-10 17:00:00+00:00,5296,0.69572,0.69586,0.69492,0.69493,0.69586,0.69597,0.69509,0.69554
2026-07-12 21:00:00+00:00,7666,0.69469,0.69469,0.69314,0.69327,0.69505,0.69513,0.69329,0.69341
2026-07-13 01:00:00+00:00,12657,0.69331,0.69372,0.69236,0.69321,0.69344,0.69386,0.69248,0.69334
2026-07-13 05:00:00+00:00,15822,0.69321,0.69466,0.69233,0.69414,0.69335,0.69479,0.69246,0.69427
2026-07-13 09:00:00+00:00,12461,0.69414,0.69491,0.69375,0.69454,0.69426,0.69503,0.69389,0.69467
2026-07-13 13:00:00+00:00,21671,0.69458,0.69477,0.69172,0.69212,0.6947,0.6949,0.69185,0.69226
2026-07-13 17:00:00+00:00,8424,0.69213,0.69254,0.69126,0.69167,0.69226,0.69267,0.6914,0.69185
2026-07-13 21:00:00+00:00,8986,0.69145,0.69216,0.69123,0.69183,0.69283,0.69283,0.69136,0.69196
2026-07-14 01:00:00+00:00,12700,0.69183,0.69329,0.69153,0.69324,0.69195,0.69342,0.69165,0.69338
2026-07-14 05:00:00+00:00,13490,0.69325,0.69447,0.6927,0.69429,0.69338,0.69459,0.69284,0.69442
2026-07-14 09:00:00+00:00,20302,0.69432,0.69828,0.69378,0.69685,0.69444,0.69842,0.69392,0.69698
2026-07-14 13:00:00+00:00,27350,0.69688,0.69926,0.69677,0.69774,0.697,0.69938,0.6969,0.69786
2026-07-14 17:00:00+00:00,7947,0.69773,0.69786,0.69687,0.69736,0.69787,0.69799,0.69701,0.69754
2026-07-14 21:00:00+00:00,5040,0.69727,0.69849,0.69675,0.69845,0.69877,0.69877,0.69726,0.69858
2026-07-15 01:00:00+00:00,8160,0.69844,0.69921,0.6979,0.69831,0.69858,0.69935,0.69804,0.69844
2026-07-15 05:00:00+00:00,10920,0.69834,0.69903,0.6977,0.69875,0.69849,0.69915,0.69784,0.69889
2026-07-15 09:00:00+00:00,11842,0.69876,0.69968,0.69795,0.69954,0.69889,0.69981,0.69808,0.69968
2026-07-15 13:00:00+00:00,18095,0.69957,0.70023,0.69885,0.69927,0.69969,0.70035,0.69899,0.69941
2026-07-15 17:00:00+00:00,10183,0.6993,0.70206,0.69928,0.70055,0.69945,0.70219,0.6994,0.70074
2026-07-15 21:00:00+00:00,5479,0.70051,0.70103,0.69952,0.69979,0.70067,0.70193,0.69966,0.69991
2026-07-16 01:00:00+00:00,10087,0.6998,0.70029,0.69856,0.69985,0.69994,0.70042,0.69869,0.69998
2026-07-16 05:00:00+00:00,11002,0.69986,0.70008,0.69934,0.6998,0.69998,0.70022,0.69948,0.69994
2026-07-16 09:00:00+00:00,12322,0.69981,0.70099,0.69943,0.69971,0.69994,0.70111,0.69958,0.69983
2026-07-16 13:00:00+00:00,17871,0.69971,0.70119,0.69917,0.69933,0.69984,0.70133,0.69931,0.69946
2026-07-16 17:00:00+00:00,7648,0.69933,0.69973,0.69896,0.69967,0.69947,0.69988,0.69907,0.69982
2026-07-16 21:00:00+00:00,4580,0.69879,0.70006,0.69873,0.69981,0.69986,0.70033,0.69922,0.69995
2026-07-17 01:00:00+00:00,9806,0.69982,0.69999,0.69758,0.69785,0.69994,0.70013,0.69772,0.69798
2026-07-17 05:00:00+00:00,14193,0.69787,0.69899,0.69712,0.69723,0.69799,0.69911,0.69727,0.69736
2026-07-17 09:00:00+00:00,10733,0.69721,0.69772,0.69655,0.69688,0.69735,0.69786,0.69668,0.69701
2026-07-17 13:00:00+00:00,18806,0.69691,0.69868,0.69658,0.6983,0.69702,0.6988,0.6967,0.69842
2026-07-17 17:00:00+00:00,7312,0.69831,0.6985,0.69782,0.69787,0.69845,0.69863,0.698,0.69846
2026-07-19 21:00:00+00:00,7635,0.69638,0.69851,0.69634,0.69842,0.69689,0.69865,0.69653,0.69854
2026-07-20 01:00:00+00:00,10691,0.69842,0.69986,0.69839,0.69963,0.69856,0.7,0.69852,0.69976
2026-07-20 05:00:00+00:00,11221,0.69964,0.70042,0.69852,0.69999,0.69976,0.70055,0.69865,0.70012
2026-07-20 09:00:00+00:00,11763,0.69998,0.70142,0.69952,0.70042,0.7001,0.70155,0.69966,0.70054
2026-07-20 13:00:00+00:00,16401,0.70043,0.70136,0.69973,0.70027,0.70057,0.7015,0.69986,0.70041
2026-07-20 17:00:00+00:00,6938,0.70028,0.70069,0.69958,0.69981,0.70041,0.70082,0.69971,0.69997
2026-07-20 21:00:00+00:00,6611,0.69952,0.70051,0.69908,0.70012,0.70102,0.70102,0.69941,0.70026
2026-07-21 01:00:00+00:00,8861,0.70013,0.70092,0.70002,0.7007,0.70026,0.70104,0.70016,0.70084
2026-07-21 05:00:00+00:00,8849,0.7007,0.70223,0.70058,0.70216,0.70083,0.70237,0.70071,0.70229
2026-07-21 09:00:00+00:00,9761,0.70214,0.70262,0.70104,0.70156,0.70228,0.70276,0.70117,0.70169
2026-07-21 13:00:00+00:00,13020,0.70158,0.70162,0.7002,0.70063,0.7017,0.70174,0.70033,0.70075
2026-07-21 17:00:00+00:00,4782,0.70062,0.70073,0.69967,0.69976,0.70076,0.70086,0.69982,0.69993
2026-07-21 21:00:00+00:00,4502,0.69978,0.70087,0.69961,0.70084,0.70048,0.70101,0.69975,0.70097
2026-07-22 01:00:00+00:00,8502,0.70084,0.7012,0.69958,0.69986,0.70098,0.70132,0.6997,0.7
2026-07-22 05:00:00+00:00,10910,0.69988,0.70043,0.69893,0.69966,0.69999,0.70057,0.69907,0.69979
2026-07-22 09:00:00+00:00,10461,0.69966,0.69985,0.69795,0.6984,0.69978,0.69997,0.6981,0.69853
2026-07-22 13:00:00+00:00,12550,0.6984,0.70001,0.6984,0.69947,0.69854,0.70014,0.69853,0.6996
2026-07-22 17:00:00+00:00,5230,0.69946,0.69976,0.69903,0.6996,0.6996,0.69989,0.69917,0.69979
2026-07-22 21:00:00+00:00,5053,0.69918,0.69938,0.69849,0.69936,0.69993,0.69996,0.69875,0.69949
2026-07-23 01:00:00+00:00,12426,0.69937,0.70206,0.69936,0.70145,0.69949,0.7022,0.69948,0.70159
2026-07-23 05:00:00+00:00,11367,0.70145,0.70164,0.69968,0.69999,0.70158,0.70179,0.6998,0.70013
2026-07-23 09:00:00+00:00,12584,0.69999,0.70054,0.69741,0.69782,0.70012,0.70066,0.69755,0.69796
2026-07-23 13:00:00+00:00,22443,0.69782,0.69818,0.69641,0.69773,0.69795,0.6983,0.69654,0.69787
2026-07-23 17:00:00+00:00,6875,0.69775,0.69776,0.69616,0.69671,0.69788,0.69789,0.69629,0.69688
2026-07-23 21:00:00+00:00,5482,0.69609,0.69762,0.69604,0.69761,0.69694,0.69776,0.69666,0.69774
2026-07-24 01:00:00+00:00,8926,0.69761,0.69803,0.69709,0.69727,0.69773,0.69817,0.69722,0.69741
2026-07-24 05:00:00+00:00,10221,0.69728,0.69889,0.69723,0.69871,0.69741,0.69902,0.69735,0.69885
2026-07-24 09:00:00+00:00,8995,0.69873,0.6995,0.6974,0.69761,0.69885,0.69962,0.69753,0.69774
2026-07-24 13:00:00+00:00,15395,0.69757,0.70003,0.69721,0.69899,0.69771,0.70017,0.69734,0.69913
2026-07-24 17:00:00+00:00,7061,0.69899,0.69903,0.6978,0.6981,0.69912,0.69916,0.69794,0.69864
2026-07-26 21:00:00+00:00,8452,0.69983,0.70061,0.69899,0.69926,0.70048,0.70093,0.69914,0.6994
2026-07-27 01:00:00+00:00,8712,0.69928,0.70051,0.69921,0.6996,0.69941,0.70064,0.69935,0.69973
2026-07-27 05:00:00+00:00,10197,0.69961,0.70107,0.69955,0.70024,0.69975,0.7012,0.69968,0.70039
2026-07-27 09:00:00+00:00,8944,0.70025,0.70051,0.69921,0.69958,0.70038,0.70064,0.69935,0.69972
2026-07-27 13:00:00+00:00,16096,0.69959,0.70006,0.69849,0.69942,0.69971,0.70018,0.69861,0.69955
2026-07-27 17:00:00+00:00,6668,0.69941,0.69941,0.69854,0.69889,0.69955,0.69955,0.69865,0.69905
2026-07-27 21:00:00+00:00,4828,0.69865,0.69896,0.69809,0.69886,0.69937,0.69949,0.69821,0.699
2026-07-28 01:00:00+00:00,11418,0.69887,0.69961,0.69693,0.69706,0.69899,0.69974,0.69707,0.6972
2026-07-28 05:00:00+00:00,12094,0.69706,0.69757,0.69623,0.69728,0.69719,0.69771,0.69637,0.69741
2026-07-28 09:00:00+00:00,10483,0.69728,0.69742,0.69621,0.69688,0.69742,0.69755,0.69634,0.69701
2026-07-28 13:00:00+00:00,16652,0.69689,0.69859,0.69626,0.69815,0.69703,0.69871,0.69641,0.69827
2026-07-28 17:00:00+00:00,5391,0.69814,0.6983,0.69727,0.69732,0.69827,0.69842,0.69741,0.6975
2026-07-28 21:00:00+00:00,9143,0.69708,0.69772,0.69659,0.69694,0.69856,0.69859,0.69702,0.69707
2026-07-29 01:00:00+00:00,15935,0.69693,0.6972,0.69367,0.69517,0.69705,0.69733,0.69386,0.6953
2026-07-29 05:00:00+00:00,9053,0.69519,0.69589,0.69404,0.69426,0.69531,0.69601,0.69417,0.69437
2026-07-29 09:00:00+00:00,9498,0.69426,0.69449,0.69344,0.69416,0.6944,0.69461,0.69358,0.6943
2026-07-29 13:00:00+00:00,15113,0.69416,0.69507,0.69216,0.6928,0.69429,0.6952,0.69229,0.69292
2026-07-29 17:00:00+00:00,43626,0.69277,0.69884,0.69267,0.69536,0.69291,0.69896,0.6928,0.69555
2026-07-29 21:00:00+00:00,10460,0.69527,0.6965,0.69455,0.69563,0.69588,0.69662,0.69503,0.69575
2026-07-30 01:00:00+00:00,10308,0.69563,0.69634,0.69487,0.69498,0.69576,0.69646,0.69501,0.69511
2026-07-30 05:00:00+00:00,14109,0.69498,0.69629,0.69457,0.69593,0.69509,0.69642,0.6947,0.69607
2026-07-30 09:00:00+00:00,14447,0.69592,0.69841,0.69592,0.69747,0.69607,0.69857,0.69605,0.69759
2026-07-30 13:00:00+00:00,32135,0.69749,0.7028,0.69731,0.70258,0.6976,0.70293,0.69743,0.70271
2026-07-30 17:00:00+00:00,9790,0.70259,0.70327,0.70215,0.70291,0.70271,0.7034,0.70227,0.70305
2026-07-30 21:00:00+00:00,6669,0.70188,0.70315,0.70179,0.70293,0.70283,0.70327,0.7024,0.70306
2026-07-31 01:00:00+00:00,8974,0.70294,0.70325,0.70192,0.70267,0.70308,0.70338,0.70205,0.7028
2026-07-31 05:00:00+00:00,11848,0.70264,0.70432,0.70251,0.70412,0.70276,0.70446,0.70264,0.70423
2026-07-31 09:00:00+00:00,11679,0.70411,0.7044,0.70085,0.70115,0.70424,0.70454,0.70099,0.70128
2026-07-31 13:00:00+00:00,25075,0.70115,0.7028,0.69908,0.7025,0.70127,0.70293,0.6992,0.70263
2026-07-31 17:00:00+00:00,14623,0.7025,0.70416,0.70212,0.70258,0.70264,0.70432,0.70259,0.70351
2026-08-02 21:00:00+00:00,11458,0.70421,0.70496,0.70361,0.70413,0.7049,0.70521,0.704,0.70427
2026-08-03 01:00:00+00:00,9052,0.70416,0.70423,0.70269,0.70301,0.7043,0.70437,0.70283,0.70314
2026-08-03 05:00:00+00:00,10404,0.70302,0.7037,0.7007,0.70087,0.70313,0.70384,0.70083,0.70101
2026-08-03 09:00:00+00:00,8695,0.70087,0.70102,0.69958,0.69978,0.701,0.70115,0.6997,0.69991
2026-08-03 13:00:00+00:00,14021,0.69978,0.7,0.69834,0.69964,0.6999,0.70013,0.69847,0.69977
2026-08-03 17:00:00+00:00,4736,0.69963,0.70008,0.69911,0.69999,0.69977,0.70021,0.69924,0.70017
2026-08-03 21:00:00+00:00,4812,0.69998,0.70055,0.69958,0.69994,0.70044,0.70069,0.69971,0.70008
2026-08-04 01:00:00+00:00,9508,0.69994,0.7023,0.69964,0.70185,0.70007,0.70242,0.69978,0.70198
2026-08-04 05:00:00+00:00,9183,0.70184,0.70239,0.70112,0.70221,0.70196,0.70252,0.70126,0.70235
2026-08-04 09:00:00+00:00,10364,0.70222,0.70369,0.70198,0.70328,0.70234,0.70382,0.70211,0.70341
2026-08-04 13:00:00+00:00,13380,0.70326,0.70414,0.70297,0.70375,0.70337,0.70427,0.70311,0.70388
2026-08-04 17:00:00+00:00,7105,0.70377,0.70481,0.70377,0.70456,0.70388,0.70492,0.70388,0.70471
2026-08-04 21:00:00+00:00,5232,0.70413,0.70528,0.70373,0.70428,0.70467,0.70541,0.7043,0.70442
2026-08-05 01:00:00+00:00,10052,0.7043,0.70555,0.70391,0.7048,0.70443,0.70566,0.70405,0.70492
2026-08-05 05:00:00+00:00,12328,0.70478,0.70503,0.70395,0.70425,0.70491,0.70515,0.70407,0.70439
2026-08-05 09:00:00+00:00,9512,0.70422,0.70536,0.70397,0.7047,0.70437,0.7055,0.7041,0.70483
2026-08-05 13:00:00+00:00,16066,0.70471,0.7064,0.70443,0.70513,0.70485,0.70653,0.70456,0.70526
2026-08-05 17:00:00+00:00,6228,0.70514,0.70624,0.70495,0.70564,0.70528,0.70637,0.70508,0.7058
2026-08-05 21:00:00+00:00,5917,0.70492,0.70596,0.70487,0.70567,0.70633,0.70633,0.70551,0.7058
2026-08-06 01:00:00+00:00,9094,0.70565,0.70598,0.70435,0.7047,0.70579,0.70611,0.70446,0.70483
2026-08-06 05:00:00+00:00,9447,0.7047,0.70483,0.70355,0.70437,0.70484,0.70496,0.70367,0.7045
2026-08-06 09:00:00+00:00,8052,0.70437,0.7044,0.7036,0.70376,0.70449,0.70452,0.70371,0.7039
2026-08-06 13:00:00+00:00,15311,0.70378,0.70418,0.70221,0.70308,0.7039,0.7043,0.70234,0.70321
2026-08-06 17:00:00+00:00,7087,0.70309,0.7035,0.70289,0.70314,0.70323,0.70363,0.70301,0.70332
2026-08-06 21:00:00+00:00,4132,0.70265,0.70333,0.70251,0.70279,0.70364,0.70368,0.70264,0.70293
2026-08-07 01:00:00+00:00,7414,0.70281,0.70311,0.7022,0.70258,0.70294,0.70325,0.70233,0.7027
2026-08-07 05:00:00+00:00,6429,0.70258,0.70379,0.70248,0.70364,0.70272,0.70392,0.70261,0.70378
2026-08-07 09:00:00+00:00,13697,0.70365,0.70774,0.70351,0.70672,0.70377,0.70786,0.70364,0.70686
2026-08-07 13:00:00+00:00,17737,0.70672,0.70694,0.70553,0.70647,0.70685,0.70707,0.70565,0.70661
2026-08-07 17:00:00+00:00,6500,0.70645,0.70743,0.70634,0.70663,0.7066,0.70757,0.70647,0.70707
2026-08-09 21:00:00+00:00,5290,0.70581,0.70697,0.70572,0.70614,0.70731,0.70751,0.70593,0.70627
2026-08-10 01:00:00+00:00,6647,0.70614,0.70648,0.7056,0.70601,0.70628,0.70662,0.70573,0.70614
2026-08-10 05:00:00+00:00,8480,0.706,0.70737,0.70597,0.70691,0.70614,0.70749,0.7061,0.70704
2026-08-10 09:00:00+00:00,6839,0.7069,0.70701,0.70549,0.70562,0.70704,0.70714,0.70563,0.70573
2026-08-10 13:00:00+00:00,10001,0.70563,0.7066,0.70527,0.70602,0.70575,0.70672,0.7054,0.70616
2026-08-10 17:00:00+00:00,4600,0.70603,0.70608,0.70528,0.70533,0.70616,0.7062,0.70541,0.70549
2026-08-10 21:00:00+00:00,4872,0.70529,0.70577,0.70508,0.70548,0.70633,0.70661,0.70537,0.70562
2026-08-11 01:00:00+00:00,8700,0.70547,0.70619,0.7038,0.70496,0.7056,0.70633,0.70407,0.70509
2026-08-11 05:00:00+00:00,10143,0.70497,0.70581,0.70412,0.70519,0.70511,0.70594,0.70426,0.70532
2026-08-11 09:00:00+00:00,9439,0.70517,0.70681,0.70502,0.70632,0.70531,0.70696,0.70516,0.70646
2026-08-11 13:00:00+00:00,8903,0.70633,0.70689,0.70558,0.70611,0.70646,0.70701,0.70571,0.70623
2026-08-11 17:00:00+00:00,4069,0.70611,0.70619,0.70535,0.70613,0.70625,0.70633,0.70548,0.70627
2026-08-11 21:00:00+00:00,4278,0.7057,0.70681,0.70534,0.7064,0.70682,0.70695,0.70602,0.70652
2026-08-12 01:00:00+00:00,6092,0.7064,0.7064,0.70538,0.70557,0.70654,0.70654,0.70551,0.70571
2026-08-12 05:00:00+00:00,5990,0.70558,0.70618,0.70536,0.70591,0.7057,0.70631,0.70549,0.70605
2026-08-12 09:00:00+00:00,15292,0.70593,0.70883,0.7059,0.70875,0.70605,0.70897,0.70605,0.70888
2026-08-12 13:00:00+00:00,15785,0.70875,0.70906,0.70609,0.70628,0.70889,0.70918,0.70622,0.70641
2026-08-12 17:00:00+00:00,4927,0.70628,0.7065,0.70597,0.70621,0.70642,0.70663,0.70609,0.70639
2026-08-12 21:00:00+00:00,4303,0.7055,0.70663,0.7054,0.70608,0.70656,0.70676,0.70603,0.70621
2026-08-13 01:00:00+00:00,7305,0.70607,0.70614,0.70445,0.70487,0.70621,0.70627,0.70459,0.70501
2026-08-13 05:00:00+00:00,7598,0.70489,0.70515,0.70432,0.70475,0.70501,0.70529,0.70445,0.70489
2026-08-13 09:00:00+00:00,8131,0.70477,0.70644,0.7046,0.70643,0.7049,0.70657,0.70473,0.70656
2026-08-13 13:00:00+00:00,13503,0.70643,0.70668,0.70529,0.70589,0.70657,0.70679,0.70543,0.70603
2026-08-13 17:00:00+00:00,5032,0.70589,0.70608,0.70543,0.7059,0.70602,0.70622,0.70556,0.70607
2026-08-13 21:00:00+00:00,5017,0.70546,0.70657,0.70523,0.7061,0.70637,0.7067,0.70578,0.70623
2026-08-14 01:00:00+00:00,6148,0.70606,0.70628,0.70548,0.70617,0.7062,0.70641,0.70562,0.7063
2026-08-14 05:00:00+00:00,6161,0.7062,0.70745,0.70612,0.70721,0.70633,0.70758,0.70626,0.70735
2026-08-14 09:00:00+00:00,7221,0.70723,0.70893,0.70714,0.70802,0.70736,0.70909,0.70727,0.70816
2026-08-14 13:00:00+00:00,10853,0.70802,0.70952,0.70781,0.70831,0.70815,0.70964,0.70794,0.70845
2026-08-14 17:00:00+00:00,4259,0.70831,0.70837,0.70782,0.70833,0.70844,0.70882,0.70795,0.70872
2026-08-16 21:00:00+00:00,4124,0.70796,0.70948,0.70757,0.70919,0.70873,0.70962,0.70828,0.70933
2026-08-17 01:00:00+00:00,6227,0.70918,0.71053,0.70883,0.71009,0.70931,0.71067,0.70897,0.71023
2026-08-17 05:00:00+00:00,9681,0.71009,0.71236,0.71004,0.71194,0.71022,0.71248,0.71017,0.71207
2026-08-17 09:00:00+00:00,8081,0.71195,0.71289,0.71161,0.71213,0.71209,0.71302,0.71175,0.71226
2026-08-17 13:00:00+00:00,10803,0.71216,0.7124,0.71068,0.71113,0.71227,0.71252,0.7108,0.71126
2026-08-17 17:00:00+00:00,4650,0.71114,0.7112,0.71002,0.71031,0.71125,0.71134,0.71017,0.7105
2026-08-17 21:00:00+00:00,3507,0.7103,0.71103,0.71014,0.71087,0.71118,0.71122,0.71043,0.711
2026-08-18 01:00:00+00:00,6825,0.71086,0.7113,0.70985,0.70997,0.71098,0.71143,0.70999,0.7101
2026-08-18 05:00:00+00:00,8324,0.70997,0.71043,0.70947,0.71031,0.71008,0.71056,0.7096,0.71044
2026-08-18 09:00:00+00:00,7052,0.71029,0.71133,0.71008,0.71104,0.71044,0.71145,0.7102,0.71116
2026-08-18 13:00:00+00:00,12361,0.71104,0.71191,0.70897,0.70919,0.71115,0.71205,0.70909,0.70931
2026-08-18 17:00:00+00:00,5255,0.70917,0.7092,0.70817,0.70855,0.7093,0.70933,0.70831,0.70874
2026-08-18 21:00:00+00:00,5618,0.70806,0.70874,0.70736,0.70736,0.70891,0.70909,0.70749,0.70749
2026-08-19 01:00:00+00:00,8979,0.70736,0.70846,0.70662,0.70721,0.7075,0.7086,0.70676,0.70734
2026-08-19 05:00:00+00:00,11282,0.70721,0.70812,0.70665,0.70768,0.70735,0.70825,0.70678,0.7078
2026-08-19 09:00:00+00:00,13128,0.70768,0.71016,0.70696,0.70984,0.70781,0.71028,0.70709,0.70998
2026-08-19 13:00:00+00:00,23830,0.70986,0.71282,0.70983,0.71222,0.70998,0.71296,0.70996,0.71236
2026-08-19 17:00:00+00:00,11570,0.71224,0.71263,0.71115,0.71239,0.71235,0.71276,0.71128,0.71258
2026-08-19 21:00:00+00:00,5414,0.71136,0.71278,0.71136,0.71162,0.7128,0.71297,0.71162,0.71175
2026-08-20 01:00:00+00:00,12649,0.71161,0.71256,0.71016,0.71131,0.71175,0.71272,0.71039,0.71145
2026-08-20 05:00:00+00:00,11032,0.71131,0.71275,0.71111,0.71235,0.71144,0.71289,0.71125,0.71247
2026-08-20 09:00:00+00:00,12795,0.71237,0.71321,0.71022,0.71162,0.7125,0.71335,0.71036,0.71174
2026-08-20 13:00:00+00:00,19085,0.71161,0.71318,0.71102,0.71121,0.71174,0.71331,0.71115,0.71134
2026-08-20 17:00:00+00:00,6804,0.71122,0.71132,0.71053,0.71124,0.71136,0.71146,0.71066,0.7114
2026-08-20 21:00:00+00:00,5947,0.71116,0.71247,0.71031,0.71207,0.71156,0.7126,0.71116,0.7122
2026-08-21 01:00:00+00:00,8482,0.71204,0.71437,0.71201,0.714,0.71216,0.71451,0.71214,0.71413
2026-08-21 05:00:00+00:00,11195,0.714,0.71626,0.71375,0.71606,0.71412,0.7164,0.71386,0.71618
2026-08-21 09:00:00+00:00,12230,0.71606,0.71688,0.7157,0.71653,0.7162,0.717,0.71584,0.71664
2026-08-21 13:00:00+00:00,15806,0.71655,0.71764,0.71592,0.71718,0.71668,0.71777,0.71605,0.71732
2026-08-21 17:00:00+00:00,6037,0.71719,0.71796,0.71681,0.71682,0.71731,0.71809,0.71703,0.71729
2026-08-23 21:00:00+00:00,6726,0.71588,0.71754,0.71573,0.71754,0.71634,0.71768,0.71625,0.71767
2026-08-24 01:00:00+00:00,10649,0.71754,0.71763,0.71614,0.71666,0.71766,0.71777,0.71627,0.71679
2026-08-24 05:00:00+00:00,11851,0.71666,0.7171,0.71575,0.71598,0.71678,0.71723,0.71588,0.71611
2026-08-24 09:00:00+00:00,9616,0.71601,0.71687,0.7157,0.71613,0.71613,0.71701,0.71583,0.71626
2026-08-24 13:00:00+00:00,13090,0.71614,0.71672,0.71485,0.71489,0.71628,0.71686,0.71498,0.715
2026-08-24 17:00:00+00:00,7652,0.71489,0.71517,0.71399,0.71495,0.71501,0.71531,0.71412,0.71512
2026-08-24 21:00:00+00:00,5030,0.7145,0.71586,0.71421,0.71575,0.71511,0.71599,0.71495,0.71589
2026-08-25 01:00:00+00:00,8196,0.71575,0.71586,0.71453,0.71484,0.71588,0.71598,0.71466,0.71496
2026-08-25 05:00:00+00:00,9433,0.71483,0.71527,0.71371,0.7148,0.71496,0.7154,0.71384,0.71494
2026-08-25 09:00:00+00:00,10888,0.71479,0.71575,0.71472,0.71539,0.71492,0.71587,0.71484,0.71552
2026-08-25 13:00:00+00:00,12347,0.71538,0.71632,0.71518,0.71545,0.71553,0.71645,0.71532,0.71557
2026-08-25 17:00:00+00:00,5445,0.71546,0.71677,0.71525,0.71633,0.7156,0.71692,0.71537,0.71649
2026-08-25 21:00:00+00:00,6849,0.71567,0.71684,0.71492,0.71621,0.71693,0.71697,0.71626,0.71634
2026-08-26 01:00:00+00:00,11230,0.71618,0.71859,0.7159,0.71767,0.71629,0.71873,0.71605,0.71779
2026-08-26 05:00:00+00:00,8841,0.71766,0.7185,0.71731,0.71806,0.7178,0.71864,0.71744,0.71819
2026-08-26 09:00:00+00:00,8332,0.71807,0.71884,0.71754,0.71763,0.71821,0.71903,0.71768,0.71775
2026-08-26 13:00:00+00:00,13228,0.7176,0.71792,0.71639,0.71682,0.71771,0.71806,0.71651,0.71695
2026-08-26 17:00:00+00:00,4646,0.71682,0.7174,0.71676,0.71729,0.71696,0.71753,0.7169,0.71744
2026-08-26 21:00:00+00:00,7294,0.71653,0.7184,0.71637,0.71803,0.71719,0.71854,0.71706,0.71815
2026-08-27 01:00:00+00:00,8038,0.71803,0.7185,0.71787,0.71847,0.71816,0.71864,0.718,0.7186
2026-08-27 05:00:00+00:00,9279,0.71846,0.71868,0.71783,0.71823,0.71861,0.71882,0.71796,0.71836
2026-08-27 09:00:00+00:00,9430,0.71825,0.71919,0.71745,0.71867,0.71837,0.71932,0.71758,0.71881
2026-08-27 13:00:00+00:00,12140,0.71867,0.71972,0.71853,0.71965,0.71879,0.71986,0.71866,0.71979
2026-08-27 17:00:00+00:00,5317,0.71966,0.71973,0.71919,0.71945,0.71977,0.71986,0.71932,0.71962
2026-08-27 21:00:00+00:00,3574,0.71876,0.71983,0.71871,0.71959,0.71953,0.71996,0.7191,0.71971
2026-08-28 01:00:00+00:00,5799,0.71957,0.72043,0.71946,0.71978,0.71971,0.72056,0.71959,0.7199
2026-08-28 05:00:00+00:00,8251,0.71978,0.72012,0.71914,0.71929,0.71992,0.72025,0.71927,0.71942
2026-08-28 09:00:00+00:00,7336,0.71927,0.72008,0.71917,0.72008,0.71941,0.72021,0.71929,0.72021
2026-08-28 13:00:00+00:00,29127,0.72007,0.72074,0.71548,0.71599,0.72021,0.72091,0.71561,0.71613
2026-08-28 17:00:00+00:00,8252,0.71598,0.71643,0.7155,0.71586,0.71613,0.71658,0.71564,0.71657
2026-08-30 21:00:00+00:00,6204,0.71528,0.7164,0.71527,0.71629,0.71607,0.71654,0.71549,0.71642
2026-08-31 01:00:00+00:00,10762,0.71629,0.71703,0.7158,0.71656,0.7164,0.71716,0.71592,0.7167
2026-08-31 05:00:00+00:00,9729,0.71657,0.71667,0.71554,0.71575,0.7167,0.71679,0.71568,0.71589
2026-08-31 09:00:00+00:00,9999,0.71575,0.71653,0.71541,0.71586,0.71588,0.71665,0.71554,0.71598
2026-08-31 13:00:00+00:00,12536,0.71586,0.71698,0.71575,0.7167,0.71599,0.71711,0.71588,0.71683
2026-08-31 17:00:00+00:00,4674,0.7167,0.71675,0.71625,0.71658,0.71684,0.71687,0.71638,0.71677
2026-08-31 21:00:00+00:00,5320,0.71623,0.71802,0.71619,0.71703,0.71692,0.71816,0.7165,0.71716
2026-09-01 01:00:00+00:00,8609,0.71703,0.71747,0.71653,0.71669,0.71715,0.7176,0.71666,0.71682
2026-09-01 05:00:00+00:00,12774,0.71673,0.71712,0.71422,0.71431,0.71685,0.71725,0.71436,0.71446
2026-09-01 09:00:00+00:00,11022,0.71434,0.71533,0.71383,0.71531,0.71447,0.71545,0.71395,0.71544
2026-09-01 13:00:00+00:00,16697,0.71529,0.71602,0.71453,0.71496,0.71543,0.71614,0.71466,0.71509
2026-09-01 17:00:00+00:00,6536,0.71496,0.71512,0.71417,0.71437,0.71511,0.71525,0.71429,0.71454
2026-09-01 21:00:00+00:00,4811,0.71441,0.7147,0.714,0.71404,0.71539,0.71539,0.71412,0.71418
2026-09-02 01:00:00+00:00,14483,0.71405,0.71524,0.71314,0.71321,0.71417,0.7154,0.71327,0.71335
2026-09-02 05:00:00+00:00,15364,0.71323,0.71486,0.71255,0.7127,0.71336,0.71499,0.71269,0.71281
2026-09-02 09:00:00+00:00,14386,0.71266,0.71526,0.71209,0.71476,0.71277,0.71539,0.71222,0.71489
2026-09-02 13:00:00+00:00,19295,0.71475,0.71752,0.71475,0.71675,0.71487,0.71763,0.71487,0.71688
2026-09-02 17:00:00+00:00,8031,0.71675,0.71717,0.71639,0.71694,0.7169,0.71731,0.71653,0.71714
2026-09-02 21:00:00+00:00,6234,0.71626,0.71702,0.71585,0.71652,0.71696,0.71743,0.71621,0.71666
2026-09-03 01:00:00+00:00,10751,0.71653,0.71721,0.71607,0.71675,0.71665,0.71735,0.71619,0.71688
2026-09-03 05:00:00+00:00,16277,0.71676,0.71845,0.71578,0.71809,0.7169,0.71858,0.71593,0.71823
2026-09-03 09:00:00+00:00,15978,0.71809,0.72063,0.71779,0.72041,0.71822,0.72077,0.71792,0.72055
2026-09-03 13:00:00+00:00,20355,0.72043,0.72063,0.71858,0.72046,0.72056,0.72076,0.7187,0.72059
2026-09-03 17:00:00+00:00,6353,0.72046,0.72074,0.71992,0.71995,0.7206,0.72087,0.7201,0.72013
2026-09-03 21:00:00+00:00,6794,0.7195,0.72062,0.71924,0.72051,0.72065,0.7209,0.71996,0.72064
2026-09-04 01:00:00+00:00,8684,0.72048,0.7214,0.72022,0.72094,0.72062,0.72153,0.72035,0.72107
2026-09-04 05:00:00+00:00,9503,0.72094,0.72113,0.71977,0.72,0.72108,0.72126,0.71989,0.72014
2026-09-04 09:00:00+00:00,16961,0.71999,0.72096,0.71716,0.71927,0.72012,0.72144,0.71752,0.7194
2026-09-04 13:00:00+00:00,18739,0.71929,0.7212,0.71858,0.72097,0.7194,0.72133,0.71872,0.72111
2026-09-04 17:00:00+00:00,6921,0.72097,0.72097,0.71992,0.72011,0.7211,0.72111,0.72024,0.72067
2026-09-06 21:00:00+00:00,4152,0.71946,0.72107,0.71934,0.7207,0.7207,0.7212,0.71986,0.72083
2026-09-07 01:00:00+00:00,7164,0.7207,0.72079,0.71971,0.72048,0.72084,0.72093,0.71985,0.72061
2026-09-07 05:00:00+00:00,11252,0.72044,0.72242,0.72034,0.7218,0.72058,0.72254,0.72047,0.72191
2026-09-07 09:00:00+00:00,6778,0.7218,0.72206,0.72127,0.72149,0.72193,0.72218,0.7214,0.72162
2026-09-07 13:00:00+00:00,5024,0.72152,0.72219,0.72141,0.72195,0.72166,0.72232,0.72154,0.72209
2026-09-07 17:00:00+00:00,882,0.72195,0.72195,0.72163,0.72183,0.72207,0.7221,0.72176,0.722
2026-09-07 21:00:00+00:00,5465,0.72136,0.72228,0.72119,0.72166,0.72198,0.72241,0.72164,0.72181
2026-09-08 01:00:00+00:00,10387,0.72167,0.72182,0.72053,0.7216,0.72179,0.72196,0.72067,0.72174
2026-09-08 05:00:00+00:00,12908,0.72161,0.72213,0.72066,0.7209,0.72173,0.72226,0.72079,0.72104
2026-09-08 09:00:00+00:00,11484,0.7209,0.72237,0.72041,0.72232,0.72103,0.7225,0.72054,0.72245
2026-09-08 13:00:00+00:00,13243,0.72232,0.72302,0.72125,0.72175,0.72244,0.72316,0.72138,0.72188
2026-09-08 17:00:00+00:00,8047,0.72175,0.72257,0.72141,0.72155,0.72189,0.72271,0.72152,0.72174
2026-09-08 21:00:00+00:00,4846,0.72139,0.72263,0.72112,0.72256,0.72236,0.72275,0.72164,0.72269
2026-09-09 01:00:00+00:00,7026,0.72254,0.72295,0.7219,0.72294,0.72266,0.72309,0.72203,0.72307
2026-09-09 05:00:00+00:00,10004,0.72293,0.72374,0.72225,0.72232,0.72307,0.72387,0.72237,0.72246
2026-09-09 09:00:00+00:00,10603,0.72232,0.72257,0.72111,0.72228,0.72244,0.7227,0.72125,0.72241
2026-09-09 13:00:00+00:00,17027,0.72227,0.72333,0.72093,0.72197,0.72241,0.72345,0.72105,0.7221
2026-09-09 17:00:00+00:00,5102,0.72194,0.72238,0.72141,0.72171,0.72208,0.7225,0.72156,0.72191
2026-09-09 21:00:00+00:00,4836,0.72143,0.72224,0.72124,0.72137,0.72229,0.72237,0.72151,0.72151
2026-09-10 01:00:00+00:00,7119,0.72136,0.72221,0.72075,0.72182,0.72149,0.72233,0.72089,0.72195
2026-09-10 05:00:00+00:00,7487,0.72182,0.72203,0.72099,0.72116,0.72196,0.72215,0.72112,0.72128
2026-09-10 09:00:00+00:00,15889,0.72114,0.72138,0.71568,0.71643,0.72128,0.72151,0.71581,0.71657
2026-09-10 13:00:00+00:00,22713,0.71643,0.7172,0.71565,0.71659,0.71656,0.71733,0.71578,0.71672
2026-09-10 17:00:00+00:00,9429,0.71658,0.7168,0.71546,0.7156,0.7167,0.71691,0.7156,0.71579
2026-09-10 21:00:00+00:00,7514,0.71546,0.71653,0.71534,0.71649,0.71634,0.71667,0.71565,0.71662
2026-09-11 01:00:00+00:00,13096,0.71645,0.7166,0.71496,0.71603,0.71659,0.71673,0.71509,0.71615
2026-09-11 05:00:00+00:00,13730,0.71602,0.71754,0.71595,0.71669,0.71615,0.71768,0.71607,0.71681
2026-09-11 09:00:00+00:00,17878,0.7167,0.71852,0.71485,0.71851,0.71683,0.71866,0.71507,0.71864
2026-09-11 13:00:00+00:00,22422,0.71847,0.71871,0.71668,0.71749,0.7186,0.71884,0.7168,0.71762
2026-09-11 17:00:00+00:00,8412,0.71749,0.71764,0.7167,0.7169,0.71761,0.71777,0.71685,0.71722
2026-09-13 21:00:00+00:00,7786,0.71573,0.71664,0.7142,0.71472,0.71693,0.71726,0.71434,0.71485
2026-09-14 01:00:00+00:00,9811,0.71473,0.71562,0.71402,0.71502,0.71487,0.71576,0.71414,0.71515
2026-09-14 05:00:00+00:00,9920,0.71502,0.71503,0.71261,0.7129,0.71516,0.71516,0.71275,0.71302
2026-09-14 09:00:00+00:00,11363,0.7129,0.71313,0.71124,0.71131,0.71303,0.71326,0.71137,0.71145
2026-09-14 13:00:00+00:00,17778,0.71131,0.71484,0.71076,0.71462,0.71143,0.71497,0.7109,0.71475
2026-09-14 17:00:00+00:00,6432,0.71463,0.71466,0.71367,0.71392,0.71477,0.7148,0.7138,0.71407
2026-09-14 21:00:00+00:00,4629,0.71319,0.71407,0.71306,0.71327,0.71385,0.71427,0.71319,0.71339
2026-09-15 01:00:00+00:00,9712,0.71327,0.71356,0.71169,0.71201,0.7134,0.71369,0.71181,0.71215
2026-09-15 05:00:00+00:00,11949,0.71204,0.71279,0.71165,0.71259,0.71216,0.71292,0.71176,0.71271
2026-09-15 09:00:00+00:00,10695,0.71257,0.71318,0.71219,0.71272,0.71271,0.71331,0.71233,0.71285
2026-09-15 13:00:00+00:00,12486,0.7127,0.7134,0.71232,0.7132,0.71284,0.71354,0.71246,0.71332
2026-09-15 17:00:00+00:00,6023,0.71317,0.71334,0.71276,0.71305,0.71331,0.71347,0.71288,0.71323
2026-09-15 21:00:00+00:00,4647,0.71248,0.71325,0.712,0.71266,0.71398,0.71398,0.71214,0.7128
2026-09-16 01:00:00+00:00,7463,0.71269,0.71291,0.71195,0.7129,0.71282,0.71304,0.71209,0.71301
2026-09-16 05:00:00+00:00,8576,0.7129,0.7136,0.71244,0.71297,0.71303,0.71374,0.71258,0.7131
2026-09-16 09:00:00+00:00,8800,0.71295,0.71347,0.71273,0.71309,0.71309,0.7136,0.71285,0.71322
2026-09-16 13:00:00+00:00,11449,0.71305,0.71363,0.71226,0.71298,0.71319,0.71377,0.7124,0.71311
2026-09-16 17:00:00+00:00,35026,0.71298,0.71386,0.70744,0.70857,0.7131,0.71413,0.70757,0.70876
2026-09-16 21:00:00+00:00,7547,0.7086,0.70945,0.70811,0.70876,0.7091,0.70957,0.70849,0.70889
2026-09-17 01:00:00+00:00,8919,0.70879,0.71087,0.70866,0.71082,0.70891,0.71101,0.70879,0.71095
2026-09-17 05:00:00+00:00,10125,0.71081,0.71204,0.7106,0.71125,0.71093,0.71216,0.71073,0.71138
2026-09-17 09:00:00+00:00,13088,0.71126,0.71258,0.71051,0.71198,0.7114,0.71271,0.71063,0.71211
2026-09-17 13:00:00+00:00,12607,0.71198,0.71213,0.71096,0.71121,0.7121,0.71226,0.71108,0.71134
2026-09-17 17:00:00+00:00,5058,0.71121,0.71141,0.71083,0.71092,0.71135,0.71154,0.71097,0.7111
2026-09-17 21:00:00+00:00,4948,0.71093,0.71174,0.71074,0.71173,0.71243,0.71243,0.71089,0.71186
2026-09-18 01:00:00+00:00,9766,0.71174,0.71355,0.71107,0.71282,0.71186,0.71368,0.71121,0.71294
2026-09-18 05:00:00+00:00,10855,0.71283,0.71287,0.71209,0.71256,0.71296,0.71301,0.71222,0.71269
2026-09-18 09:00:00+00:00,9278,0.71257,0.71287,0.71125,0.71155,0.71269,0.713,0.71138,0.71169
2026-09-18 13:00:00+00:00,13758,0.71155,0.71227,0.71032,0.71213,0.71168,0.7124,0.71045,0.71227
2026-09-18 17:00:00+00:00,8697,0.71213,0.71274,0.71213,0.71224,0.71225,0.71287,0.71225,0.71275
2026-09-20 21:00:00+00:00,3319,0.71061,0.7129,0.71031,0.71256,0.71211,0.71303,0.71181,0.71268
2026-09-21 01:00:00+00:00,5157,0.71255,0.71302,0.71202,0.71268,0.71266,0.71316,0.71216,0.71282
2026-09-21 05:00:00+00:00,7159,0.71269,0.71326,0.71205,0.71293,0.71282,0.7134,0.71217,0.71305
2026-09-21 09:00:00+00:00,7392,0.71293,0.71397,0.71258,0.71351,0.71306,0.71411,0.7127,0.71363
2026-09-21 13:00:00+00:00,9054,0.71348,0.71352,0.71202,0.71231,0.71359,0.71365,0.71215,0.71245
2026-09-21 17:00:00+00:00,4195,0.71231,0.7124,0.71168,0.71185,0.71244,0.71253,0.7118,0.71203
2026-09-21 21:00:00+00:00,4070,0.71159,0.71244,0.71159,0.71201,0.71214,0.71257,0.71185,0.71215
2026-09-22 01:00:00+00:00,9831,0.71203,0.71255,0.70978,0.71202,0.71215,0.71267,0.7099,0.71216
2026-09-22 05:00:00+00:00,13863,0.71203,0.71235,0.70919,0.71104,0.71216,0.71247,0.70932,0.71118
2026-09-22 09:00:00+00:00,15130,0.71106,0.71196,0.71042,0.7107,0.71119,0.71209,0.71056,0.71083
2026-09-22 13:00:00+00:00,13611,0.7107,0.71172,0.70965,0.71055,0.71084,0.71185,0.70976,0.71067
2026-09-22 17:00:00+00:00,8077,0.71054,0.71204,0.71019,0.7114,0.71067,0.71217,0.71032,0.71158
2026-09-22 21:00:00+00:00,4543,0.71138,0.71174,0.71082,0.71151,0.71208,0.71208,0.71094,0.71164
2026-09-23 01:00:00+00:00,7357,0.71151,0.71158,0.70976,0.71023,0.71163,0.71171,0.7099,0.71035
2026-09-23 05:00:00+00:00,9874,0.71022,0.71051,0.70792,0.70872,0.71035,0.71064,0.70805,0.70885
2026-09-23 09:00:00+00:00,9719,0.70872,0.70887,0.70595,0.70652,0.70886,0.709,0.70608,0.70665
2026-09-23 13:00:00+00:00,22384,0.70651,0.70687,0.70273,0.70279,0.70665,0.707,0.70287,0.70294
2026-09-23 17:00:00+00:00,9283,0.70281,0.70428,0.70253,0.70387,0.70295,0.70441,0.70266,0.70402
2026-09-23 21:00:00+00:00,5623,0.70398,0.70408,0.70287,0.7033,0.70473,0.7049,0.70302,0.70343
2026-09-24 01:00:00+00:00,12708,0.70328,0.70399,0.7017,0.70347,0.70343,0.70415,0.70183,0.70361
2026-09-24 05:00:00+00:00,14535,0.70349,0.70445,0.70277,0.70295,0.70361,0.70457,0.70289,0.70309
2026-09-24 09:00:00+00:00,15189,0.70296,0.70323,0.70229,0.70295,0.70309,0.70336,0.70242,0.70308
2026-09-24 13:00:00+00:00,19793,0.70296,0.70337,0.70066,0.70246,0.70308,0.70349,0.7008,0.7026
2026-09-24 17:00:00+00:00,13263,0.70248,0.70284,0.70051,0.70111,0.70259,0.70298,0.70066,0.70129
2026-09-24 21:00:00+00:00,4368,0.70097,0.7013,0.70034,0.70094,0.70182,0.70213,0.70046,0.70108
2026-09-25 01:00:00+00:00,7009,0.70097,0.70157,0.70075,0.70134,0.7011,0.7017,0.70088,0.70147
2026-09-25 05:00:00+00:00,11910,0.70134,0.70298,0.70133,0.70288,0.70146,0.70311,0.70146,0.703
2026-09-25 09:00:00+00:00,11802,0.70285,0.70357,0.70239,0.70247,0.70298,0.70371,0.70253,0.7026
2026-09-25 13:00:00+00:00,24688,0.7025,0.70423,0.70147,0.70294,0.70261,0.70436,0.70159,0.70308
2026-09-25 17:00:00+00:00,11155,0.70296,0.70311,0.70208,0.70221,0.70309,0.70324,0.70256,0.70266
2026-09-27 21:00:00+00:00,7006,0.70088,0.70192,0.7006,0.70175,0.70148,0.70338,0.70073,0.70188
