time,volume,bid_open,bid_high,bid_low,bid_close,ask_open,ask_high,ask_low,ask_close
2025-09-30 21:00:00+00:00,11964,1.17327,1.17419,1.17289,1.17352,1.17386,1.17436,1.17305,1.17369
2025-10-01 01:00:00+00:00,11232,1.17354,1.1758,1.17295,1.17575,1.1737,1.17597,1.17312,1.17591
2025-10-01 05:00:00+00:00,43497,1.17579,1.1778,1.17413,1.17487,1.17595,1.17795,1.17428,1.17503
2025-10-01 09:00:00+00:00,52591,1.17487,1.17683,1.17152,1.17483,1.17504,1.17699,1.17167,1.175
2025-10-01 13:00:00+00:00,62493,1.17483,1.17627,1.17147,1.17219,1.17501,1.17644,1.17163,1.17236
2025-10-01 17:00:00+00:00,18222,1.17221,1.17412,1.17208,1.17302,1.17237,1.17426,1.17224,1.17322
2025-10-01 21:00:00+00:00,12085,1.17282,1.17365,1.17239,1.17291,1.17334,1.17385,1.17254,1.17305
2025-10-02 01:00:00+00:00,11053,1.17291,1.17412,1.17229,1.17336,1.17306,1.17428,1.17247,1.17353
2025-10-02 05:00:00+00:00,27105,1.17335,1.1756,1.17287,1.1753,1.17351,1.17577,1.17303,1.17547
2025-10-02 09:00:00+00:00,26547,1.17531,1.17576,1.17337,1.17368,1.17547,1.17592,1.17352,1.17383
2025-10-02 13:00:00+00:00,47727,1.17368,1.17432,1.16824,1.17141,1.17384,1.17448,1.16841,1.17158
2025-10-02 17:00:00+00:00,13509,1.17141,1.17262,1.17116,1.17156,1.17157,1.17276,1.17132,1.17174
2025-10-02 21:00:00+00:00,6520,1.17138,1.17252,1.17138,1.17234,1.17154,1.17269,1.17154,1.17251
2025-10-03 01:00:00+00:00,13591,1.17235,1.17285,1.17154,1.17172,1.17251,1.17301,1.17171,1.17188
2025-10-03 05:00:00+00:00,24354,1.17171,1.17439,1.1714,1.17395,1.17188,1.17454,1.17158,1.1741
2025-10-03 09:00:00+00:00,25225,1.17394,1.17422,1.17259,1.17387,1.1741,1.17437,1.17279,1.17403
2025-10-03 13:00:00+00:00,43076,1.17387,1.17586,1.1732,1.17391,1.17404,1.17602,1.17334,1.17406
2025-10-03 17:00:00+00:00,14030,1.17391,1.17437,1.1726,1.17417,1.17405,1.17466,1.17276,1.17441
2025-10-05 21:00:00+00:00,22165,1.17237,1.17263,1.17056,1.17154,1.17296,1.17322,1.17071,1.17169
2025-10-06 01:00:00+00:00,18284,1.17155,1.17302,1.17093,1.17195,1.17169,1.17317,1.17109,1.1721
2025-10-06 05:00:00+00:00,50131,1.17194,1.17246,1.1651,1.16669,1.1721,1.17261,1.16526,1.16685
2025-10-06 09:00:00+00:00,38944,1.16668,1.1689,1.16518,1.16883,1.16685,1.16906,1.16533,1.16899
2025-10-06 13:00:00+00:00,36225,1.16883,1.17202,1.1683,1.17114,1.169,1.17219,1.16845,1.1713
2025-10-06 17:00:00+00:00,12951,1.17113,1.17162,1.17076,1.17126,1.1713,1.17178,1.17094,1.17146
2025-10-06 21:00:00+00:00,11898,1.17062,1.17138,1.17036,1.17082,1.17143,1.17181,1.17051,1.17097
2025-10-07 01:00:00+00:00,10512,1.17081,1.17082,1.16936,1.16975,1.17098,1.17098,1.16952,1.16991
2025-10-07 05:00:00+00:00,27114,1.16974,1.16991,1.16643,1.16651,1.16991,1.17006,1.16659,1.16666
2025-10-07 09:00:00+00:00,29650,1.16652,1.16752,1.16529,1.16661,1.16666,1.16768,1.16547,1.16678
2025-10-07 13:00:00+00:00,40019,1.16661,1.16804,1.1654,1.16694,1.16679,1.16821,1.16556,1.16709
2025-10-07 17:00:00+00:00,17983,1.16694,1.16787,1.16468,1.16575,1.1671,1.16802,1.16485,1.16595
2025-10-07 21:00:00+00:00,12145,1.16538,1.16606,1.16448,1.16467,1.16597,1.16622,1.16464,1.16481
2025-10-08 01:00:00+00:00,21266,1.16466,1.16466,1.16153,1.16185,1.1648,1.1648,1.16169,1.16199
2025-10-08 05:00:00+00:00,33461,1.16183,1.16348,1.16062,1.16138,1.16198,1.16364,1.16078,1.16154
2025-10-08 09:00:00+00:00,31298,1.1614,1.16372,1.16051,1.16316,1.16155,1.16388,1.16068,1.16332
2025-10-08 13:00:00+00:00,37308,1.16316,1.1644,1.15977,1.16046,1.16333,1.16456,1.15992,1.16061
2025-10-08 17:00:00+00:00,22746,1.16047,1.16316,1.15986,1.16264,1.16064,1.16332,1.16004,1.16297
2025-10-08 21:00:00+00:00,13610,1.16225,1.16404,1.1619,1.16363,1.16314,1.16421,1.16264,1.1638
2025-10-09 01:00:00+00:00,14933,1.16364,1.1647,1.16358,1.16448,1.1638,1.16487,1.16374,1.16464
2025-10-09 05:00:00+00:00,34322,1.16447,1.16475,1.16023,1.16118,1.16464,1.16492,1.16037,1.16133
2025-10-09 09:00:00+00:00,35122,1.16117,1.16267,1.16041,1.16143,1.16133,1.16283,1.16058,1.16159
2025-10-09 13:00:00+00:00,63677,1.16143,1.16223,1.15464,1.15573,1.1616,1.1624,1.1548,1.15588
2025-10-09 17:00:00+00:00,22155,1.15571,1.15662,1.15413,1.15639,1.15587,1.15679,1.15428,1.15657
2025-10-09 21:00:00+00:00,11189,1.1556,1.157,1.1556,1.1567,1.1566,1.15717,1.15578,1.15684
2025-10-10 01:00:00+00:00,12073,1.1567,1.15734,1.15617,1.1573,1.15687,1.15752,1.15633,1.15745
2025-10-10 05:00:00+00:00,31731,1.15729,1.15888,1.15603,1.1578,1.15745,1.15904,1.15618,1.15796
2025-10-10 09:00:00+00:00,28634,1.15781,1.15828,1.15584,1.15711,1.15796,1.15843,1.15601,1.15727
2025-10-10 13:00:00+00:00,70431,1.15709,1.16299,1.15611,1.1605,1.15726,1.16318,1.15627,1.16067
2025-10-10 17:00:00+00:00,24470,1.16049,1.16281,1.15962,1.16183,1.16067,1.16308,1.1598,1.16264
2025-10-12 21:00:00+00:00,18323,1.16086,1.16152,1.15915,1.16151,1.16143,1.16191,1.1593,1.16167
2025-10-13 01:00:00+00:00,16759,1.16152,1.16269,1.16089,1.16196,1.16169,1.16285,1.16105,1.16211
2025-10-13 05:00:00+00:00,36747,1.16197,1.16291,1.15807,1.15848,1.16213,1.16307,1.15824,1.15864
2025-10-13 09:00:00+00:00,31773,1.15847,1.15974,1.15607,1.15679,1.15862,1.15989,1.15624,1.15696
2025-10-13 13:00:00+00:00,33241,1.15677,1.15785,1.15567,1.15745,1.15694,1.15802,1.15583,1.15763
2025-10-13 17:00:00+00:00,12643,1.15746,1.15769,1.15643,1.15697,1.15762,1.15785,1.1566,1.15717
2025-10-13 21:00:00+00:00,10684,1.15675,1.15734,1.15544,1.15605,1.15733,1.15761,1.1556,1.15621
2025-10-14 01:00:00+00:00,19677,1.15606,1.1592,1.156,1.15912,1.15621,1.15935,1.15616,1.15929
2025-10-14 05:00:00+00:00,46552,1.15913,1.15928,1.15417,1.15584,1.15927,1.15945,1.15432,1.15604
2025-10-14 09:00:00+00:00,36361,1.15583,1.15645,1.15455,1.15548,1.15604,1.15661,1.15473,1.15564
2025-10-14 13:00:00+00:00,61276,1.15548,1.16145,1.15536,1.16087,1.15565,1.16159,1.15551,1.16103
2025-10-14 17:00:00+00:00,23502,1.16085,1.16115,1.15991,1.1607,1.16101,1.16132,1.16007,1.16088
2025-10-14 21:00:00+00:00,9508,1.16071,1.16134,1.16011,1.16098,1.16085,1.16149,1.16027,1.16112
2025-10-15 01:00:00+00:00,19233,1.16098,1.16251,1.16062,1.16177,1.16113,1.16268,1.1608,1.16192
2025-10-15 05:00:00+00:00,33847,1.16179,1.16448,1.16168,1.16319,1.16193,1.16464,1.16184,1.16336
2025-10-15 09:00:00+00:00,31535,1.16317,1.16385,1.1613,1.16169,1.16333,1.16402,1.16148,1.16184
2025-10-15 13:00:00+00:00,48130,1.16169,1.16465,1.16096,1.16392,1.16185,1.16482,1.16112,1.16409
2025-10-15 17:00:00+00:00,21869,1.16392,1.16469,1.16262,1.16458,1.16406,1.16487,1.16278,1.16475
2025-10-15 21:00:00+00:00,12488,1.16441,1.16663,1.16414,1.16624,1.16475,1.16679,1.16438,1.1664
2025-10-16 01:00:00+00:00,19550,1.16626,1.16746,1.1655,1.16553,1.16641,1.16764,1.16565,1.16571
2025-10-16 05:00:00+00:00,35590,1.16553,1.16673,1.16425,1.16582,1.16569,1.16689,1.16439,1.16599
2025-10-16 09:00:00+00:00,32070,1.16582,1.16632,1.16456,1.16598,1.16598,1.16648,1.16471,1.16614
2025-10-16 13:00:00+00:00,49815,1.16599,1.16784,1.16493,1.16763,1.16616,1.16798,1.16509,1.16779
2025-10-16 17:00:00+00:00,29897,1.16764,1.16934,1.16759,1.16867,1.16779,1.1695,1.16776,1.16887
2025-10-16 21:00:00+00:00,10717,1.16807,1.17107,1.16807,1.17061,1.16907,1.17123,1.16874,1.17075
2025-10-17 01:00:00+00:00,20548,1.17059,1.17116,1.16944,1.1709,1.17075,1.1713,1.16961,1.17108
2025-10-17 05:00:00+00:00,50417,1.17092,1.17277,1.16909,1.16965,1.17108,1.17293,1.16923,1.1698
2025-10-17 09:00:00+00:00,37700,1.16965,1.17069,1.16663,1.16757,1.16983,1.17085,1.16679,1.16774
2025-10-17 13:00:00+00:00,48451,1.16757,1.16805,1.16559,1.16701,1.16773,1.16823,1.16575,1.16717
2025-10-17 17:00:00+00:00,21375,1.16701,1.16751,1.16493,1.16502,1.16716,1.16767,1.16511,1.1652
2025-10-19 21:00:00+00:00,11001,1.16639,1.16659,1.16511,1.16658,1.167,1.167,1.16526,1.16674
2025-10-20 01:00:00+00:00,14454,1.16658,1.16732,1.16558,1.16708,1.16673,1.16748,1.16574,1.16723
2025-10-20 05:00:00+00:00,29638,1.16706,1.16749,1.16529,1.16627,1.16722,1.16765,1.16544,1.16643
2025-10-20 09:00:00+00:00,33410,1.16629,1.16669,1.16436,1.16527,1.16645,1.16686,1.16452,1.16543
2025-10-20 13:00:00+00:00,33253,1.16527,1.16638,1.16455,1.16488,1.16544,1.16653,1.16471,1.16504
2025-10-20 17:00:00+00:00,14954,1.16485,1.16522,1.16374,1.16403,1.16501,1.16539,1.16391,1.16423
2025-10-20 21:00:00+00:00,7834,1.16408,1.16545,1.16398,1.16524,1.16443,1.16561,1.16432,1.16539
2025-10-21 01:00:00+00:00,17045,1.16523,1.16523,1.1631,1.16352,1.16539,1.16539,1.16327,1.16369
2025-10-21 05:00:00+00:00,35536,1.16354,1.1637,1.16119,1.16204,1.16369,1.16385,1.16135,1.16219
2025-10-21 09:00:00+00:00,39243,1.16205,1.16265,1.1601,1.16103,1.16221,1.16281,1.16028,1.1612
2025-10-21 13:00:00+00:00,51392,1.16103,1.16239,1.15968,1.16081,1.16119,1.16256,1.15986,1.16098
2025-10-21 17:00:00+00:00,16834,1.16082,1.16094,1.15983,1.15991,1.16098,1.16109,1.15999,1.16008
2025-10-21 21:00:00+00:00,9329,1.15988,1.16072,1.15982,1.16039,1.16008,1.1609,1.15997,1.16055
2025-10-22 01:00:00+00:00,12426,1.1604,1.16102,1.16006,1.16084,1.16055,1.16118,1.16023,1.16101
2025-10-22 05:00:00+00:00,33356,1.16083,1.16151,1.15889,1.15968,1.16101,1.16166,1.15906,1.15985
2025-10-22 09:00:00+00:00,29256,1.15967,1.16013,1.15762,1.15823,1.15985,1.1603,1.15778,1.15838
2025-10-22 13:00:00+00:00,42666,1.15823,1.16217,1.15812,1.16187,1.15839,1.16235,1.15828,1.16203
2025-10-22 17:00:00+00:00,18292,1.16188,1.16199,1.16041,1.16091,1.16203,1.16215,1.16056,1.16109
2025-10-22 21:00:00+00:00,7695,1.16083,1.16138,1.15967,1.16033,1.16165,1.16165,1.15985,1.1605
2025-10-23 01:00:00+00:00,12015,1.16035,1.16049,1.15898,1.1598,1.1605,1.16064,1.15915,1.15997
2025-10-23 05:00:00+00:00,22595,1.15979,1.16054,1.15899,1.15955,1.15995,1.16071,1.15915,1.15971
2025-10-23 09:00:00+00:00,22756,1.15955,1.16053,1.15847,1.15999,1.15972,1.16069,1.15862,1.16014
2025-10-23 13:00:00+00:00,33612,1.16001,1.16192,1.15973,1.16061,1.16015,1.16208,1.1599,1.16078
2025-10-23 17:00:00+00:00,12727,1.16061,1.16195,1.16035,1.16172,1.16076,1.16211,1.1605,1.1619
2025-10-23 21:00:00+00:00,6768,1.16148,1.16209,1.16132,1.16171,1.16188,1.16225,1.16159,1.16189
2025-10-24 01:00:00+00:00,9340,1.16171,1.1618,1.16048,1.16068,1.16188,1.16196,1.16064,1.16085
2025-10-24 05:00:00+00:00,27512,1.16067,1.16274,1.16001,1.16096,1.16083,1.16288,1.16017,1.16112
2025-10-24 09:00:00+00:00,36476,1.16095,1.16481,1.16043,1.16335,1.16112,1.16553,1.16059,1.16351
2025-10-24 13:00:00+00:00,43265,1.16335,1.16427,1.16174,1.16249,1.16352,1.16443,1.16189,1.16265
2025-10-24 17:00:00+00:00,17252,1.16247,1.16352,1.16199,1.16238,1.16263,1.16368,1.16218,1.16271
2025-10-26 21:00:00+00:00,11203,1.16345,1.16368,1.16229,1.16342,1.1637,1.16389,1.16266,1.16359
2025-10-27 01:00:00+00:00,11664,1.16343,1.16471,1.16201,1.16237,1.16358,1.16487,1.16217,1.16254
2025-10-27 05:00:00+00:00,22042,1.16238,1.16326,1.1617,1.16273,1.16254,1.16341,1.16186,1.16289
2025-10-27 09:00:00+00:00,25923,1.16272,1.16509,1.16254,1.16406,1.1629,1.16525,1.16268,1.16422
2025-10-27 13:00:00+00:00,28475,1.16406,1.16423,1.16307,1.16378,1.16421,1.16438,1.16324,1.16396
2025-10-27 17:00:00+00:00,14702,1.1638,1.16513,1.16343,1.1644,1.16396,1.16529,1.16359,1.16459
2025-10-27 21:00:00+00:00,8919,1.16442,1.16579,1.16431,1.1655,1.1647,1.16596,1.16463,1.16565
2025-10-28 01:00:00+00:00,13625,1.16549,1.16669,1.1653,1.16656,1.16565,1.16684,1.16547,1.16671
2025-10-28 05:00:00+00:00,23326,1.16655,1.16673,1.16478,1.16513,1.16671,1.16689,1.16496,1.16529
2025-10-28 09:00:00+00:00,25752,1.16512,1.16643,1.16341,1.16395,1.16529,1.16657,1.16357,1.1641
2025-10-28 13:00:00+00:00,37706,1.16394,1.16672,1.16248,1.1667,1.1641,1.16687,1.16263,1.16687
2025-10-28 17:00:00+00:00,16779,1.1667,1.16679,1.16503,1.16512,1.16686,1.16696,1.16519,1.16531
2025-10-28 21:00:00+00:00,12231,1.16503,1.16601,1.16478,1.16538,1.16518,1.16619,1.16493,1.16553
2025-10-29 01:00:00+00:00,13762,1.16538,1.16553,1.16307,1.16333,1.16552,1.16569,1.16322,1.16349
2025-10-29 05:00:00+00:00,23443,1.16334,1.16371,1.16224,1.16225,1.16349,1.16388,1.16241,1.16241
2025-10-29 09:00:00+00:00,26494,1.16223,1.1648,1.1618,1.16332,1.16241,1.16497,1.16197,1.16348
2025-10-29 13:00:00+00:00,33075,1.16333,1.16651,1.16308,1.16564,1.16348,1.16667,1.16325,1.1658
2025-10-29 17:00:00+00:00,70057,1.16564,1.16583,1.15768,1.15997,1.16578,1.16599,1.15784,1.16015
2025-10-29 21:00:00+00:00,8540,1.16002,1.16149,1.1596,1.16112,1.16018,1.16164,1.15979,1.16128
2025-10-30 01:00:00+00:00,24937,1.16114,1.16367,1.16061,1.16312,1.16129,1.16383,1.16079,1.16329
2025-10-30 05:00:00+00:00,29749,1.16312,1.16334,1.16058,1.16165,1.1633,1.1635,1.16072,1.16179
2025-10-30 09:00:00+00:00,33307,1.16164,1.16276,1.15524,1.15544,1.16181,1.16293,1.1554,1.15558
2025-10-30 13:00:00+00:00,44897,1.15545,1.15855,1.15462,1.15685,1.15559,1.15873,1.15479,1.15702
2025-10-30 17:00:00+00:00,15612,1.15685,1.15716,1.15595,1.15644,1.157,1.15731,1.15611,1.15662
2025-10-30 21:00:00+00:00,7887,1.15653,1.15764,1.15627,1.1573,1.15693,1.1578,1.15655,1.15746
2025-10-31 01:00:00+00:00,11814,1.15729,1.15767,1.15642,1.15714,1.15746,1.15784,1.15657,1.15728
2025-10-31 05:00:00+00:00,19741,1.15714,1.15726,1.15542,1.15699,1.1573,1.15742,1.15558,1.15717
2025-10-31 09:00:00+00:00,23864,1.15699,1.15761,1.15526,1.15553,1.15716,1.15777,1.15542,1.15567
2025-10-31 13:00:00+00:00,43699,1.15551,1.15557,1.1521,1.15295,1.15565,1.15572,1.15228,1.15309
2025-10-31 17:00:00+00:00,15520,1.15296,1.15389,1.15207,1.15355,1.1531,1.1541,1.15223,1.15371
2025-11-02 22:00:00+00:00,15965,1.1529,1.15373,1.15208,1.15263,1.15344,1.15404,1.15224,1.15279
2025-11-03 02:00:00+00:00,12215,1.15265,1.15368,1.15257,1.15343,1.15281,1.15386,1.15273,1.15358
2025-11-03 06:00:00+00:00,22643,1.15342,1.15405,1.15088,1.15137,1.15358,1.15422,1.15104,1.15153
2025-11-03 10:00:00+00:00,24746,1.15136,1.15216,1.1505,1.15103,1.15153,1.15232,1.15066,1.15119
2025-11-03 14:00:00+00:00,33910,1.15102,1.15371,1.15045,1.15264,1.15119,1.15387,1.15059,1.15281
2025-11-03 18:00:00+00:00,13141,1.15266,1.15303,1.15153,1.15182,1.15281,1.1532,1.1517,1.15198
2025-11-03 22:00:00+00:00,10526,1.15162,1.15201,1.14974,1.15094,1.15237,1.15237,1.14991,1.15109
2025-11-04 02:00:00+00:00,11674,1.15093,1.1517,1.15044,1.15118,1.15109,1.15186,1.15058,1.15134
2025-11-04 06:00:00+00:00,27100,1.1512,1.15329,1.14992,1.15003,1.15135,1.15345,1.15008,1.15019
2025-11-04 10:00:00+00:00,25611,1.15002,1.15091,1.1476,1.14915,1.15019,1.15108,1.14777,1.1493
2025-11-04 14:00:00+00:00,29827,1.14913,1.14959,1.14724,1.14832,1.14929,1.14975,1.14739,1.14848
2025-11-04 18:00:00+00:00,13382,1.14831,1.14864,1.14743,1.14818,1.14846,1.14881,1.1476,1.14835
2025-11-04 22:00:00+00:00,12414,1.1481,1.14973,1.14779,1.14886,1.14857,1.14989,1.14805,1.14902
2025-11-05 02:00:00+00:00,11271,1.14888,1.14936,1.14842,1.1491,1.14902,1.14952,1.14858,1.14927
2025-11-05 06:00:00+00:00,19423,1.14912,1.14947,1.14807,1.14838,1.14928,1.14963,1.14822,1.14854
2025-11-05 10:00:00+00:00,22518,1.14837,1.14928,1.14721,1.14728,1.14854,1.14944,1.14737,1.14744
2025-11-05 14:00:00+00:00,38827,1.14727,1.14924,1.14678,1.14797,1.14744,1.14941,1.14694,1.14813
2025-11-05 18:00:00+00:00,11100,1.14797,1.14934,1.1478,1.14915,1.14811,1.1495,1.14797,1.14935
2025-11-05 22:00:00+00:00,8963,1.14899,1.15082,1.14895,1.15068,1.14927,1.15098,1.14918,1.15082
2025-11-06 02:00:00+00:00,8462,1.15066,1.15102,1.15024,1.15094,1.15082,1.15118,1.1504,1.1511
2025-11-06 06:00:00+00:00,20894,1.15093,1.15232,1.15047,1.15129,1.15108,1.15249,1.15061,1.15144
2025-11-06 10:00:00+00:00,24341,1.15127,1.15433,1.15094,1.15348,1.15144,1.15449,1.1511,1.15364
2025-11-06 14:00:00+00:00,38428,1.15348,1.15421,1.15183,1.15401,1.15365,1.15437,1.15198,1.15415
2025-11-06 18:00:00+00:00,15013,1.15401,1.15515,1.15385,1.1546,1.15416,1.15531,1.154,1.15482
2025-11-06 22:00:00+00:00,16124,1.15405,1.15506,1.15354,1.15372,1.15496,1.15524,1.1537,1.15388
2025-11-07 02:00:00+00:00,10374,1.15372,1.15423,1.15316,1.15333,1.15389,1.15438,1.15332,1.15349
2025-11-07 06:00:00+00:00,17754,1.15336,1.15416,1.15287,1.15374,1.15352,1.15432,1.15304,1.15391
2025-11-07 10:00:00+00:00,24863,1.15373,1.1569,1.15366,1.15669,1.15391,1.15707,1.15383,1.15683
2025-11-07 14:00:00+00:00,29882,1.15669,1.15903,1.15647,1.15797,1.15684,1.15919,1.15663,1.15812
2025-11-07 18:00:00+00:00,13543,1.15797,1.15828,1.15546,1.15652,1.15813,1.15843,1.15563,1.15677
2025-11-09 22:00:00+00:00,16620,1.15546,1.15596,1.15407,1.15575,1.15609,1.15625,1.15424,1.1559
2025-11-10 02:00:00+00:00,11443,1.15574,1.15657,1.15505,1.15612,1.1559,1.15675,1.15519,1.15628
2025-11-10 06:00:00+00:00,22375,1.15612,1.15823,1.15506,1.15675,1.15627,1.15839,1.15523,1.15691
2025-11-10 10:00:00+00:00,21108,1.15675,1.15773,1.15533,1.15671,1.1569,1.15789,1.15549,1.15688
2025-11-10 14:00:00+00:00,28306,1.15672,1.15677,1.15404,1.15598,1.15688,1.15693,1.1542,1.15613
2025-11-10 18:00:00+00:00,10261,1.15599,1.15641,1.15544,1.15561,1.15615,1.15657,1.1556,1.15581
2025-11-10 22:00:00+00:00,9958,1.15514,1.15597,1.15465,1.1554,1.15614,1.15631,1.1548,1.15556
2025-11-11 02:00:00+00:00,10111,1.15541,1.15645,1.1551,1.15608,1.15556,1.15661,1.15527,1.15625
2025-11-11 06:00:00+00:00,22036,1.15608,1.15676,1.15489,1.15641,1.15624,1.15693,1.15503,1.15657
2025-11-11 10:00:00+00:00,26112,1.15639,1.16051,1.15619,1.16002,1.15656,1.16068,1.15635,1.16019
2025-11-11 14:00:00+00:00,25707,1.16004,1.16045,1.15898,1.15941,1.1602,1.16062,1.15915,1.15958
2025-11-11 18:00:00+00:00,11623,1.1594,1.15947,1.15803,1.15817,1.15958,1.15964,1.15819,1.15833
2025-11-11 22:00:00+00:00,8996,1.15844,1.15864,1.15738,1.15748,1.15897,1.15897,1.15754,1.15763
2025-11-12 02:00:00+00:00,9925,1.15747,1.15808,1.15693,1.15754,1.15763,1.15824,1.15709,1.15771
2025-11-12 06:00:00+00:00,20032,1.15754,1.15877,1.15675,1.15694,1.15772,1.15893,1.15691,1.15711
2025-11-12 10:00:00+00:00,23087,1.15694,1.15795,1.15642,1.15713,1.1571,1.15811,1.1566,1.15729
2025-11-12 14:00:00+00:00,28198,1.15713,1.15969,1.15622,1.15924,1.1573,1.15985,1.15637,1.15938
2025-11-12 18:00:00+00:00,10567,1.15925,1.15936,1.15832,1.15922,1.1594,1.15952,1.15849,1.15942
2025-11-12 22:00:00+00:00,12503,1.15921,1.15934,1.15781,1.15886,1.15939,1.15956,1.15798,1.15902
2025-11-13 02:00:00+00:00,8413,1.15885,1.15921,1.15796,1.1581,1.15902,1.15938,1.15811,1.15827
2025-11-13 06:00:00+00:00,26149,1.1581,1.16341,1.15804,1.16158,1.15825,1.16357,1.1582,1.16174
2025-11-13 10:00:00+00:00,25707,1.16158,1.16243,1.16039,1.16198,1.16175,1.16257,1.16054,1.16214
2025-11-13 14:00:00+00:00,35723,1.16199,1.16553,1.16163,1.16505,1.16214,1.1657,1.16178,1.1652
2025-11-13 18:00:00+00:00,16093,1.16505,1.16512,1.163,1.16335,1.16521,1.16526,1.16316,1.16355
2025-11-13 22:00:00+00:00,13468,1.16351,1.16385,1.16226,1.16326,1.16393,1.16439,1.16242,1.16342
2025-11-14 02:00:00+00:00,13285,1.16324,1.16476,1.1629,1.1647,1.1634,1.16491,1.16305,1.16487
2025-11-14 06:00:00+00:00,31999,1.1647,1.16479,1.16196,1.16207,1.16486,1.16494,1.16212,1.16226
2025-11-14 10:00:00+00:00,34305,1.16207,1.1653,1.16081,1.16369,1.16225,1.16546,1.16097,1.16386
2025-11-14 14:00:00+00:00,36222,1.16369,1.16377,1.16052,1.16132,1.16384,1.16392,1.16069,1.1615
2025-11-14 18:00:00+00:00,13908,1.16133,1.16228,1.16089,1.16207,1.1615,1.16258,1.16106,1.16233
2025-11-16 22:00:00+00:00,11205,1.16149,1.16238,1.16043,1.16058,1.16249,1.16279,1.16059,1.16074
2025-11-17 02:00:00+00:00,9106,1.16056,1.16058,1.15956,1.15996,1.16073,1.16075,1.15973,1.16011
2025-11-17 06:00:00+00:00,20079,1.15996,1.16142,1.15943,1.16007,1.16012,1.16158,1.1596,1.16022
2025-11-17 10:00:00+00:00,21080,1.16008,1.16076,1.15877,1.15905,1.16022,1.16091,1.15894,1.1592
2025-11-17 14:00:00+00:00,25152,1.15906,1.16012,1.15812,1.1593,1.1592,1.16028,1.15827,1.15946
2025-11-17 18:00:00+00:00,13404,1.15932,1.15948,1.15818,1.15915,1.15946,1.15963,1.15834,1.15931
2025-11-17 22:00:00+00:00,9249,1.15903,1.15934,1.15837,1.15901,1.15943,1.15964,1.15854,1.15917
2025-11-18 02:00:00+00:00,12201,1.15903,1.1603,1.15873,1.1597,1.15918,1.16047,1.1589,1.15986
2025-11-18 06:00:00+00:00,23734,1.1597,1.16056,1.15865,1.15886,1.15987,1.16073,1.1588,1.15901
2025-11-18 10:00:00+00:00,24368,1.15886,1.16015,1.15787,1.1596,1.159,1.1603,1.15804,1.15977
2025-11-18 14:00:00+00:00,33967,1.1596,1.16071,1.15707,1.15748,1.15976,1.16085,1.15723,1.15764
2025-11-18 18:00:00+00:00,14129,1.1575,1.15863,1.15744,1.15797,1.15765,1.1588,1.1576,1.15817
2025-11-18 22:00:00+00:00,10862,1.15768,1.15844,1.15744,1.15761,1.15868,1.15881,1.15768,1.15777
2025-11-19 02:00:00+00:00,11729,1.15761,1.159,1.15717,1.15883,1.15776,1.15917,1.15733,1.15898
2025-11-19 06:00:00+00:00,24736,1.15883,1.15968,1.15648,1.15727,1.15899,1.15982,1.15664,1.15741
2025-11-19 10:00:00+00:00,25603,1.15726,1.15902,1.15668,1.15721,1.15741,1.15918,1.15685,1.15737
2025-11-19 14:00:00+00:00,33933,1.15719,1.1573,1.15253,1.15323,1.15735,1.15747,1.15268,1.1534
2025-11-19 18:00:00+00:00,20898,1.15324,1.15378,1.1517,1.15372,1.15339,1.15404,1.15186,1.15396
2025-11-19 22:00:00+00:00,11392,1.15381,1.15415,1.15215,1.15222,1.15399,1.15432,1.15232,1.15236
2025-11-20 02:00:00+00:00,13408,1.15221,1.15229,1.15093,1.1515,1.15236,1.15245,1.15109,1.15166
2025-11-20 06:00:00+00:00,24664,1.15149,1.15271,1.15107,1.15267,1.15164,1.15287,1.15122,1.15283
2025-11-20 10:00:00+00:00,34627,1.15267,1.15382,1.14986,1.15269,1.15284,1.15396,1.15036,1.15286
2025-11-20 14:00:00+00:00,47507,1.15269,1.15492,1.15193,1.1528,1.15285,1.15508,1.15209,1.15295
2025-11-20 18:00:00+00:00,16990,1.15279,1.15399,1.15231,1.15277,1.15295,1.15415,1.15247,1.15293
2025-11-20 22:00:00+00:00,13020,1.15225,1.15377,1.15215,1.15317,1.15325,1.15392,1.15245,1.15333
2025-11-21 02:00:00+00:00,12282,1.15318,1.15415,1.15315,1.15343,1.15333,1.1543,1.15332,1.15361
2025-11-21 06:00:00+00:00,30299,1.15343,1.15517,1.15241,1.15244,1.1536,1.15533,1.15258,1.15261
2025-11-21 10:00:00+00:00,37383,1.15243,1.15263,1.14959,1.152,1.15259,1.15278,1.14973,1.15216
2025-11-21 14:00:00+00:00,40679,1.15204,1.15228,1.14904,1.15064,1.15218,1.15243,1.1492,1.1508
2025-11-21 18:00:00+00:00,16139,1.15066,1.15201,1.15012,1.15119,1.15081,1.15218,1.15029,1.1514
2025-11-23 22:00:00+00:00,8238,1.15143,1.15143,1.15011,1.15097,1.15243,1.15243,1.15026,1.15114
2025-11-24 02:00:00+00:00,10884,1.15096,1.15275,1.15096,1.15218,1.15114,1.15293,1.15112,1.15234
2025-11-24 06:00:00+00:00,22643,1.15217,1.15337,1.15088,1.1529,1.15234,1.15352,1.15105,1.15307
2025-11-24 10:00:00+00:00,23041,1.1529,1.15497,1.1529,1.15377,1.15306,1.15515,1.15305,1.15393
2025-11-24 14:00:00+00:00,27003,1.15378,1.15405,1.15108,1.15172,1.15393,1.15421,1.15123,1.15189
2025-11-24 18:00:00+00:00,10894,1.15171,1.15284,1.15165,1.15206,1.15189,1.153,1.1518,1.15227
2025-11-24 22:00:00+00:00,9684,1.1517,1.15294,1.15167,1.1525,1.15265,1.15308,1.15196,1.15266
2025-11-25 02:00:00+00:00,11597,1.15252,1.15294,1.15108,1.15161,1.15267,1.15312,1.15124,1.15176
2025-11-25 06:00:00+00:00,23367,1.15161,1.15361,1.15139,1.15333,1.15177,1.15375,1.15156,1.15349
2025-11-25 10:00:00+00:00,33489,1.15331,1.15613,1.15239,1.15574,1.15347,1.15641,1.15255,1.15591
2025-11-25 14:00:00+00:00,41412,1.15574,1.15833,1.15492,1.15817,1.1559,1.15849,1.15507,1.15832
2025-11-25 18:00:00+00:00,18576,1.15819,1.15853,1.15573,1.15689,1.15833,1.15869,1.15588,1.15705
2025-11-25 22:00:00+00:00,14780,1.15679,1.15824,1.15625,1.15765,1.15733,1.15839,1.15641,1.1578
2025-11-26 02:00:00+00:00,17126,1.15764,1.15908,1.1574,1.15902,1.15781,1.15924,1.15756,1.15916
2025-11-26 06:00:00+00:00,25700,1.15902,1.15951,1.15649,1.15713,1.15917,1.15968,1.15664,1.15727
2025-11-26 10:00:00+00:00,42150,1.15712,1.15834,1.15476,1.15517,1.15727,1.15851,1.15492,1.15533
2025-11-26 14:00:00+00:00,36068,1.15516,1.16001,1.15463,1.15923,1.15533,1.16017,1.15479,1.15938
2025-11-26 18:00:00+00:00,13498,1.15924,1.15966,1.15885,1.15953,1.15938,1.15983,1.15901,1.15973
2025-11-26 22:00:00+00:00,10351,1.15885,1.16118,1.1588,1.16083,1.15985,1.16134,1.15963,1.16101
2025-11-27 02:00:00+00:00,13712,1.16084,1.16127,1.15992,1.16015,1.16101,1.16144,1.16008,1.1603
2025-11-27 06:00:00+00:00,20026,1.16016,1.16045,1.15758,1.15767,1.1603,1.16063,1.15775,1.15784
2025-11-27 10:00:00+00:00,17818,1.15769,1.15962,1.15764,1.15942,1.15784,1.15978,1.1578,1.15957
2025-11-27 14:00:00+00:00,12800,1.15942,1.16008,1.15896,1.15942,1.15958,1.16023,1.15913,1.1596
2025-11-27 18:00:00+00:00,4188,1.15943,1.15963,1.15905,1.1595,1.1596,1.15982,1.15921,1.15969
2025-11-27 22:00:00+00:00,10575,1.1592,1.16013,1.15809,1.15825,1.16005,1.16028,1.15824,1.15841
2025-11-28 02:00:00+00:00,33548,1.15825,1.15925,1.15803,1.15879,1.15842,1.15953,1.15826,1.15911
2025-11-28 06:00:00+00:00,59716,1.15879,1.15893,1.15655,1.15672,1.1591,1.15922,1.15675,1.15705
2025-11-28 10:00:00+00:00,46946,1.15672,1.15779,1.15546,1.1574,1.15703,1.15795,1.1556,1.15756
2025-11-28 14:00:00+00:00,36276,1.15739,1.16069,1.15704,1.1602,1.15756,1.16084,1.1572,1.16036
2025-11-28 18:00:00+00:00,12028,1.1602,1.16038,1.15916,1.15942,1.16035,1.16054,1.15968,1.16028
2025-11-30 22:00:00+00:00,19371,1.15899,1.16151,1.15892,1.16044,1.15977,1.16168,1.1596,1.16061
2025-12-01 02:00:00+00:00,15181,1.16045,1.1605,1.15886,1.15971,1.1606,1.16067,1.15902,1.15989
2025-12-01 06:00:00+00:00,28772,1.1597,1.16229,1.15896,1.16215,1.15986,1.16245,1.15913,1.1623
2025-12-01 10:00:00+00:00,27655,1.16215,1.16519,1.16183,1.16441,1.16232,1.16533,1.16198,1.16457
2025-12-01 14:00:00+00:00,35208,1.16439,1.16445,1.16171,1.16199,1.16456,1.1646,1.16186,1.16215
2025-12-01 18:00:00+00:00,13574,1.16199,1.16228,1.16059,1.16083,1.16216,1.16245,1.16074,1.16102
2025-12-01 22:00:00+00:00,6764,1.16079,1.16104,1.1603,1.16083,1.16128,1.1613,1.16046,1.16101
2025-12-02 02:00:00+00:00,7873,1.16083,1.16133,1.16064,1.16092,1.161,1.16151,1.1608,1.16108
2025-12-02 06:00:00+00:00,18925,1.16093,1.16157,1.16015,1.16093,1.16108,1.16173,1.16032,1.16111
2025-12-02 10:00:00+00:00,22218,1.16095,1.16188,1.15976,1.16169,1.16111,1.16204,1.15993,1.16184
2025-12-02 14:00:00+00:00,35259,1.16169,1.16226,1.15903,1.16065,1.16183,1.1624,1.15921,1.1608
2025-12-02 18:00:00+00:00,13839,1.16064,1.16252,1.16049,1.16246,1.16081,1.16268,1.16064,1.16263
2025-12-02 22:00:00+00:00,8355,1.16221,1.16368,1.16195,1.1636,1.16264,1.16385,1.16224,1.16377
2025-12-03 02:00:00+00:00,9859,1.16361,1.1643,1.16346,1.16419,1.16377,1.16447,1.16362,1.16435
2025-12-03 06:00:00+00:00,23033,1.16421,1.1652,1.16349,1.16448,1.16435,1.16537,1.16366,1.16464
2025-12-03 10:00:00+00:00,26057,1.16449,1.16747,1.16441,1.16656,1.16466,1.16765,1.16457,1.16672
2025-12-03 14:00:00+00:00,37438,1.16656,1.16701,1.16537,1.16678,1.16671,1.16717,1.16554,1.16695
2025-12-03 18:00:00+00:00,12487,1.16678,1.1677,1.16635,1.16705,1.16696,1.16785,1.1665,1.16722
2025-12-03 22:00:00+00:00,8787,1.16707,1.1674,1.1658,1.16624,1.16725,1.16773,1.16597,1.16642
2025-12-04 02:00:00+00:00,12812,1.16625,1.16632,1.16525,1.1659,1.16642,1.16649,1.16542,1.16606
2025-12-04 06:00:00+00:00,24334,1.16592,1.16812,1.16523,1.16769,1.16607,1.16829,1.16538,1.16785
2025-12-04 10:00:00+00:00,28455,1.1677,1.16801,1.16508,1.1664,1.16785,1.16818,1.16529,1.16656
2025-12-04 14:00:00+00:00,30079,1.16641,1.16764,1.16523,1.16554,1.16658,1.16778,1.16539,1.1657
2025-12-04 18:00:00+00:00,14358,1.16554,1.16592,1.16402,1.1644,1.16569,1.16606,1.16418,1.16458
2025-12-04 22:00:00+00:00,7489,1.16445,1.1653,1.16403,1.16529,1.16484,1.16546,1.1642,1.16544
2025-12-05 02:00:00+00:00,9655,1.16529,1.16584,1.16457,1.16584,1.16545,1.16601,1.16473,1.16601
2025-12-05 06:00:00+00:00,22015,1.16584,1.1671,1.16475,1.16537,1.166,1.16727,1.16491,1.16553
2025-12-05 10:00:00+00:00,22495,1.16537,1.16562,1.16407,1.1651,1.16555,1.16578,1.16425,1.16525
2025-12-05 14:00:00+00:00,36668,1.1651,1.16594,1.16272,1.16433,1.16526,1.1661,1.16289,1.1645
2025-12-05 18:00:00+00:00,11829,1.16434,1.16479,1.16391,1.16427,1.16452,1.16495,1.16407,1.16449
2025-12-07 22:00:00+00:00,13140,1.16351,1.16524,1.16347,1.1651,1.16451,1.16541,1.16404,1.16526
2025-12-08 02:00:00+00:00,12008,1.16511,1.16555,1.1648,1.16554,1.16526,1.16572,1.16495,1.1657
2025-12-08 06:00:00+00:00,24643,1.16554,1.16713,1.16472,1.1648,1.16569,1.1673,1.16486,1.16496
2025-12-08 10:00:00+00:00,24336,1.16478,1.16569,1.16449,1.16476,1.16494,1.16583,1.16464,1.16492
2025-12-08 14:00:00+00:00,34341,1.16476,1.16541,1.16156,1.16383,1.16493,1.16556,1.16173,1.164
2025-12-08 18:00:00+00:00,13063,1.16384,1.16413,1.16335,1.1636,1.164,1.1643,1.16352,1.16379
2025-12-08 22:00:00+00:00,9152,1.16314,1.16469,1.16314,1.16464,1.16389,1.16484,1.16367,1.16481
2025-12-09 02:00:00+00:00,10214,1.16462,1.16498,1.1643,1.16481,1.1648,1.16513,1.16445,1.16498
2025-12-09 06:00:00+00:00,21066,1.16478,1.16565,1.16329,1.16516,1.16495,1.16581,1.16345,1.16532
2025-12-09 10:00:00+00:00,23651,1.16515,1.16535,1.16282,1.16338,1.16532,1.16551,1.16298,1.16353
2025-12-09 14:00:00+00:00,34592,1.16338,1.16404,1.16143,1.16234,1.16354,1.1642,1.16159,1.16249
2025-12-09 18:00:00+00:00,11310,1.16232,1.16315,1.16162,1.16258,1.16248,1.1633,1.16176,1.16275
2025-12-09 22:00:00+00:00,7821,1.16225,1.16284,1.16215,1.1623,1.16325,1.16328,1.16232,1.16247
2025-12-10 02:00:00+00:00,9043,1.16229,1.16302,1.16208,1.16291,1.16245,1.16318,1.16224,1.16308
2025-12-10 06:00:00+00:00,21401,1.1629,1.1657,1.16278,1.16357,1.16306,1.16585,1.16295,1.16373
2025-12-10 10:00:00+00:00,21027,1.16357,1.16417,1.16267,1.16394,1.16371,1.16432,1.16283,1.1641
2025-12-10 14:00:00+00:00,25877,1.16393,1.16596,1.1633,1.1658,1.1641,1.16612,1.16346,1.16595
2025-12-10 18:00:00+00:00,55857,1.1658,1.16989,1.16426,1.16949,1.16594,1.17007,1.16478,1.16967
2025-12-10 22:00:00+00:00,12881,1.16878,1.17066,1.16866,1.17009,1.16978,1.17083,1.16927,1.17025
2025-12-11 02:00:00+00:00,12247,1.17011,1.17054,1.16837,1.16846,1.17026,1.1707,1.16855,1.16862
2025-12-11 06:00:00+00:00,21962,1.16845,1.17059,1.16815,1.17014,1.16862,1.17075,1.16831,1.1703
2025-12-11 10:00:00+00:00,25253,1.17014,1.17357,1.16981,1.17303,1.17031,1.17373,1.16997,1.17319
2025-12-11 14:00:00+00:00,32418,1.17303,1.17621,1.17295,1.17544,1.17318,1.17636,1.17311,1.17561
2025-12-11 18:00:00+00:00,14207,1.17544,1.17586,1.17357,1.17375,1.1756,1.17602,1.17373,1.17393
2025-12-11 22:00:00+00:00,10337,1.17375,1.17453,1.17316,1.17341,1.174,1.1747,1.17334,1.17357
2025-12-12 02:00:00+00:00,9841,1.1734,1.17387,1.17304,1.17378,1.17357,1.17401,1.1732,1.17393
2025-12-12 06:00:00+00:00,20962,1.17378,1.17426,1.17261,1.1732,1.17395,1.17443,1.17277,1.17337
2025-12-12 10:00:00+00:00,18013,1.1732,1.17345,1.17188,1.17265,1.17336,1.1736,1.17203,1.1728
2025-12-12 14:00:00+00:00,28198,1.17264,1.17475,1.17223,1.1747,1.1728,1.1749,1.1724,1.17486
2025-12-12 18:00:00+00:00,13890,1.17469,1.1749,1.17346,1.17388,1.17486,1.17506,1.17361,1.17414
2025-12-14 22:00:00+00:00,9406,1.1728,1.17417,1.17278,1.17407,1.1738,1.17434,1.17294,1.17422
2025-12-15 02:00:00+00:00,12526,1.17407,1.17441,1.1731,1.17336,1.17421,1.17457,1.17326,1.17353
2025-12-15 06:00:00+00:00,20334,1.17335,1.17428,1.17257,1.17426,1.17351,1.17444,1.17273,1.17442
2025-12-15 10:00:00+00:00,16024,1.17425,1.17591,1.17383,1.17466,1.17442,1.17607,1.174,1.17483
2025-12-15 14:00:00+00:00,29700,1.17466,1.17682,1.17432,1.17451,1.17481,1.17698,1.17449,1.17467
2025-12-15 18:00:00+00:00,10729,1.17451,1.17532,1.17376,1.1753,1.17465,1.1755,1.17392,1.17548
2025-12-15 22:00:00+00:00,10903,1.17471,1.17572,1.17458,1.17511,1.17571,1.17589,1.17475,1.17527
2025-12-16 02:00:00+00:00,9103,1.17512,1.17584,1.17485,1.17497,1.17529,1.17601,1.17502,1.17513
2025-12-16 06:00:00+00:00,18543,1.17496,1.17633,1.17436,1.17552,1.17513,1.1765,1.17452,1.1757
2025-12-16 10:00:00+00:00,33065,1.17552,1.1794,1.17508,1.17749,1.17571,1.17956,1.17525,1.17766
2025-12-16 14:00:00+00:00,36547,1.1775,1.18034,1.17605,1.17631,1.17766,1.1805,1.1762,1.17647
2025-12-16 18:00:00+00:00,19022,1.17632,1.17632,1.17335,1.17469,1.17646,1.17646,1.17355,1.1749
2025-12-16 22:00:00+00:00,8728,1.17456,1.17517,1.17444,1.17465,1.17496,1.17531,1.17461,1.17482
2025-12-17 02:00:00+00:00,12851,1.17465,1.17473,1.17242,1.17285,1.17481,1.17489,1.17257,1.17299
2025-12-17 06:00:00+00:00,26962,1.17283,1.17299,1.17023,1.17153,1.17299,1.17314,1.17039,1.1717
2025-12-17 10:00:00+00:00,24608,1.17151,1.17324,1.17069,1.1731,1.1717,1.17341,1.17086,1.17326
2025-12-17 14:00:00+00:00,30675,1.17311,1.17573,1.17275,1.17486,1.17326,1.1759,1.1729,1.17502
2025-12-17 18:00:00+00:00,12008,1.17487,1.17549,1.17376,1.1739,1.17502,1.17564,1.17393,1.17412
2025-12-17 22:00:00+00:00,8134,1.17371,1.1745,1.17343,1.17378,1.17444,1.17467,1.17359,1.17395
2025-12-18 02:00:00+00:00,8878,1.17378,1.17461,1.17359,1.17451,1.17394,1.17477,1.17377,1.17467
2025-12-18 06:00:00+00:00,18898,1.17451,1.17489,1.17165,1.17212,1.17466,1.17505,1.17181,1.17227
2025-12-18 10:00:00+00:00,33539,1.1721,1.17621,1.17116,1.17459,1.17227,1.17636,1.17132,1.17477
2025-12-18 14:00:00+00:00,42936,1.17459,1.17551,1.17146,1.1718,1.17476,1.17565,1.1716,1.17197
2025-12-18 18:00:00+00:00,12185,1.17181,1.17271,1.17146,1.17227,1.17197,1.17286,1.17162,1.17244
2025-12-18 22:00:00+00:00,9335,1.17173,1.17281,1.17173,1.17235,1.17233,1.17297,1.17213,1.17252
2025-12-19 02:00:00+00:00,10069,1.17235,1.17279,1.17148,1.17192,1.17251,1.17295,1.17164,1.17208
2025-12-19 06:00:00+00:00,23863,1.17192,1.17208,1.17025,1.17114,1.17207,1.17225,1.17041,1.1713
2025-12-19 10:00:00+00:00,21236,1.17115,1.17187,1.17016,1.17185,1.17132,1.17203,1.17031,1.17202
2025-12-19 14:00:00+00:00,27576,1.17187,1.1737,1.17076,1.17184,1.17202,1.17387,1.17092,1.17201
2025-12-19 18:00:00+00:00,11730,1.17184,1.17266,1.17045,1.17081,1.17202,1.17281,1.17071,1.17112
2025-12-21 22:00:00+00:00,13831,1.17154,1.17187,1.17057,1.17165,1.17237,1.17244,1.17071,1.1718
2025-12-22 02:00:00+00:00,6980,1.17164,1.17214,1.17127,1.17165,1.1718,1.17229,1.17144,1.17183
2025-12-22 06:00:00+00:00,16425,1.17164,1.17376,1.17121,1.17293,1.17181,1.17392,1.17138,1.17308
2025-12-22 10:00:00+00:00,20260,1.17293,1.17538,1.17278,1.17498,1.17309,1.17553,1.17294,1.17515
2025-12-22 14:00:00+00:00,21494,1.17499,1.17686,1.17443,1.17574,1.17515,1.17703,1.17458,1.17591
2025-12-22 18:00:00+00:00,9236,1.17574,1.17613,1.1748,1.1761,1.17589,1.17633,1.17498,1.17628
2025-12-22 22:00:00+00:00,11959,1.1753,1.17753,1.17521,1.17723,1.1763,1.17769,1.17605,1.17738
2025-12-23 02:00:00+00:00,10197,1.17725,1.17797,1.17718,1.17743,1.17741,1.17814,1.17734,1.17759
2025-12-23 06:00:00+00:00,20425,1.17746,1.17921,1.17678,1.17919,1.1776,1.17938,1.17695,1.17936
2025-12-23 10:00:00+00:00,21505,1.17919,1.18014,1.17735,1.1774,1.17937,1.1803,1.17751,1.17755
2025-12-23 14:00:00+00:00,26654,1.1774,1.17797,1.17632,1.17701,1.17757,1.17812,1.17648,1.17718
2025-12-23 18:00:00+00:00,10978,1.177,1.17961,1.17688,1.17924,1.17716,1.17979,1.17705,1.17945
2025-12-23 22:00:00+00:00,9503,1.17896,1.18056,1.17878,1.18045,1.17958,1.18073,1.17912,1.18061
2025-12-24 02:00:00+00:00,10337,1.18046,1.18072,1.17851,1.17984,1.18061,1.18088,1.17866,1.18
2025-12-24 06:00:00+00:00,20094,1.17983,1.18032,1.1779,1.17989,1.17998,1.18049,1.17805,1.18006
2025-12-24 10:00:00+00:00,20511,1.17989,1.17993,1.17827,1.17845,1.18005,1.18009,1.17846,1.17861
2025-12-24 14:00:00+00:00,22374,1.17844,1.17862,1.17718,1.1776,1.17861,1.17879,1.17735,1.17775
2025-12-24 18:00:00+00:00,6349,1.17759,1.17814,1.17735,1.17748,1.17775,1.17829,1.17751,1.17792
2025-12-25 22:00:00+00:00,21221,1.17755,1.17912,1.17753,1.17864,1.17855,1.17929,1.17776,1.17881
2025-12-26 02:00:00+00:00,9691,1.17864,1.17927,1.17791,1.17853,1.17882,1.17945,1.17808,1.1787
2025-12-26 06:00:00+00:00,20495,1.17854,1.1787,1.17657,1.17695,1.17872,1.17889,1.17674,1.17711
2025-12-26 10:00:00+00:00,18853,1.17693,1.17959,1.17681,1.17906,1.17709,1.17976,1.17699,1.17923
2025-12-26 14:00:00+00:00,31012,1.17908,1.17937,1.17608,1.17693,1.17925,1.17955,1.17624,1.17711
2025-12-26 18:00:00+00:00,18963,1.17695,1.17809,1.17649,1.17694,1.17713,1.17826,1.17668,1.17725
2025-12-28 22:00:00+00:00,10811,1.1763,1.17856,1.17604,1.17834,1.1773,1.17871,1.17704,1.17849
2025-12-29 02:00:00+00:00,10537,1.17833,1.17844,1.17529,1.17553,1.17847,1.17862,1.17545,1.17568
2025-12-29 06:00:00+00:00,22083,1.17554,1.17884,1.17534,1.17757,1.17571,1.179,1.17551,1.17772
2025-12-29 10:00:00+00:00,23911,1.17756,1.17795,1.17547,1.1769,1.17772,1.1781,1.17563,1.17707
2025-12-29 14:00:00+00:00,32110,1.1769,1.1788,1.17486,1.17513,1.17706,1.17897,1.17503,1.17529
2025-12-29 18:00:00+00:00,10861,1.17511,1.17741,1.17499,1.17717,1.17527,1.17757,1.17515,1.17735
2025-12-29 22:00:00+00:00,10895,1.17668,1.17745,1.17622,1.17742,1.17751,1.17762,1.17688,1.1776
2025-12-30 02:00:00+00:00,7240,1.17742,1.17783,1.17697,1.17744,1.17759,1.17799,1.17714,1.17761
2025-12-30 06:00:00+00:00,16480,1.17743,1.17791,1.17636,1.17681,1.17762,1.17807,1.17651,1.17698
2025-12-30 10:00:00+00:00,19340,1.17679,1.17767,1.17546,1.17625,1.17696,1.17784,1.17563,1.17641
2025-12-30 14:00:00+00:00,23602,1.17626,1.17661,1.17444,1.17552,1.17643,1.17676,1.17461,1.17569
2025-12-30 18:00:00+00:00,10689,1.17553,1.17586,1.17426,1.17471,1.17569,1.17602,1.17442,1.17489
2025-12-30 22:00:00+00:00,5709,1.17434,1.17483,1.17411,1.17417,1.17498,1.17507,1.17427,1.17434
2025-12-31 02:00:00+00:00,8766,1.17416,1.17429,1.17322,1.17377,1.17432,1.17444,1.17339,1.17393
2025-12-31 06:00:00+00:00,17372,1.17378,1.17391,1.17192,1.17343,1.17393,1.17406,1.17207,1.17359
2025-12-31 10:00:00+00:00,22030,1.17342,1.17587,1.17278,1.17412,1.17359,1.17604,1.17295,1.17428
2025-12-31 14:00:00+00:00,33063,1.17411,1.1748,1.17195,1.17351,1.17428,1.17497,1.1721,1.1737
2025-12-31 18:00:00+00:00,11274,1.17351,1.17522,1.17295,1.17449,1.17368,1.17539,1.17312,1.17469
2026-01-01 22:00:00+00:00,6047,1.17448,1.17619,1.1744,1.17602,1.17548,1.17636,1.17467,1.17619
2026-01-02 02:00:00+00:00,6240,1.17603,1.17642,1.17499,1.17504,1.17618,1.17657,1.17516,1.17522
2026-01-02 06:00:00+00:00,20335,1.17504,1.17507,1.17198,1.17206,1.1752,1.17524,1.17215,1.17222
2026-01-02 10:00:00+00:00,19041,1.17207,1.17282,1.17124,1.17207,1.17221,1.17299,1.1714,1.17223
2026-01-02 14:00:00+00:00,27370,1.17209,1.17536,1.1715,1.173,1.17225,1.17554,1.17166,1.17316
2026-01-02 18:00:00+00:00,14304,1.173,1.17306,1.17135,1.17187,1.17315,1.17321,1.17152,1.17211
2026-01-04 22:00:00+00:00,15466,1.17189,1.17204,1.16988,1.16996,1.17289,1.17289,1.17005,1.17011
2026-01-05 02:00:00+00:00,14748,1.16996,1.17008,1.16714,1.16848,1.17012,1.17024,1.1673,1.16862
2026-01-05 06:00:00+00:00,22990,1.16849,1.16942,1.16731,1.16817,1.16863,1.16959,1.16747,1.16833
2026-01-05 10:00:00+00:00,25700,1.16816,1.16901,1.16583,1.16738,1.1683,1.16918,1.16599,1.16754
2026-01-05 14:00:00+00:00,33823,1.16737,1.1719,1.16724,1.17136,1.16754,1.17206,1.16741,1.17153
2026-01-05 18:00:00+00:00,12320,1.17136,1.17281,1.17126,1.17208,1.17154,1.17297,1.17143,1.17224
2026-01-05 22:00:00+00:00,9422,1.17183,1.17246,1.17098,1.17246,1.17229,1.17263,1.17115,1.17263
2026-01-06 02:00:00+00:00,11203,1.17248,1.17376,1.17214,1.1728,1.17264,1.17391,1.1723,1.17296
2026-01-06 06:00:00+00:00,21533,1.17282,1.17421,1.17072,1.17125,1.17297,1.17438,1.17089,1.17141
2026-01-06 10:00:00+00:00,21902,1.17124,1.17163,1.16963,1.17103,1.17139,1.17181,1.1698,1.17118
2026-01-06 14:00:00+00:00,30324,1.17102,1.17168,1.16832,1.16999,1.17118,1.17184,1.16848,1.17015
2026-01-06 18:00:00+00:00,14576,1.16999,1.17014,1.16832,1.1688,1.17016,1.1703,1.16847,1.16897
2026-01-06 22:00:00+00:00,10243,1.16851,1.16998,1.16839,1.1695,1.16879,1.17015,1.16862,1.16966
2026-01-07 02:00:00+00:00,11832,1.16949,1.17019,1.16902,1.16923,1.16966,1.17035,1.16916,1.16939
2026-01-07 06:00:00+00:00,19658,1.16923,1.1699,1.16721,1.16836,1.1694,1.17006,1.16737,1.16856
2026-01-07 10:00:00+00:00,21479,1.16835,1.1694,1.16803,1.1691,1.16856,1.16957,1.16819,1.16924
2026-01-07 14:00:00+00:00,32567,1.16909,1.16979,1.16792,1.16871,1.16923,1.16996,1.16808,1.16887
2026-01-07 18:00:00+00:00,11753,1.16872,1.16897,1.16729,1.16752,1.16887,1.16912,1.16745,1.16766
2026-01-07 22:00:00+00:00,6757,1.16738,1.16773,1.16721,1.1674,1.16764,1.16796,1.16736,1.16757
2026-01-08 02:00:00+00:00,9748,1.1674,1.16821,1.16719,1.16817,1.16756,1.16838,1.16736,1.16833
2026-01-08 06:00:00+00:00,19363,1.16817,1.16822,1.16681,1.16759,1.16832,1.16838,1.16698,1.16776
2026-01-08 10:00:00+00:00,18522,1.1676,1.16812,1.16575,1.16621,1.16776,1.16829,1.16591,1.16636
2026-01-08 14:00:00+00:00,25505,1.1662,1.1673,1.1643,1.165,1.16634,1.16747,1.16445,1.16516
2026-01-08 18:00:00+00:00,12898,1.16499,1.16619,1.16418,1.16579,1.16514,1.16636,1.16435,1.16599
2026-01-08 22:00:00+00:00,7076,1.16543,1.16615,1.16475,1.16485,1.16604,1.16632,1.16492,1.165
2026-01-09 02:00:00+00:00,10801,1.16485,1.16584,1.16452,1.16503,1.16501,1.16601,1.16468,1.16519
2026-01-09 06:00:00+00:00,17307,1.16504,1.16523,1.16391,1.16417,1.16519,1.16538,1.16407,1.16434
2026-01-09 10:00:00+00:00,28014,1.16416,1.166,1.16244,1.16444,1.16432,1.16616,1.16268,1.1646
2026-01-09 14:00:00+00:00,39797,1.16443,1.16518,1.16173,1.16309,1.16458,1.16535,1.1619,1.16324
2026-01-09 18:00:00+00:00,9853,1.1631,1.16392,1.16288,1.1633,1.16326,1.16408,1.16305,1.16399
2026-01-11 22:00:00+00:00,16094,1.1628,1.16706,1.16208,1.16553,1.1638,1.16723,1.16226,1.1657
2026-01-12 02:00:00+00:00,10950,1.16554,1.16703,1.16522,1.16685,1.1657,1.1672,1.16539,1.167
2026-01-12 06:00:00+00:00,22776,1.16683,1.16951,1.16635,1.1681,1.16699,1.16967,1.16651,1.16827
2026-01-12 10:00:00+00:00,21200,1.16812,1.16978,1.16748,1.16921,1.16828,1.16992,1.16765,1.16937
2026-01-12 14:00:00+00:00,26148,1.16919,1.16922,1.16653,1.16678,1.16937,1.16937,1.16669,1.16694
2026-01-12 18:00:00+00:00,9306,1.16678,1.16731,1.16624,1.16659,1.16693,1.16748,1.16638,1.16676
2026-01-12 22:00:00+00:00,9207,1.16666,1.167,1.16554,1.16577,1.16733,1.16733,1.1657,1.16594
2026-01-13 02:00:00+00:00,9668,1.16578,1.16667,1.16557,1.1662,1.16594,1.16684,1.16573,1.16637
2026-01-13 06:00:00+00:00,18195,1.16621,1.16718,1.1653,1.16711,1.16637,1.16735,1.16545,1.16728
2026-01-13 10:00:00+00:00,25262,1.16711,1.16768,1.16495,1.16676,1.16727,1.16792,1.1651,1.16693
2026-01-13 14:00:00+00:00,31443,1.16676,1.16726,1.16334,1.16454,1.16692,1.16742,1.1635,1.16469
2026-01-13 18:00:00+00:00,12131,1.16454,1.16538,1.16407,1.16417,1.1647,1.16554,1.16424,1.16438
2026-01-13 22:00:00+00:00,6917,1.16406,1.16448,1.16359,1.16374,1.16466,1.16472,1.16376,1.1639
2026-01-14 02:00:00+00:00,7456,1.16374,1.16482,1.16353,1.16413,1.16391,1.16499,1.16369,1.16428
2026-01-14 06:00:00+00:00,17049,1.16412,1.16531,1.16402,1.1651,1.16428,1.16547,1.16419,1.16526
2026-01-14 10:00:00+00:00,21620,1.1651,1.16592,1.1643,1.16493,1.16527,1.16608,1.16446,1.16508
2026-01-14 14:00:00+00:00,31246,1.1649,1.16609,1.16448,1.1646,1.16505,1.16626,1.16464,1.16476
2026-01-14 18:00:00+00:00,13921,1.1646,1.16471,1.16345,1.16446,1.16475,1.16487,1.16361,1.16463
2026-01-14 22:00:00+00:00,10151,1.16458,1.16463,1.16325,1.16379,1.1648,1.16482,1.16341,1.16394
2026-01-15 02:00:00+00:00,9427,1.16374,1.16408,1.16328,1.16344,1.16389,1.16423,1.16344,1.16359
2026-01-15 06:00:00+00:00,20218,1.16345,1.16391,1.16252,1.16351,1.16359,1.16408,1.16268,1.16367
2026-01-15 10:00:00+00:00,22676,1.1635,1.16403,1.1598,1.16007,1.16367,1.16419,1.15996,1.16022
2026-01-15 14:00:00+00:00,28382,1.16005,1.1613,1.15923,1.16082,1.16021,1.16146,1.15939,1.16098
2026-01-15 18:00:00+00:00,12190,1.16082,1.16167,1.1602,1.16085,1.16099,1.16184,1.16036,1.16102
2026-01-15 22:00:00+00:00,7381,1.16042,1.16096,1.16016,1.16061,1.16133,1.16136,1.16032,1.16078
2026-01-16 02:00:00+00:00,9749,1.16061,1.16135,1.16052,1.16059,1.16079,1.1615,1.16068,1.16075
2026-01-16 06:00:00+00:00,16841,1.1606,1.16144,1.16037,1.16076,1.16075,1.16162,1.16051,1.16091
2026-01-16 10:00:00+00:00,18239,1.16076,1.16228,1.16074,1.16178,1.16093,1.16244,1.1609,1.16194
2026-01-16 14:00:00+00:00,36895,1.1618,1.16267,1.15837,1.15949,1.16197,1.16283,1.15853,1.15965
2026-01-16 18:00:00+00:00,11648,1.15947,1.16015,1.15886,1.15979,1.15963,1.16031,1.15902,1.15997
2026-01-18 22:00:00+00:00,24951,1.15785,1.16371,1.15764,1.16218,1.15818,1.16386,1.15797,1.16234
2026-01-19 02:00:00+00:00,14560,1.16218,1.16368,1.16149,1.16268,1.16236,1.16385,1.16165,1.16283
2026-01-19 06:00:00+00:00,21921,1.16266,1.16407,1.16103,1.16237,1.16283,1.16424,1.1612,1.16253
2026-01-19 10:00:00+00:00,16576,1.16235,1.16348,1.16194,1.1631,1.16254,1.16364,1.16211,1.16325
2026-01-19 14:00:00+00:00,14711,1.16309,1.16467,1.16295,1.16451,1.16325,1.16483,1.1631,1.16466
2026-01-19 18:00:00+00:00,3961,1.16451,1.16481,1.16411,1.16452,1.16467,1.16497,1.16427,1.16467
2026-01-19 22:00:00+00:00,8215,1.16409,1.16459,1.16317,1.1643,1.16445,1.16485,1.16335,1.16445
2026-01-20 02:00:00+00:00,12178,1.1643,1.16719,1.16398,1.16624,1.16446,1.16736,1.16414,1.16641
2026-01-20 06:00:00+00:00,35431,1.16625,1.17321,1.16614,1.17253,1.16641,1.17336,1.1663,1.17271
2026-01-20 10:00:00+00:00,40415,1.17253,1.17684,1.17144,1.17326,1.17272,1.17702,1.17161,1.17342
2026-01-20 14:00:00+00:00,43452,1.17326,1.1742,1.17144,1.17307,1.17343,1.17436,1.17161,1.17324
2026-01-20 18:00:00+00:00,19445,1.17307,1.17333,1.17101,1.17258,1.17323,1.17349,1.17117,1.17277
2026-01-20 22:00:00+00:00,10358,1.17195,1.17335,1.17159,1.17282,1.17295,1.17351,1.17174,1.17298
2026-01-21 02:00:00+00:00,13696,1.17283,1.1731,1.17098,1.17165,1.17298,1.17326,1.17114,1.17182
2026-01-21 06:00:00+00:00,21901,1.17166,1.17246,1.17005,1.17027,1.17181,1.17263,1.17021,1.17044
2026-01-21 10:00:00+00:00,23937,1.17026,1.17422,1.17007,1.17389,1.17042,1.17439,1.17023,1.17405
2026-01-21 14:00:00+00:00,50779,1.17389,1.17401,1.16939,1.17022,1.17406,1.17416,1.16956,1.17038
2026-01-21 18:00:00+00:00,25744,1.1702,1.17046,1.16753,1.16866,1.17036,1.1706,1.1677,1.16886
2026-01-21 22:00:00+00:00,11666,1.16819,1.16895,1.16689,1.16881,1.16889,1.16911,1.16706,1.16895
2026-01-22 02:00:00+00:00,9714,1.1688,1.16965,1.16827,1.16874,1.16897,1.16981,1.16843,1.16891
2026-01-22 06:00:00+00:00,20475,1.16874,1.16967,1.16833,1.16919,1.16893,1.16982,1.16849,1.16933
2026-01-22 10:00:00+00:00,24420,1.16919,1.17179,1.16859,1.17131,1.16935,1.17195,1.16874,1.17147
2026-01-22 14:00:00+00:00,31635,1.1713,1.17499,1.171,1.17457,1.17147,1.17516,1.17116,1.17472
2026-01-22 18:00:00+00:00,11309,1.17455,1.17558,1.17405,1.17543,1.17471,1.17575,1.1742,1.17561
2026-01-22 22:00:00+00:00,9139,1.17507,1.17585,1.17462,1.17486,1.17549,1.176,1.17479,1.17502
2026-01-23 02:00:00+00:00,10492,1.17484,1.17531,1.17424,1.17501,1.17502,1.17548,1.1744,1.17518
2026-01-23 06:00:00+00:00,30561,1.17502,1.17521,1.17275,1.17346,1.17517,1.17538,1.17291,1.17361
2026-01-23 10:00:00+00:00,18671,1.17346,1.17465,1.17292,1.17333,1.17362,1.17481,1.17308,1.17349
2026-01-23 14:00:00+00:00,36716,1.17333,1.17981,1.17311,1.17937,1.1735,1.17998,1.17327,1.17952
2026-01-23 18:00:00+00:00,26881,1.17936,1.18331,1.17764,1.18253,1.17952,1.18348,1.1778,1.18301
2026-01-25 22:00:00+00:00,33734,1.18603,1.18969,1.18435,1.1857,1.18667,1.18987,1.18453,1.18585
2026-01-26 02:00:00+00:00,25007,1.1857,1.18757,1.18546,1.18641,1.18587,1.18774,1.18563,1.18658
2026-01-26 06:00:00+00:00,37516,1.18641,1.18666,1.18356,1.18629,1.18659,1.18683,1.18374,1.18645
2026-01-26 10:00:00+00:00,26606,1.18629,1.18645,1.18341,1.18552,1.18646,1.18661,1.18358,1.18568
2026-01-26 14:00:00+00:00,39062,1.18553,1.19063,1.18518,1.18779,1.18568,1.19081,1.18534,1.18796
2026-01-26 18:00:00+00:00,21690,1.18781,1.18896,1.18697,1.18791,1.18796,1.18912,1.18714,1.1881
2026-01-26 22:00:00+00:00,13766,1.18732,1.18819,1.18707,1.18779,1.18802,1.18835,1.18724,1.18796
2026-01-27 02:00:00+00:00,15113,1.1878,1.18988,1.18692,1.18759,1.18795,1.19003,1.18708,1.18774
2026-01-27 06:00:00+00:00,26126,1.1876,1.18891,1.18495,1.18884,1.18774,1.18907,1.18511,1.18898
2026-01-27 10:00:00+00:00,43106,1.18882,1.19378,1.18734,1.19226,1.18897,1.19396,1.18749,1.19243
2026-01-27 14:00:00+00:00,56873,1.19226,1.19894,1.19175,1.19792,1.19242,1.1991,1.19192,1.19807
2026-01-27 18:00:00+00:00,55904,1.19792,1.20821,1.19702,1.20395,1.19808,1.20851,1.1972,1.20423
2026-01-27 22:00:00+00:00,22788,1.20367,1.20468,1.19919,1.19921,1.20423,1.20482,1.19936,1.19937
2026-01-28 02:00:00+00:00,21614,1.1992,1.20042,1.19739,1.19962,1.19937,1.20059,1.19757,1.19978
2026-01-28 06:00:00+00:00,38583,1.19963,1.20251,1.19696,1.19861,1.19978,1.20267,1.19712,1.19877
2026-01-28 10:00:00+00:00,32765,1.19861,1.19941,1.19511,1.19567,1.19878,1.19958,1.19528,1.19584
2026-01-28 14:00:00+00:00,65295,1.1957,1.19768,1.19178,1.19402,1.19587,1.19784,1.19194,1.19419
2026-01-28 18:00:00+00:00,46646,1.19402,1.19534,1.18948,1.19529,1.19418,1.19551,1.18967,1.19545
2026-01-28 22:00:00+00:00,18612,1.19544,1.19843,1.19518,1.19607,1.19567,1.1986,1.19533,1.19622
2026-01-29 02:00:00+00:00,19392,1.19606,1.19929,1.19524,1.19804,1.19622,1.19946,1.1954,1.1982
2026-01-29 06:00:00+00:00,33649,1.19805,1.19959,1.19507,1.19551,1.1982,1.19975,1.19523,1.19566
2026-01-29 10:00:00+00:00,35335,1.19552,1.197,1.19374,1.19554,1.19568,1.19717,1.19389,1.1957
2026-01-29 14:00:00+00:00,84546,1.19555,1.19717,1.19054,1.1955,1.19572,1.19733,1.19071,1.19566
2026-01-29 18:00:00+00:00,24681,1.19548,1.19706,1.19451,1.19698,1.19564,1.19724,1.19466,1.19716
2026-01-29 22:00:00+00:00,28710,1.19647,1.1974,1.19131,1.19161,1.19739,1.19756,1.19152,1.19178
2026-01-30 02:00:00+00:00,39706,1.19162,1.19344,1.18938,1.19239,1.1918,1.19359,1.18953,1.19256
2026-01-30 06:00:00+00:00,50534,1.19239,1.19425,1.18974,1.19074,1.19255,1.19442,1.18991,1.19092
2026-01-30 10:00:00+00:00,45971,1.19069,1.19538,1.1901,1.1912,1.19088,1.19555,1.19026,1.19136
2026-01-30 14:00:00+00:00,67023,1.19121,1.19205,1.18659,1.18717,1.19136,1.19222,1.18674,1.18732
2026-01-30 18:00:00+00:00,40734,1.18716,1.18843,1.18479,1.18495,1.18732,1.18857,1.18507,1.18521
2026-02-01 22:00:00+00:00,35594,1.18471,1.1874,1.18389,1.18698,1.1855,1.18756,1.18405,1.18714
2026-02-02 02:00:00+00:00,29312,1.18701,1.1874,1.18402,1.18499,1.18718,1.18758,1.18419,1.18516
2026-02-02 06:00:00+00:00,46168,1.18499,1.18659,1.18423,1.18614,1.18515,1.18676,1.18441,1.18632
2026-02-02 10:00:00+00:00,38375,1.18614,1.18706,1.18173,1.18202,1.18631,1.18722,1.18188,1.18218
2026-02-02 14:00:00+00:00,58418,1.18201,1.18292,1.17896,1.17992,1.18218,1.18307,1.17912,1.18009
2026-02-02 18:00:00+00:00,23767,1.17993,1.18005,1.17752,1.17895,1.18011,1.18022,1.17768,1.17913
2026-02-02 22:00:00+00:00,14990,1.1783,1.18141,1.1783,1.18132,1.1793,1.18158,1.17885,1.18149
2026-02-03 02:00:00+00:00,16178,1.1813,1.1816,1.17999,1.1808,1.18148,1.18175,1.18016,1.18097
2026-02-03 06:00:00+00:00,29479,1.18081,1.18236,1.17913,1.17914,1.18099,1.18253,1.17929,1.1793
2026-02-03 10:00:00+00:00,27426,1.17913,1.1806,1.17818,1.17954,1.1793,1.18077,1.17834,1.17968
2026-02-03 14:00:00+00:00,42778,1.17953,1.18284,1.17793,1.18154,1.17969,1.18302,1.17808,1.1817
2026-02-03 18:00:00+00:00,20900,1.18155,1.18246,1.18049,1.1817,1.1817,1.18263,1.18065,1.18191
2026-02-03 22:00:00+00:00,14991,1.18132,1.18313,1.18079,1.18252,1.18232,1.18329,1.18097,1.18269
2026-02-04 02:00:00+00:00,13073,1.18253,1.18354,1.18182,1.18321,1.18269,1.1837,1.18197,1.18338
2026-02-04 06:00:00+00:00,24983,1.18324,1.18372,1.18103,1.18123,1.18339,1.18389,1.1812,1.18149
2026-02-04 10:00:00+00:00,26949,1.18122,1.18264,1.18039,1.18217,1.18149,1.18282,1.18056,1.18234
2026-02-04 14:00:00+00:00,50509,1.18218,1.1825,1.17896,1.17969,1.18234,1.18266,1.17914,1.17986
2026-02-04 18:00:00+00:00,21466,1.17967,1.18089,1.17939,1.18047,1.17985,1.18106,1.17954,1.18063
2026-02-04 22:00:00+00:00,9844,1.18023,1.18075,1.17987,1.18029,1.18093,1.18099,1.18003,1.18046
2026-02-05 02:00:00+00:00,19805,1.1803,1.18047,1.1782,1.17893,1.18048,1.18063,1.17836,1.17909
2026-02-05 06:00:00+00:00,28025,1.17894,1.18079,1.17796,1.178,1.17909,1.18097,1.17813,1.17816
2026-02-05 10:00:00+00:00,40302,1.178,1.18147,1.17796,1.1811,1.17815,1.18164,1.17811,1.18125
2026-02-05 14:00:00+00:00,56729,1.18109,1.18211,1.17811,1.18001,1.18125,1.18226,1.17828,1.18017
2026-02-05 18:00:00+00:00,16546,1.18002,1.18021,1.17741,1.17783,1.1802,1.18037,1.17758,1.17801
2026-02-05 22:00:00+00:00,16322,1.17762,1.17876,1.17648,1.17845,1.17791,1.17892,1.17665,1.17862
2026-02-06 02:00:00+00:00,12269,1.17845,1.18006,1.17839,1.17976,1.17861,1.18022,1.17854,1.17991
2026-02-06 06:00:00+00:00,23120,1.17976,1.18011,1.1785,1.17913,1.1799,1.18028,1.17866,1.17928
2026-02-06 10:00:00+00:00,19957,1.17912,1.18104,1.17849,1.18096,1.17928,1.18119,1.17865,1.18112
2026-02-06 14:00:00+00:00,31439,1.18095,1.18255,1.18043,1.18172,1.18112,1.1827,1.1806,1.18189
2026-02-06 18:00:00+00:00,10465,1.18173,1.18234,1.18126,1.18136,1.18188,1.18249,1.18143,1.182
2026-02-08 22:00:00+00:00,18383,1.18103,1.18329,1.18089,1.18247,1.18149,1.18346,1.18105,1.18264
2026-02-09 02:00:00+00:00,11038,1.18245,1.18355,1.18152,1.18326,1.18263,1.18371,1.18169,1.18343
2026-02-09 06:00:00+00:00,30933,1.18326,1.1869,1.18324,1.18614,1.18342,1.18706,1.1834,1.18629
2026-02-09 10:00:00+00:00,33431,1.18614,1.1905,1.18544,1.1903,1.18631,1.19065,1.18559,1.19044
2026-02-09 14:00:00+00:00,37586,1.1903,1.1926,1.18921,1.19078,1.19045,1.19277,1.18938,1.19095
2026-02-09 18:00:00+00:00,16161,1.19079,1.19215,1.1903,1.19142,1.19094,1.19232,1.19044,1.1916
2026-02-09 22:00:00+00:00,9726,1.19068,1.19137,1.1896,1.19049,1.19168,1.19193,1.18974,1.19066
2026-02-10 02:00:00+00:00,12116,1.19049,1.19163,1.19029,1.19065,1.19065,1.19179,1.19045,1.19081
2026-02-10 06:00:00+00:00,22502,1.19064,1.19192,1.18986,1.19137,1.19079,1.19208,1.19003,1.19153
2026-02-10 10:00:00+00:00,26594,1.19138,1.19168,1.18874,1.19048,1.19153,1.19184,1.18893,1.19062
2026-02-10 14:00:00+00:00,40704,1.19048,1.1928,1.18925,1.1895,1.19065,1.19296,1.1894,1.18967
2026-02-10 18:00:00+00:00,13304,1.1895,1.19027,1.18859,1.1894,1.18966,1.19043,1.18876,1.18958
2026-02-10 22:00:00+00:00,11486,1.18901,1.19013,1.18855,1.1897,1.19001,1.19029,1.18872,1.18987
2026-02-11 02:00:00+00:00,13278,1.18971,1.19185,1.1897,1.19177,1.1899,1.19201,1.18987,1.19193
2026-02-11 06:00:00+00:00,21703,1.19176,1.1925,1.19093,1.19173,1.19193,1.19267,1.19109,1.19189
2026-02-11 10:00:00+00:00,46243,1.19172,1.19265,1.18322,1.18611,1.19189,1.19282,1.18342,1.18628
2026-02-11 14:00:00+00:00,57540,1.18614,1.18929,1.18503,1.1885,1.18628,1.18946,1.18519,1.18865
2026-02-11 18:00:00+00:00,15485,1.18851,1.18901,1.18679,1.18705,1.18865,1.18916,1.18695,1.18724
2026-02-11 22:00:00+00:00,11798,1.18688,1.18818,1.18661,1.18801,1.1876,1.18835,1.18677,1.18817
2026-02-12 02:00:00+00:00,13994,1.18801,1.1884,1.18575,1.18639,1.18815,1.18855,1.18591,1.18656
2026-02-12 06:00:00+00:00,25736,1.18639,1.18872,1.18517,1.18864,1.18655,1.18889,1.18532,1.18881
2026-02-12 10:00:00+00:00,23218,1.18865,1.18867,1.18662,1.18842,1.18881,1.18883,1.18678,1.18859
2026-02-12 14:00:00+00:00,52041,1.18842,1.18893,1.18592,1.18646,1.18858,1.18909,1.18609,1.18662
2026-02-12 18:00:00+00:00,20111,1.18646,1.18721,1.18554,1.18702,1.18663,1.18737,1.1857,1.18723
2026-02-12 22:00:00+00:00,10061,1.18654,1.18727,1.18623,1.18663,1.18708,1.1875,1.1864,1.1868
2026-02-13 02:00:00+00:00,10718,1.18665,1.18704,1.18572,1.18586,1.18681,1.1872,1.18586,1.18602
2026-02-13 06:00:00+00:00,21096,1.18584,1.18657,1.18464,1.18597,1.18602,1.18675,1.18478,1.18616
2026-02-13 10:00:00+00:00,31710,1.18597,1.18838,1.18521,1.18735,1.18615,1.18855,1.18537,1.18751
2026-02-13 14:00:00+00:00,40442,1.18735,1.18821,1.18468,1.18742,1.1875,1.18836,1.18484,1.18756
2026-02-13 18:00:00+00:00,14354,1.18742,1.18799,1.18636,1.18667,1.18758,1.18814,1.18654,1.1869
2026-02-15 22:00:00+00:00,9668,1.18659,1.18698,1.18582,1.18645,1.18759,1.18773,1.18599,1.18663
2026-02-16 02:00:00+00:00,8975,1.18645,1.18682,1.18601,1.18641,1.18662,1.18699,1.18618,1.18658
2026-02-16 06:00:00+00:00,16581,1.18641,1.18697,1.18557,1.18636,1.18656,1.18714,1.18576,1.18654
2026-02-16 10:00:00+00:00,13845,1.18635,1.1867,1.18484,1.1854,1.18651,1.18686,1.18501,1.18555
2026-02-16 14:00:00+00:00,13021,1.18539,1.18629,1.18455,1.18473,1.18555,1.18645,1.18471,1.1849
2026-02-16 18:00:00+00:00,2753,1.18475,1.18544,1.18474,1.18501,1.18492,1.18559,1.18491,1.18521
2026-02-16 22:00:00+00:00,9424,1.18487,1.18512,1.18399,1.18435,1.18527,1.1854,1.18417,1.18452
2026-02-17 02:00:00+00:00,11264,1.18435,1.18465,1.18349,1.18407,1.18451,1.18482,1.18365,1.18424
2026-02-17 06:00:00+00:00,20007,1.18409,1.18491,1.18279,1.18457,1.18424,1.18507,1.18293,1.18474
2026-02-17 10:00:00+00:00,24386,1.18454,1.18463,1.18149,1.18215,1.1847,1.1848,1.18167,1.1823
2026-02-17 14:00:00+00:00,39715,1.18215,1.18416,1.18042,1.18387,1.18231,1.18431,1.18057,1.18402
2026-02-17 18:00:00+00:00,13421,1.1839,1.18539,1.18379,1.18526,1.18405,1.18555,1.18396,1.18546
2026-02-17 22:00:00+00:00,8605,1.18511,1.18569,1.18417,1.18455,1.18547,1.18586,1.18434,1.18471
2026-02-18 02:00:00+00:00,7985,1.18455,1.18466,1.18385,1.1845,1.18472,1.18483,1.18402,1.18466
2026-02-18 06:00:00+00:00,17694,1.18449,1.18456,1.18277,1.18353,1.18466,1.18473,1.18292,1.18369
2026-02-18 10:00:00+00:00,17965,1.18354,1.18479,1.18228,1.1823,1.18369,1.18494,1.18244,1.18246
2026-02-18 14:00:00+00:00,28939,1.18229,1.1827,1.18013,1.18052,1.18247,1.18287,1.1803,1.18069
2026-02-18 18:00:00+00:00,18584,1.18053,1.18065,1.17813,1.17828,1.18069,1.18083,1.17828,1.17847
2026-02-18 22:00:00+00:00,7646,1.17831,1.17945,1.17825,1.17938,1.17859,1.17961,1.17856,1.17954
2026-02-19 02:00:00+00:00,10775,1.17938,1.17949,1.1784,1.17909,1.17955,1.17965,1.17857,1.17924
2026-02-19 06:00:00+00:00,17475,1.17908,1.18069,1.17892,1.17992,1.17925,1.18087,1.17908,1.18008
2026-02-19 10:00:00+00:00,25391,1.17992,1.18024,1.17507,1.17647,1.18007,1.18039,1.17522,1.17665
2026-02-19 14:00:00+00:00,42924,1.17648,1.17748,1.17413,1.17652,1.17662,1.17764,1.17428,1.17667
2026-02-19 18:00:00+00:00,15635,1.17652,1.17775,1.17583,1.17708,1.17669,1.1779,1.17598,1.17724
2026-02-19 22:00:00+00:00,10637,1.17682,1.17751,1.17543,1.17582,1.17748,1.17775,1.17559,1.17597
2026-02-20 02:00:00+00:00,10210,1.17582,1.17592,1.17493,1.17545,1.17598,1.17608,1.1751,1.17562
2026-02-20 06:00:00+00:00,21994,1.17547,1.17673,1.17426,1.1766,1.17563,1.17691,1.17442,1.17676
2026-02-20 10:00:00+00:00,25323,1.17659,1.17815,1.17564,1.17686,1.17676,1.17847,1.17579,1.17702
2026-02-20 14:00:00+00:00,73426,1.17684,1.18067,1.17544,1.17794,1.17699,1.18085,1.17563,1.1781
2026-02-20 18:00:00+00:00,28531,1.17794,1.17982,1.17759,1.17806,1.17811,1.17999,1.17777,1.17827
2026-02-22 22:00:00+00:00,22342,1.17913,1.1834,1.17897,1.18254,1.18013,1.18357,1.17949,1.18271
2026-02-23 02:00:00+00:00,12984,1.18255,1.18304,1.18143,1.1819,1.18271,1.1832,1.18159,1.18206
2026-02-23 06:00:00+00:00,21488,1.18188,1.18331,1.17994,1.18,1.18205,1.18348,1.18011,1.18017
2026-02-23 10:00:00+00:00,23482,1.18001,1.18006,1.17737,1.1795,1.18017,1.18022,1.17752,1.17967
2026-02-23 14:00:00+00:00,36023,1.1795,1.18093,1.17874,1.1798,1.17965,1.18108,1.17889,1.17996
2026-02-23 18:00:00+00:00,13016,1.1798,1.18001,1.17835,1.17844,1.17994,1.18018,1.17851,1.17863
2026-02-23 22:00:00+00:00,12729,1.17849,1.17956,1.17708,1.17811,1.17931,1.17972,1.17725,1.17828
2026-02-24 02:00:00+00:00,10732,1.17811,1.17847,1.17671,1.17793,1.17826,1.17863,1.17688,1.17807
2026-02-24 06:00:00+00:00,24038,1.17794,1.17924,1.17707,1.17869,1.17808,1.1794,1.17724,1.17885
2026-02-24 10:00:00+00:00,20281,1.17869,1.17904,1.17671,1.17714,1.17887,1.17921,1.17689,1.1773
2026-02-24 14:00:00+00:00,28584,1.17714,1.17894,1.17654,1.17848,1.17732,1.17911,1.17669,1.17865
2026-02-24 18:00:00+00:00,10135,1.17849,1.17858,1.17725,1.1773,1.17864,1.17876,1.17742,1.17746
2026-02-24 22:00:00+00:00,9073,1.17711,1.17814,1.17711,1.17777,1.17758,1.17829,1.17735,1.17794
2026-02-25 02:00:00+00:00,16864,1.17777,1.18047,1.17774,1.18001,1.17793,1.18064,1.17791,1.18018
2026-02-25 06:00:00+00:00,21469,1.18002,1.18072,1.17848,1.1787,1.18018,1.18089,1.17864,1.17889
2026-02-25 10:00:00+00:00,19422,1.1787,1.17894,1.17703,1.17728,1.1789,1.17911,1.17717,1.17746
2026-02-25 14:00:00+00:00,29458,1.17729,1.18136,1.17723,1.18065,1.17745,1.18152,1.17739,1.18083
2026-02-25 18:00:00+00:00,10757,1.18067,1.18121,1.18019,1.18092,1.18083,1.18138,1.18036,1.1811
2026-02-25 22:00:00+00:00,10381,1.18065,1.18282,1.18054,1.18266,1.18113,1.18298,1.18092,1.18282
2026-02-26 02:00:00+00:00,11659,1.18265,1.18282,1.18118,1.18189,1.18282,1.18297,1.18134,1.18206
2026-02-26 06:00:00+00:00,19358,1.18188,1.18215,1.17959,1.17966,1.18206,1.18231,1.17976,1.1798
2026-02-26 10:00:00+00:00,18384,1.17963,1.1816,1.17925,1.1806,1.17979,1.18175,1.17941,1.18076
2026-02-26 14:00:00+00:00,36162,1.18062,1.18151,1.17732,1.17754,1.18078,1.18166,1.17749,1.1777
2026-02-26 18:00:00+00:00,14995,1.17754,1.18032,1.17732,1.17967,1.17769,1.18046,1.1775,1.17986
2026-02-26 22:00:00+00:00,11817,1.17927,1.1805,1.17882,1.17893,1.18016,1.18065,1.17897,1.17909
2026-02-27 02:00:00+00:00,10834,1.17895,1.18124,1.17895,1.18078,1.17911,1.18141,1.17911,1.18094
2026-02-27 06:00:00+00:00,20720,1.18077,1.18209,1.1792,1.17944,1.18092,1.18226,1.17936,1.17961
2026-02-27 10:00:00+00:00,22110,1.17946,1.18075,1.17896,1.17917,1.17962,1.18092,1.17912,1.17934
2026-02-27 14:00:00+00:00,35253,1.17919,1.18262,1.17901,1.18157,1.17934,1.18278,1.17916,1.18174
2026-02-27 18:00:00+00:00,13732,1.1816,1.18252,1.18102,1.18154,1.18176,1.18268,1.1812,1.1819
2026-03-01 22:00:00+00:00,29102,1.17661,1.17936,1.17552,1.17912,1.17709,1.17953,1.17569,1.17928
2026-03-02 02:00:00+00:00,15804,1.17912,1.17951,1.17653,1.17655,1.17927,1.17967,1.17671,1.17672
2026-03-02 06:00:00+00:00,45291,1.17656,1.17658,1.16972,1.17323,1.17672,1.17677,1.1699,1.1734
2026-03-02 10:00:00+00:00,34554,1.17322,1.17466,1.16943,1.16978,1.1734,1.17482,1.16961,1.16994
2026-03-02 14:00:00+00:00,49281,1.16977,1.17232,1.16711,1.17065,1.16994,1.17248,1.16727,1.1708
2026-03-02 18:00:00+00:00,26127,1.17064,1.17127,1.16777,1.16892,1.1708,1.17142,1.16795,1.16908
2026-03-02 22:00:00+00:00,14248,1.16842,1.17061,1.16842,1.16961,1.16893,1.17079,1.16866,1.16977
2026-03-03 02:00:00+00:00,22875,1.16959,1.16982,1.16644,1.16659,1.16977,1.16999,1.16659,1.16675
2026-03-03 06:00:00+00:00,46374,1.16662,1.16709,1.15979,1.16047,1.16677,1.16724,1.15994,1.16063
2026-03-03 10:00:00+00:00,51659,1.16042,1.16147,1.15813,1.15897,1.16066,1.16163,1.15828,1.15914
2026-03-03 14:00:00+00:00,85937,1.15898,1.16053,1.15294,1.15896,1.15912,1.1607,1.15311,1.15914
2026-03-03 18:00:00+00:00,37856,1.15896,1.16251,1.15891,1.16117,1.15913,1.16267,1.15907,1.16132
2026-03-03 22:00:00+00:00,24047,1.16087,1.16195,1.15739,1.15928,1.16174,1.16215,1.15756,1.15947
2026-03-04 02:00:00+00:00,26293,1.15929,1.16096,1.15861,1.15944,1.15949,1.16113,1.15878,1.15961
2026-03-04 06:00:00+00:00,38700,1.15944,1.16273,1.1589,1.16079,1.1596,1.16291,1.15905,1.16094
2026-03-04 10:00:00+00:00,48531,1.16078,1.16541,1.16078,1.16303,1.16095,1.16558,1.16094,1.16319
2026-03-04 14:00:00+00:00,47450,1.16302,1.16453,1.16156,1.16322,1.16319,1.1647,1.16174,1.1634
2026-03-04 18:00:00+00:00,15420,1.16323,1.1643,1.16227,1.16344,1.1634,1.16446,1.16242,1.16363
2026-03-04 22:00:00+00:00,14664,1.16258,1.16467,1.16256,1.16274,1.16351,1.16483,1.16279,1.1629
2026-03-05 02:00:00+00:00,20485,1.16274,1.1631,1.15932,1.15936,1.16289,1.16327,1.15949,1.15954
2026-03-05 06:00:00+00:00,56231,1.15936,1.16436,1.15807,1.16218,1.15952,1.16458,1.15824,1.16235
2026-03-05 10:00:00+00:00,35079,1.16217,1.16309,1.15887,1.15966,1.16235,1.16325,1.15904,1.15982
2026-03-05 14:00:00+00:00,63936,1.15964,1.16084,1.15581,1.15871,1.15982,1.16101,1.15598,1.15888
2026-03-05 18:00:00+00:00,42970,1.15872,1.16096,1.15692,1.16076,1.15888,1.16113,1.1571,1.16096
2026-03-05 22:00:00+00:00,13862,1.16064,1.16194,1.16024,1.16142,1.16112,1.16211,1.16044,1.1616
2026-03-06 02:00:00+00:00,14389,1.1614,1.16204,1.16049,1.16057,1.16159,1.16221,1.16065,1.16072
2026-03-06 06:00:00+00:00,29099,1.16056,1.16175,1.15709,1.15736,1.16072,1.16191,1.15726,1.15752
2026-03-06 10:00:00+00:00,55966,1.15734,1.15918,1.15494,1.15541,1.15752,1.16014,1.15509,1.15559
2026-03-06 14:00:00+00:00,79019,1.1554,1.16123,1.15452,1.15948,1.15559,1.1614,1.15469,1.15965
2026-03-06 18:00:00+00:00,34799,1.1595,1.16207,1.15921,1.16156,1.15966,1.16222,1.15939,1.16181
2026-03-08 21:00:00+00:00,32217,1.15461,1.15563,1.15153,1.15164,1.1552,1.15591,1.1517,1.15181
2026-03-09 01:00:00+00:00,35971,1.15163,1.15287,1.15062,1.1525,1.15181,1.15304,1.1508,1.15269
2026-03-09 05:00:00+00:00,67189,1.1525,1.15708,1.15145,1.1534,1.15268,1.15723,1.15163,1.15355
2026-03-09 09:00:00+00:00,63874,1.15339,1.15724,1.15302,1.15527,1.15356,1.15741,1.15318,1.15541
2026-03-09 13:00:00+00:00,77374,1.15528,1.15985,1.15466,1.15868,1.15543,1.16002,1.15482,1.15884
2026-03-09 17:00:00+00:00,50040,1.15868,1.16369,1.15745,1.1636,1.15883,1.16389,1.15761,1.16383
2026-03-09 21:00:00+00:00,20995,1.16353,1.16449,1.16107,1.16255,1.16377,1.16467,1.16125,1.16273
2026-03-10 01:00:00+00:00,26806,1.16254,1.16291,1.16061,1.16111,1.16271,1.16308,1.16079,1.16126
2026-03-10 05:00:00+00:00,33332,1.1611,1.16628,1.16109,1.16449,1.16126,1.16645,1.16125,1.16467
2026-03-10 09:00:00+00:00,45118,1.16448,1.16582,1.16194,1.16337,1.16465,1.16598,1.16212,1.16353
2026-03-10 13:00:00+00:00,46051,1.16337,1.16544,1.16262,1.16513,1.16354,1.16561,1.16278,1.16527
2026-03-10 17:00:00+00:00,54728,1.1651,1.16665,1.16048,1.16075,1.16526,1.1668,1.16068,1.16094
2026-03-10 21:00:00+00:00,12077,1.16078,1.1624,1.16021,1.16172,1.16104,1.16257,1.16036,1.16188
2026-03-11 01:00:00+00:00,19141,1.16173,1.16345,1.16117,1.1633,1.16187,1.1636,1.16133,1.16346
2026-03-11 05:00:00+00:00,34448,1.1633,1.16446,1.16028,1.16118,1.16347,1.16465,1.16044,1.16134
2026-03-11 09:00:00+00:00,48086,1.16118,1.16132,1.15766,1.15817,1.16136,1.16148,1.15782,1.15832
2026-03-11 13:00:00+00:00,61707,1.15817,1.16119,1.15623,1.15701,1.15833,1.16138,1.1564,1.15718
2026-03-11 17:00:00+00:00,23559,1.15703,1.15756,1.15599,1.15661,1.15718,1.15774,1.15616,1.15678
2026-03-11 21:00:00+00:00,13973,1.1566,1.15733,1.15333,1.1545,1.15677,1.15764,1.15349,1.15467
2026-03-12 01:00:00+00:00,18062,1.1545,1.15548,1.15313,1.15324,1.15469,1.15565,1.15328,1.1534
2026-03-12 05:00:00+00:00,24121,1.15322,1.15553,1.15319,1.15465,1.15339,1.15569,1.15335,1.15482
2026-03-12 09:00:00+00:00,25435,1.15465,1.15655,1.15319,1.15385,1.15481,1.15671,1.15334,1.15401
2026-03-12 13:00:00+00:00,62370,1.15386,1.15497,1.15101,1.15212,1.15403,1.15511,1.15118,1.15228
2026-03-12 17:00:00+00:00,22523,1.15212,1.1531,1.15089,1.15101,1.15229,1.15328,1.1511,1.15117
2026-03-12 21:00:00+00:00,9904,1.15113,1.15276,1.15094,1.15226,1.15147,1.15291,1.15122,1.15244
2026-03-13 01:00:00+00:00,16375,1.15227,1.15289,1.14992,1.15025,1.15243,1.15306,1.15008,1.15041
2026-03-13 05:00:00+00:00,30197,1.15025,1.15058,1.14321,1.14444,1.15042,1.15075,1.14339,1.1446
2026-03-13 09:00:00+00:00,42361,1.14444,1.14877,1.14444,1.1477,1.14459,1.14894,1.14459,1.14788
2026-03-13 13:00:00+00:00,53966,1.14771,1.14893,1.14337,1.14412,1.14788,1.14911,1.14353,1.14431
2026-03-13 17:00:00+00:00,23073,1.14412,1.14454,1.14102,1.14156,1.14429,1.14469,1.14118,1.14177
2026-03-15 21:00:00+00:00,16963,1.14208,1.14548,1.14181,1.14541,1.14272,1.14564,1.142,1.14557
2026-03-16 01:00:00+00:00,16728,1.14541,1.14557,1.14389,1.14407,1.14558,1.14574,1.14404,1.14424
2026-03-16 05:00:00+00:00,24203,1.14407,1.14446,1.14134,1.14441,1.14425,1.14462,1.14152,1.14456
2026-03-16 09:00:00+00:00,32283,1.14441,1.14871,1.14401,1.14731,1.14458,1.14888,1.14418,1.14747
2026-03-16 13:00:00+00:00,38179,1.14731,1.15014,1.14731,1.14927,1.14748,1.1503,1.14748,1.14943
2026-03-16 17:00:00+00:00,25775,1.14928,1.15242,1.14898,1.15049,1.14943,1.15257,1.14914,1.15066
2026-03-16 21:00:00+00:00,8796,1.15046,1.15079,1.14884,1.14917,1.15074,1.15179,1.14899,1.14934
2026-03-17 01:00:00+00:00,11877,1.14915,1.15022,1.14856,1.14965,1.14932,1.15039,1.14874,1.14979
2026-03-17 05:00:00+00:00,23103,1.14964,1.15173,1.14651,1.15097,1.14979,1.1519,1.14669,1.15113
2026-03-17 09:00:00+00:00,27323,1.15099,1.15241,1.15031,1.15234,1.15115,1.15257,1.15049,1.15249
2026-03-17 13:00:00+00:00,40764,1.15236,1.15429,1.15174,1.15273,1.15251,1.15448,1.1519,1.15289
2026-03-17 17:00:00+00:00,14029,1.15271,1.15463,1.15257,1.15391,1.15288,1.15482,1.15273,1.15411
2026-03-17 21:00:00+00:00,15850,1.1535,1.15435,1.15312,1.15319,1.15411,1.15459,1.15327,1.15334
2026-03-18 01:00:00+00:00,9457,1.15319,1.15418,1.15313,1.1541,1.15335,1.15435,1.15329,1.15424
2026-03-18 05:00:00+00:00,15871,1.15409,1.15485,1.1517,1.15317,1.15425,1.15504,1.15187,1.15333
2026-03-18 09:00:00+00:00,32619,1.15317,1.15545,1.15048,1.15066,1.15332,1.15562,1.15065,1.15084
2026-03-18 13:00:00+00:00,47966,1.15066,1.15289,1.14898,1.151,1.15083,1.15304,1.14914,1.15116
2026-03-18 17:00:00+00:00,40343,1.15101,1.15243,1.14491,1.14505,1.15116,1.1526,1.14507,1.14528
2026-03-18 21:00:00+00:00,14212,1.145,1.14735,1.14496,1.14732,1.14533,1.14765,1.14521,1.1475
2026-03-19 01:00:00+00:00,17438,1.14734,1.14906,1.14661,1.14682,1.14751,1.14923,1.14678,1.14698
2026-03-19 05:00:00+00:00,35336,1.1468,1.14761,1.14421,1.14501,1.14697,1.14776,1.14438,1.14518
2026-03-19 09:00:00+00:00,54468,1.14503,1.14891,1.14502,1.14865,1.1452,1.14908,1.14519,1.14881
2026-03-19 13:00:00+00:00,98577,1.14864,1.15382,1.14683,1.1535,1.14878,1.15397,1.14701,1.15367
2026-03-19 17:00:00+00:00,50384,1.1535,1.16155,1.1535,1.15881,1.15368,1.16174,1.15366,1.15901
2026-03-19 21:00:00+00:00,10548,1.15876,1.15942,1.15702,1.15731,1.15897,1.15962,1.15719,1.15747
2026-03-20 01:00:00+00:00,13034,1.15731,1.15763,1.15542,1.15548,1.15746,1.15779,1.15559,1.15565
2026-03-20 05:00:00+00:00,22697,1.15549,1.15801,1.15516,1.15668,1.15564,1.15816,1.15532,1.15687
2026-03-20 09:00:00+00:00,39993,1.15669,1.15792,1.15343,1.15636,1.15687,1.15809,1.15359,1.15653
2026-03-20 13:00:00+00:00,62246,1.15638,1.15656,1.15237,1.15584,1.15653,1.15675,1.15255,1.15601
2026-03-20 17:00:00+00:00,38421,1.15586,1.15709,1.1546,1.15697,1.15602,1.15748,1.15478,1.15725
2026-03-22 21:00:00+00:00,18580,1.15368,1.1564,1.15352,1.15437,1.15387,1.15657,1.15385,1.15451
2026-03-23 01:00:00+00:00,24617,1.15435,1.15608,1.15419,1.15497,1.15451,1.15626,1.15434,1.15515
2026-03-23 05:00:00+00:00,38480,1.15495,1.15517,1.15197,1.15289,1.15512,1.15533,1.15213,1.15305
2026-03-23 09:00:00+00:00,133817,1.15294,1.16192,1.14837,1.16118,1.15308,1.1621,1.14854,1.16136
2026-03-23 13:00:00+00:00,128500,1.16121,1.16391,1.15756,1.15902,1.16139,1.16408,1.15773,1.1592
2026-03-23 17:00:00+00:00,42383,1.15903,1.16366,1.15859,1.16101,1.1592,1.16383,1.15875,1.16124
2026-03-23 21:00:00+00:00,18574,1.16102,1.16168,1.15804,1.15877,1.16173,1.16188,1.1582,1.15892
2026-03-24 01:00:00+00:00,27708,1.15877,1.15952,1.15749,1.15795,1.15894,1.15969,1.15766,1.1581
2026-03-24 05:00:00+00:00,45504,1.15795,1.16171,1.1575,1.15875,1.15811,1.16188,1.15767,1.15892
2026-03-24 09:00:00+00:00,40371,1.15877,1.16,1.15778,1.15837,1.15894,1.16015,1.15797,1.15854
2026-03-24 13:00:00+00:00,73914,1.15841,1.16061,1.15661,1.15819,1.15856,1.16079,1.15683,1.15835
2026-03-24 17:00:00+00:00,56893,1.15819,1.16276,1.15561,1.16066,1.15834,1.16293,1.1558,1.16085
2026-03-24 21:00:00+00:00,19310,1.16036,1.16298,1.15988,1.16225,1.16092,1.16316,1.16045,1.16242
2026-03-25 01:00:00+00:00,20103,1.16223,1.16236,1.15967,1.15971,1.1624,1.16254,1.15982,1.15987
2026-03-25 05:00:00+00:00,30122,1.15971,1.16158,1.15862,1.16019,1.15986,1.16174,1.15879,1.16035
2026-03-25 09:00:00+00:00,38388,1.16019,1.16129,1.15855,1.15906,1.16036,1.16147,1.15873,1.15921
2026-03-25 13:00:00+00:00,55519,1.15906,1.15981,1.15546,1.15668,1.15924,1.15998,1.15561,1.15683
2026-03-25 17:00:00+00:00,24282,1.15666,1.15829,1.15551,1.15584,1.15683,1.15847,1.15569,1.15602
2026-03-25 21:00:00+00:00,7648,1.15581,1.1564,1.15531,1.15576,1.15598,1.15657,1.15548,1.1559
2026-03-26 01:00:00+00:00,12991,1.15574,1.15716,1.15539,1.15686,1.15588,1.15733,1.15556,1.15701
2026-03-26 05:00:00+00:00,23255,1.15688,1.15691,1.15468,1.15589,1.15703,1.15707,1.15483,1.15606
2026-03-26 09:00:00+00:00,28809,1.15588,1.15642,1.15217,1.15342,1.15606,1.15662,1.15234,1.1536
2026-03-26 13:00:00+00:00,51487,1.15343,1.15543,1.15301,1.15349,1.1536,1.15558,1.15317,1.15365
2026-03-26 17:00:00+00:00,30341,1.15348,1.15582,1.15187,1.1528,1.15363,1.15601,1.15204,1.15307
2026-03-26 21:00:00+00:00,11720,1.15282,1.15396,1.15235,1.15297,1.15362,1.15415,1.15252,1.15313
2026-03-27 01:00:00+00:00,14529,1.15296,1.15429,1.15288,1.1542,1.15313,1.15446,1.15306,1.15437
2026-03-27 05:00:00+00:00,21774,1.15421,1.15455,1.1515,1.15199,1.15437,1.15471,1.15166,1.15215
2026-03-27 09:00:00+00:00,25673,1.15194,1.15255,1.1501,1.15143,1.1521,1.1527,1.15026,1.15159
2026-03-27 13:00:00+00:00,47893,1.15143,1.15471,1.15133,1.15183,1.1516,1.15488,1.15149,1.152
2026-03-27 17:00:00+00:00,23057,1.15181,1.15284,1.15054,1.15084,1.15199,1.15301,1.15072,1.15145
2026-03-29 21:00:00+00:00,20581,1.15014,1.15119,1.14867,1.1506,1.15044,1.15137,1.14884,1.15077
2026-03-30 01:00:00+00:00,16405,1.15061,1.15205,1.15005,1.15128,1.15076,1.15221,1.15021,1.15144
2026-03-30 05:00:00+00:00,22243,1.15127,1.15194,1.14899,1.14953,1.15144,1.1521,1.14915,1.14972
2026-03-30 09:00:00+00:00,31602,1.14954,1.14995,1.14723,1.14819,1.14972,1.15015,1.14737,1.14836
2026-03-30 13:00:00+00:00,42439,1.14819,1.14872,1.14424,1.14594,1.14835,1.14889,1.14441,1.1461
2026-03-30 17:00:00+00:00,17496,1.14593,1.14655,1.14529,1.14608,1.1461,1.1467,1.14546,1.14629
2026-03-30 21:00:00+00:00,15426,1.14562,1.14756,1.14461,1.14738,1.14613,1.14771,1.1448,1.14757
2026-03-31 01:00:00+00:00,20469,1.14737,1.149,1.14655,1.14684,1.14757,1.14916,1.14672,1.147
2026-03-31 05:00:00+00:00,25715,1.14683,1.1475,1.14601,1.14664,1.147,1.14767,1.14616,1.1468
2026-03-31 09:00:00+00:00,39112,1.14663,1.15091,1.14568,1.15022,1.1468,1.15107,1.14584,1.15039
2026-03-31 13:00:00+00:00,81234,1.15023,1.1559,1.14998,1.15396,1.15039,1.15607,1.15014,1.15413
2026-03-31 17:00:00+00:00,43814,1.15397,1.15627,1.15377,1.15523,1.15412,1.15643,1.15391,1.1554
2026-03-31 21:00:00+00:00,11651,1.1552,1.15781,1.15512,1.15737,1.15559,1.15799,1.15536,1.15753
2026-04-01 01:00:00+00:00,17078,1.15736,1.15748,1.15541,1.15646,1.15753,1.15765,1.15557,1.15662
2026-04-01 05:00:00+00:00,46696,1.15645,1.161,1.15612,1.15955,1.15662,1.16116,1.15628,1.15972
2026-04-01 09:00:00+00:00,43411,1.15958,1.16227,1.158,1.16039,1.15974,1.16248,1.15818,1.16055
2026-04-01 13:00:00+00:00,55265,1.16039,1.16264,1.15978,1.16182,1.16056,1.1628,1.15995,1.16199
2026-04-01 17:00:00+00:00,23094,1.16184,1.16226,1.15755,1.15899,1.162,1.16243,1.15771,1.15916
2026-04-01 21:00:00+00:00,12120,1.15838,1.15972,1.15819,1.15949,1.15938,1.15989,1.1587,1.15965
2026-04-02 01:00:00+00:00,56247,1.15946,1.16049,1.15313,1.15362,1.15962,1.16068,1.1533,1.15379
2026-04-02 05:00:00+00:00,30811,1.15363,1.15382,1.15144,1.15247,1.15381,1.15398,1.15161,1.15261
2026-04-02 09:00:00+00:00,27667,1.15247,1.15311,1.15084,1.15241,1.15262,1.15329,1.151,1.15255
2026-04-02 13:00:00+00:00,66995,1.15241,1.15631,1.15195,1.15385,1.15256,1.1565,1.15212,1.15402
2026-04-02 17:00:00+00:00,17361,1.15385,1.15484,1.15313,1.15391,1.15401,1.15501,1.15329,1.15408
2026-04-02 21:00:00+00:00,5083,1.15335,1.15443,1.15335,1.15373,1.15435,1.15476,1.1539,1.15391
2026-04-03 01:00:00+00:00,6904,1.15373,1.15392,1.15313,1.15329,1.1539,1.15409,1.1533,1.15347
2026-04-03 05:00:00+00:00,5620,1.1533,1.15456,1.15285,1.15422,1.15347,1.15472,1.15302,1.15438
2026-04-03 09:00:00+00:00,12372,1.15421,1.15485,1.15132,1.15302,1.15438,1.155,1.15189,1.15318
2026-04-03 13:00:00+00:00,14530,1.153,1.15377,1.1518,1.1518,1.15317,1.15395,1.152,1.152
2026-04-03 17:00:00+00:00,8189,1.15181,1.15298,1.15091,1.15172,1.152,1.15398,1.15151,1.15272
2026-04-05 21:00:00+00:00,16528,1.15219,1.15229,1.15043,1.1511,1.15257,1.15258,1.1506,1.15126
2026-04-06 01:00:00+00:00,17578,1.1511,1.1528,1.15055,1.15236,1.15127,1.15297,1.15072,1.15252
2026-04-06 05:00:00+00:00,26634,1.15236,1.15681,1.15212,1.15546,1.15251,1.15697,1.15229,1.1556
2026-04-06 09:00:00+00:00,23422,1.15547,1.15598,1.15366,1.15525,1.15561,1.15615,1.15387,1.15542
2026-04-06 13:00:00+00:00,40412,1.15528,1.15708,1.15346,1.15442,1.15544,1.15725,1.15366,1.15459
2026-04-06 17:00:00+00:00,23697,1.15443,1.1552,1.15332,1.15425,1.15459,1.15535,1.15351,1.15441
2026-04-06 21:00:00+00:00,10493,1.15375,1.15471,1.15359,1.15368,1.15453,1.1549,1.15374,1.15384
2026-04-07 01:00:00+00:00,13298,1.15368,1.15396,1.15233,1.15375,1.15385,1.15411,1.15251,1.15391
2026-04-07 05:00:00+00:00,32092,1.15376,1.15748,1.15293,1.15729,1.15394,1.15765,1.15311,1.15745
2026-04-07 09:00:00+00:00,40970,1.15727,1.15747,1.15448,1.15597,1.15743,1.15764,1.15468,1.15614
2026-04-07 13:00:00+00:00,48598,1.15595,1.15828,1.15552,1.15708,1.15614,1.15845,1.15568,1.15724
2026-04-07 17:00:00+00:00,37758,1.15708,1.16043,1.15656,1.15963,1.15723,1.16061,1.15673,1.15987
2026-04-07 21:00:00+00:00,81835,1.1594,1.16962,1.15882,1.16709,1.15985,1.16978,1.15896,1.16727
2026-04-08 01:00:00+00:00,38824,1.1671,1.16875,1.16654,1.16755,1.16727,1.16893,1.16669,1.16771
2026-04-08 05:00:00+00:00,50296,1.16757,1.17078,1.16679,1.16803,1.16772,1.17095,1.16698,1.1682
2026-04-08 09:00:00+00:00,44010,1.16805,1.17174,1.16767,1.17133,1.16822,1.1719,1.16784,1.17149
2026-04-08 13:00:00+00:00,59670,1.17133,1.1721,1.16762,1.16809,1.17147,1.17226,1.16778,1.16827
2026-04-08 17:00:00+00:00,35090,1.16809,1.16846,1.16427,1.16612,1.16825,1.16862,1.16442,1.16632
2026-04-08 21:00:00+00:00,10499,1.16565,1.16668,1.16522,1.16564,1.16665,1.16693,1.16539,1.16579
2026-04-09 01:00:00+00:00,14077,1.16563,1.16703,1.16497,1.16657,1.1658,1.1672,1.16511,1.16672
2026-04-09 05:00:00+00:00,21667,1.16657,1.16742,1.16536,1.16712,1.16673,1.16758,1.16552,1.16729
2026-04-09 09:00:00+00:00,23158,1.16713,1.1689,1.16678,1.16852,1.16729,1.1691,1.16693,1.16869
2026-04-09 13:00:00+00:00,46027,1.16853,1.17133,1.16735,1.17098,1.16869,1.1715,1.1675,1.17115
2026-04-09 17:00:00+00:00,23608,1.17099,1.17226,1.16946,1.16979,1.17115,1.17243,1.16962,1.17
2026-04-09 21:00:00+00:00,9921,1.16979,1.17019,1.16847,1.16872,1.17063,1.17063,1.16862,1.16886
2026-04-10 01:00:00+00:00,9473,1.16872,1.16961,1.16854,1.16912,1.16888,1.16979,1.16871,1.16928
2026-04-10 05:00:00+00:00,17159,1.16914,1.16929,1.16765,1.16851,1.16929,1.16945,1.16783,1.16867
2026-04-10 09:00:00+00:00,31286,1.16851,1.17249,1.16839,1.17201,1.16866,1.17266,1.16855,1.17217
2026-04-10 13:00:00+00:00,40884,1.17199,1.17388,1.17129,1.17196,1.17214,1.17404,1.17145,1.17213
2026-04-10 17:00:00+00:00,17857,1.17197,1.17347,1.17161,1.17222,1.17213,1.17363,1.17196,1.17277
2026-04-12 21:00:00+00:00,21185,1.16644,1.16869,1.16632,1.16869,1.16688,1.16884,1.16649,1.16884
2026-04-13 01:00:00+00:00,11814,1.16869,1.16894,1.16796,1.16854,1.16886,1.16911,1.16813,1.16871
2026-04-13 05:00:00+00:00,22111,1.16855,1.16994,1.16772,1.16852,1.1687,1.1701,1.16788,1.16869
2026-04-13 09:00:00+00:00,23300,1.16852,1.1699,1.16798,1.16976,1.1687,1.17007,1.16814,1.16992
2026-04-13 13:00:00+00:00,43646,1.16978,1.17307,1.16956,1.17243,1.16994,1.17322,1.16973,1.17258
2026-04-13 17:00:00+00:00,18932,1.17242,1.17653,1.17239,1.17576,1.17258,1.17667,1.17253,1.17599
2026-04-13 21:00:00+00:00,9152,1.17538,1.17673,1.17526,1.17657,1.17613,1.17689,1.17572,1.17672
2026-04-14 01:00:00+00:00,8578,1.17657,1.17692,1.17555,1.17661,1.17671,1.17709,1.17571,1.17677
2026-04-14 05:00:00+00:00,25392,1.17661,1.17958,1.17573,1.17819,1.17676,1.17975,1.17591,1.17835
2026-04-14 09:00:00+00:00,26711,1.1782,1.18055,1.17811,1.18038,1.17837,1.18073,1.17827,1.18055
2026-04-14 13:00:00+00:00,38189,1.18038,1.18104,1.17867,1.17934,1.18053,1.1812,1.17883,1.1795
2026-04-14 17:00:00+00:00,13433,1.17933,1.17987,1.17897,1.17948,1.1795,1.18004,1.17913,1.17973
2026-04-14 21:00:00+00:00,10269,1.17939,1.18011,1.17882,1.17933,1.17993,1.18028,1.17902,1.17949
2026-04-15 01:00:00+00:00,10681,1.17931,1.17961,1.17781,1.17878,1.17945,1.17977,1.17797,1.17895
2026-04-15 05:00:00+00:00,21654,1.17879,1.17985,1.1782,1.17887,1.17894,1.18001,1.17836,1.17902
2026-04-15 09:00:00+00:00,34002,1.17887,1.17921,1.17711,1.17873,1.17903,1.17938,1.17729,1.1789
2026-04-15 13:00:00+00:00,35035,1.17872,1.18073,1.17834,1.18002,1.1789,1.18088,1.17849,1.18018
2026-04-15 17:00:00+00:00,15803,1.18001,1.1804,1.17919,1.17986,1.18018,1.18057,1.17935,1.18001
2026-04-15 21:00:00+00:00,7349,1.17964,1.18077,1.17957,1.18065,1.18039,1.18094,1.17993,1.18082
2026-04-16 01:00:00+00:00,12631,1.18064,1.18231,1.17962,1.18086,1.18079,1.18247,1.17977,1.18102
2026-04-16 05:00:00+00:00,22660,1.18086,1.18094,1.17758,1.17856,1.18103,1.18108,1.17774,1.17871
2026-04-16 09:00:00+00:00,20904,1.17855,1.17879,1.17717,1.17807,1.17871,1.17895,1.17735,1.17824
2026-04-16 13:00:00+00:00,37888,1.17808,1.17865,1.1766,1.17741,1.17826,1.1788,1.17677,1.17758
2026-04-16 17:00:00+00:00,16256,1.17743,1.1785,1.17674,1.17815,1.17758,1.17866,1.17691,1.17837
2026-04-16 21:00:00+00:00,6413,1.17746,1.17863,1.17746,1.17782,1.1784,1.17883,1.17779,1.17798
2026-04-17 01:00:00+00:00,9423,1.17781,1.17845,1.17722,1.17819,1.17798,1.17862,1.1774,1.17835
2026-04-17 05:00:00+00:00,18971,1.17819,1.17949,1.17715,1.1793,1.17834,1.17965,1.17732,1.17948
2026-04-17 09:00:00+00:00,30190,1.17931,1.18364,1.17901,1.18345,1.17948,1.18384,1.17918,1.18362
2026-04-17 13:00:00+00:00,64788,1.18345,1.18485,1.17912,1.1798,1.18365,1.185,1.17926,1.17996
2026-04-17 17:00:00+00:00,26161,1.17979,1.17979,1.17598,1.1763,1.17994,1.17995,1.17615,1.17647
2026-04-19 21:00:00+00:00,17445,1.1739,1.17564,1.17277,1.17537,1.17427,1.17579,1.17295,1.17553
2026-04-20 01:00:00+00:00,12255,1.17536,1.17618,1.17498,1.17583,1.17553,1.17635,1.17515,1.176
2026-04-20 05:00:00+00:00,29565,1.17582,1.17711,1.17462,1.17604,1.17598,1.17729,1.17479,1.1762
2026-04-20 09:00:00+00:00,22061,1.17603,1.17746,1.17544,1.17642,1.1762,1.17764,1.17561,1.17659
2026-04-20 13:00:00+00:00,43608,1.17643,1.17889,1.17605,1.17851,1.17659,1.17904,1.17621,1.17865
2026-04-20 17:00:00+00:00,15763,1.17852,1.17896,1.17779,1.17863,1.17866,1.17912,1.17796,1.1788
2026-04-20 21:00:00+00:00,8802,1.17847,1.17903,1.17799,1.17821,1.17904,1.17919,1.17816,1.17837
2026-04-21 01:00:00+00:00,9807,1.17821,1.17854,1.17725,1.17748,1.17838,1.1787,1.1774,1.17764
2026-04-21 05:00:00+00:00,24371,1.1775,1.17815,1.17561,1.17644,1.17765,1.17831,1.17578,1.17662
2026-04-21 09:00:00+00:00,23795,1.17643,1.17677,1.17533,1.17586,1.17658,1.17692,1.1755,1.17603
2026-04-21 13:00:00+00:00,38988,1.17587,1.17752,1.17396,1.17408,1.17602,1.17769,1.17413,1.17423
2026-04-21 17:00:00+00:00,57142,1.17409,1.17628,1.17178,1.17428,1.17423,1.17647,1.17197,1.17447
2026-04-21 21:00:00+00:00,9456,1.1746,1.17506,1.17319,1.17431,1.17493,1.17523,1.17366,1.17447
2026-04-22 01:00:00+00:00,10663,1.17431,1.17476,1.17368,1.17388,1.17445,1.17493,1.17385,1.17404
2026-04-22 05:00:00+00:00,24172,1.17387,1.17619,1.17383,1.17529,1.17404,1.17636,1.17399,1.17546
2026-04-22 09:00:00+00:00,23885,1.17528,1.17567,1.1724,1.17269,1.17542,1.17582,1.17256,1.17285
2026-04-22 13:00:00+00:00,35767,1.17268,1.17424,1.17092,1.17118,1.17285,1.17441,1.17109,1.17134
2026-04-22 17:00:00+00:00,13542,1.1712,1.17161,1.17023,1.17054,1.17135,1.17179,1.17039,1.17079
2026-04-22 21:00:00+00:00,14836,1.17048,1.1713,1.16915,1.1711,1.17067,1.17145,1.16931,1.17126
2026-04-23 01:00:00+00:00,17179,1.17109,1.17123,1.16941,1.16995,1.17126,1.17138,1.16957,1.1701
2026-04-23 05:00:00+00:00,22434,1.16995,1.17111,1.16946,1.17008,1.17011,1.17129,1.16963,1.17024
2026-04-23 09:00:00+00:00,31842,1.17007,1.17015,1.16783,1.16913,1.17024,1.17032,1.16798,1.16928
2026-04-23 13:00:00+00:00,34464,1.16913,1.17158,1.16823,1.17014,1.1693,1.17174,1.16845,1.1703
2026-04-23 17:00:00+00:00,47339,1.17014,1.1702,1.16683,1.1682,1.17031,1.17036,1.16701,1.16834
2026-04-23 21:00:00+00:00,10574,1.16788,1.16877,1.16765,1.16846,1.16885,1.16932,1.16823,1.16862
2026-04-24 01:00:00+00:00,12191,1.16846,1.16886,1.16721,1.16784,1.16861,1.16903,1.16737,1.16799
2026-04-24 05:00:00+00:00,19398,1.16785,1.16952,1.16753,1.1689,1.16799,1.16969,1.16769,1.16906
2026-04-24 09:00:00+00:00,30884,1.16892,1.17178,1.16834,1.1708,1.16907,1.17194,1.16851,1.17097
2026-04-24 13:00:00+00:00,40478,1.17082,1.17191,1.16978,1.17184,1.17097,1.17207,1.16994,1.17198
2026-04-24 17:00:00+00:00,16608,1.17184,1.17226,1.17103,1.1717,1.17199,1.17259,1.1712,1.17204
2026-04-26 21:00:00+00:00,8332,1.16961,1.17163,1.16951,1.17153,1.17037,1.17182,1.17024,1.1717
2026-04-27 01:00:00+00:00,14212,1.17154,1.17319,1.17154,1.17259,1.1717,1.17335,1.1717,1.17275
2026-04-27 05:00:00+00:00,19693,1.17258,1.17501,1.17159,1.17478,1.17275,1.17517,1.17176,1.17492
2026-04-27 09:00:00+00:00,17973,1.17478,1.17543,1.17371,1.17437,1.17493,1.17558,1.17386,1.17452
2026-04-27 13:00:00+00:00,26380,1.17438,1.17535,1.17244,1.17252,1.17452,1.1755,1.1726,1.17269
2026-04-27 17:00:00+00:00,11416,1.17252,1.17293,1.17181,1.17191,1.17268,1.17309,1.17197,1.17224
2026-04-27 21:00:00+00:00,7190,1.17181,1.17262,1.17164,1.17181,1.17256,1.17279,1.1718,1.17196
2026-04-28 01:00:00+00:00,12472,1.17178,1.17181,1.17072,1.17117,1.17195,1.17195,1.17088,1.17134
2026-04-28 05:00:00+00:00,24585,1.17118,1.17126,1.16852,1.17015,1.17134,1.17142,1.16868,1.17031
2026-04-28 09:00:00+00:00,30948,1.17012,1.17014,1.16767,1.16961,1.17029,1.17031,1.16783,1.16977
2026-04-28 13:00:00+00:00,37876,1.16962,1.17163,1.16875,1.17097,1.16977,1.17179,1.16893,1.17113
2026-04-28 17:00:00+00:00,13082,1.17096,1.17169,1.17058,1.17117,1.17111,1.17185,1.17074,1.17137
2026-04-28 21:00:00+00:00,5634,1.171,1.17199,1.17093,1.17148,1.17161,1.17216,1.17152,1.17165
2026-04-29 01:00:00+00:00,12253,1.1715,1.17161,1.17036,1.17048,1.17166,1.17176,1.17052,1.17065
2026-04-29 05:00:00+00:00,20650,1.17049,1.17075,1.16929,1.16994,1.17065,1.17091,1.16944,1.17009
2026-04-29 09:00:00+00:00,23343,1.16995,1.17089,1.16926,1.16982,1.17011,1.17107,1.16943,1.16998
2026-04-29 13:00:00+00:00,42435,1.16982,1.17033,1.16817,1.16839,1.16999,1.1705,1.16834,1.16855
2026-04-29 17:00:00+00:00,40212,1.16839,1.169,1.16604,1.16747,1.16854,1.16921,1.1662,1.16769
2026-04-29 21:00:00+00:00,11949,1.16739,1.16888,1.16698,1.16785,1.16839,1.16905,1.1672,1.16801
2026-04-30 01:00:00+00:00,19194,1.16785,1.16809,1.16543,1.16593,1.168,1.16826,1.16559,1.16609
2026-04-30 05:00:00+00:00,30233,1.16594,1.16969,1.16571,1.1679,1.16609,1.16984,1.16587,1.16811
2026-04-30 09:00:00+00:00,72181,1.16792,1.17189,1.16723,1.16918,1.16811,1.17205,1.16742,1.16933
2026-04-30 13:00:00+00:00,62368,1.16918,1.1735,1.1681,1.17248,1.16935,1.17367,1.16827,1.17263
2026-04-30 17:00:00+00:00,22608,1.17247,1.17409,1.17213,1.17285,1.17263,1.17426,1.17228,1.17331
2026-04-30 21:00:00+00:00,10234,1.1728,1.1735,1.17235,1.17269,1.17333,1.17389,1.17251,1.17284
2026-05-01 01:00:00+00:00,10667,1.1727,1.17357,1.17243,1.17259,1.17284,1.17373,1.1726,1.17276
2026-05-01 05:00:00+00:00,28128,1.1726,1.17473,1.1718,1.17428,1.17276,1.1749,1.17197,1.17443
2026-05-01 09:00:00+00:00,24960,1.17428,1.1768,1.173,1.17567,1.17445,1.17697,1.17316,1.17584
2026-05-01 13:00:00+00:00,48309,1.17567,1.17845,1.17369,1.17374,1.17583,1.17861,1.17386,1.1739
2026-05-01 17:00:00+00:00,19316,1.17374,1.17397,1.17146,1.17198,1.17391,1.17413,1.17164,1.17227
2026-05-03 21:00:00+00:00,11447,1.17456,1.17484,1.17207,1.17263,1.17499,1.17522,1.17224,1.17279
2026-05-04 01:00:00+00:00,21461,1.17262,1.17381,1.17194,1.17284,1.17279,1.17399,1.1721,1.17299
2026-05-04 05:00:00+00:00,23516,1.17284,1.17365,1.17106,1.17184,1.173,1.1738,1.17122,1.17201
2026-05-04 09:00:00+00:00,39434,1.17186,1.17231,1.16881,1.17084,1.17202,1.17248,1.16896,1.171
2026-05-04 13:00:00+00:00,52415,1.17084,1.17171,1.16803,1.16815,1.17101,1.17188,1.16818,1.16831
2026-05-04 17:00:00+00:00,22256,1.16815,1.17016,1.16809,1.1691,1.16833,1.17032,1.16824,1.16926
2026-05-04 21:00:00+00:00,5667,1.16878,1.16931,1.16842,1.16856,1.16947,1.16962,1.16859,1.16872
2026-05-05 01:00:00+00:00,10455,1.16857,1.16908,1.16761,1.1677,1.16872,1.16924,1.16778,1.16786
2026-05-05 05:00:00+00:00,23486,1.16768,1.16959,1.16757,1.16879,1.16784,1.16977,1.16773,1.16897
2026-05-05 09:00:00+00:00,26785,1.1688,1.16973,1.16804,1.16916,1.16897,1.16989,1.16819,1.16933
2026-05-05 13:00:00+00:00,34995,1.16917,1.17129,1.16908,1.16986,1.16933,1.17144,1.16925,1.17003
2026-05-05 17:00:00+00:00,11850,1.16988,1.17034,1.16915,1.1692,1.17003,1.1705,1.16931,1.1694
2026-05-05 21:00:00+00:00,15011,1.16913,1.17248,1.16908,1.17196,1.16936,1.17265,1.16926,1.17211
2026-05-06 01:00:00+00:00,24689,1.17194,1.17422,1.17148,1.17361,1.17208,1.17437,1.17164,1.17378
2026-05-06 05:00:00+00:00,35248,1.17362,1.17699,1.17236,1.17616,1.17377,1.17717,1.17252,1.17634
2026-05-06 09:00:00+00:00,48778,1.17613,1.17959,1.17509,1.1753,1.17633,1.17975,1.17526,1.17544
2026-05-06 13:00:00+00:00,40592,1.17529,1.17623,1.17407,1.17436,1.17544,1.17638,1.17428,1.17453
2026-05-06 17:00:00+00:00,16539,1.17436,1.17548,1.17421,1.17476,1.17452,1.17565,1.17437,1.17493
2026-05-06 21:00:00+00:00,9386,1.17425,1.17534,1.17424,1.17478,1.17501,1.1755,1.17473,1.17495
2026-05-07 01:00:00+00:00,14865,1.17479,1.17627,1.17457,1.17501,1.17495,1.17643,1.17473,1.17516
2026-05-07 05:00:00+00:00,29247,1.17501,1.17734,1.17441,1.17709,1.17517,1.1775,1.17459,1.17726
2026-05-07 09:00:00+00:00,25786,1.1771,1.17775,1.17617,1.17723,1.17726,1.17792,1.17632,1.17737
2026-05-07 13:00:00+00:00,38692,1.17721,1.17771,1.17557,1.17597,1.17737,1.17788,1.17573,1.17612
2026-05-07 17:00:00+00:00,39809,1.176,1.17602,1.17215,1.17229,1.17614,1.17618,1.17233,1.17245
2026-05-07 21:00:00+00:00,11311,1.17239,1.1734,1.17224,1.17261,1.17325,1.17357,1.17241,1.17278
2026-05-08 01:00:00+00:00,14012,1.17263,1.17351,1.17238,1.17345,1.17279,1.17368,1.17253,1.17362
2026-05-08 05:00:00+00:00,22374,1.17346,1.17651,1.17323,1.17632,1.17364,1.17668,1.17337,1.17647
2026-05-08 09:00:00+00:00,27949,1.17632,1.17781,1.17545,1.17733,1.17648,1.17795,1.17588,1.17749
2026-05-08 13:00:00+00:00,35045,1.17732,1.17865,1.17655,1.17705,1.17749,1.1788,1.17673,1.17719
2026-05-08 17:00:00+00:00,14472,1.17705,1.17872,1.17698,1.17838,1.1772,1.17893,1.17715,1.17865
2026-05-10 21:00:00+00:00,10859,1.17503,1.17713,1.17433,1.17692,1.17544,1.17738,1.17519,1.17708
2026-05-11 01:00:00+00:00,11099,1.17693,1.17704,1.17494,1.17498,1.17708,1.17721,1.1751,1.17515
2026-05-11 05:00:00+00:00,17848,1.17496,1.17815,1.1748,1.17706,1.17513,1.17832,1.17496,1.17723
2026-05-11 09:00:00+00:00,19170,1.17706,1.1774,1.17627,1.17737,1.17722,1.17756,1.17643,1.17753
2026-05-11 13:00:00+00:00,28099,1.17739,1.17871,1.17716,1.17726,1.17755,1.17887,1.17732,1.1774
2026-05-11 17:00:00+00:00,11409,1.17726,1.17822,1.17701,1.17815,1.17741,1.17838,1.17717,1.17832
2026-05-11 21:00:00+00:00,7010,1.17778,1.1787,1.17655,1.17664,1.17851,1.17887,1.17671,1.17679
2026-05-12 01:00:00+00:00,13936,1.17665,1.17684,1.17539,1.17563,1.17679,1.17699,1.17554,1.17579
2026-05-12 05:00:00+00:00,26457,1.17563,1.17671,1.17387,1.17436,1.1758,1.17694,1.17401,1.17455
2026-05-12 09:00:00+00:00,25740,1.17435,1.17507,1.17342,1.17471,1.17455,1.17524,1.17356,1.17486
2026-05-12 13:00:00+00:00,35992,1.17469,1.17492,1.17209,1.17276,1.17483,1.17508,1.17226,1.1729
2026-05-12 17:00:00+00:00,14772,1.17276,1.17461,1.17266,1.17394,1.17292,1.17477,1.17281,1.17412
2026-05-12 21:00:00+00:00,6773,1.17348,1.17406,1.17321,1.17375,1.17385,1.17424,1.17338,1.1739
2026-05-13 01:00:00+00:00,10206,1.17374,1.17409,1.17311,1.17338,1.1739,1.17426,1.17328,1.17354
2026-05-13 05:00:00+00:00,17316,1.17337,1.17362,1.16996,1.17022,1.17354,1.17378,1.17012,1.17042
2026-05-13 09:00:00+00:00,23992,1.17023,1.17165,1.16945,1.17011,1.17042,1.17181,1.16962,1.17025
2026-05-13 13:00:00+00:00,28171,1.17012,1.17172,1.17003,1.1708,1.17026,1.17188,1.17019,1.17095
2026-05-13 17:00:00+00:00,12646,1.17078,1.17131,1.17033,1.17128,1.17094,1.17148,1.17049,1.17145
2026-05-13 21:00:00+00:00,6030,1.17059,1.17178,1.17059,1.17163,1.17144,1.17195,1.17144,1.1718
2026-05-14 01:00:00+00:00,12009,1.17161,1.1717,1.17088,1.17136,1.17179,1.17185,1.17105,1.17153
2026-05-14 05:00:00+00:00,19986,1.17138,1.17208,1.17041,1.17103,1.17154,1.17223,1.17058,1.17119
2026-05-14 09:00:00+00:00,20959,1.17103,1.17126,1.16955,1.16964,1.1712,1.17141,1.16971,1.16978
2026-05-14 13:00:00+00:00,35414,1.16964,1.16994,1.167,1.16756,1.1698,1.17009,1.16716,1.16772
2026-05-14 17:00:00+00:00,14608,1.16756,1.16801,1.16649,1.16688,1.16771,1.16815,1.16665,1.16708
2026-05-14 21:00:00+00:00,8978,1.16665,1.16725,1.16515,1.16547,1.16738,1.16763,1.16531,1.16561
2026-05-15 01:00:00+00:00,15075,1.16545,1.16568,1.1645,1.16467,1.16561,1.16584,1.16466,1.16482
2026-05-15 05:00:00+00:00,29556,1.16467,1.16482,1.16297,1.16321,1.16483,1.16499,1.16313,1.16338
2026-05-15 09:00:00+00:00,34103,1.16323,1.16548,1.16164,1.16255,1.16338,1.16564,1.1618,1.16272
2026-05-15 13:00:00+00:00,37388,1.16256,1.1637,1.16183,1.16291,1.16272,1.16388,1.16198,1.16307
2026-05-15 17:00:00+00:00,15019,1.16292,1.16348,1.16162,1.16244,1.16309,1.16365,1.16178,1.16261
2026-05-17 21:00:00+00:00,13615,1.16161,1.16234,1.16074,1.16109,1.16231,1.16298,1.16091,1.16124
2026-05-18 01:00:00+00:00,17782,1.16109,1.16255,1.16076,1.162,1.16123,1.1627,1.16093,1.16216
2026-05-18 05:00:00+00:00,23636,1.16201,1.16445,1.16161,1.16408,1.16216,1.16461,1.16177,1.16423
2026-05-18 09:00:00+00:00,29938,1.16408,1.16566,1.16257,1.16506,1.16422,1.16582,1.16273,1.16521
2026-05-18 13:00:00+00:00,41542,1.16505,1.16555,1.16326,1.16509,1.16521,1.16572,1.16341,1.16523
2026-05-18 17:00:00+00:00,25735,1.16506,1.16603,1.1628,1.16554,1.16522,1.16619,1.16296,1.16572
2026-05-18 21:00:00+00:00,9304,1.16539,1.16609,1.1643,1.16436,1.16576,1.16628,1.16447,1.16453
2026-05-19 01:00:00+00:00,15375,1.16438,1.1652,1.16346,1.16358,1.16454,1.16536,1.16361,1.16374
2026-05-19 05:00:00+00:00,22608,1.16359,1.1645,1.16215,1.16226,1.16376,1.16466,1.16231,1.16241
2026-05-19 09:00:00+00:00,27141,1.16225,1.16259,1.16102,1.16157,1.16239,1.16275,1.16119,1.16173
2026-05-19 13:00:00+00:00,43362,1.16156,1.16173,1.15913,1.16064,1.16174,1.16187,1.1593,1.1608
2026-05-19 17:00:00+00:00,14804,1.16063,1.16142,1.16018,1.16057,1.16078,1.16157,1.16034,1.16075
2026-05-19 21:00:00+00:00,9230,1.16005,1.16122,1.15984,1.16007,1.16105,1.16138,1.16017,1.16022
2026-05-20 01:00:00+00:00,19398,1.16006,1.1606,1.15928,1.15965,1.1602,1.16077,1.15944,1.15981
2026-05-20 05:00:00+00:00,22109,1.15964,1.16052,1.15827,1.15896,1.15981,1.16069,1.15842,1.15912
2026-05-20 09:00:00+00:00,19118,1.15895,1.16049,1.15865,1.15945,1.15912,1.16064,1.15882,1.15962
2026-05-20 13:00:00+00:00,59188,1.15945,1.16445,1.15819,1.16247,1.15961,1.16463,1.15835,1.16264
2026-05-20 17:00:00+00:00,21612,1.16248,1.1635,1.16151,1.16247,1.16264,1.16367,1.16169,1.16263
2026-05-20 21:00:00+00:00,8450,1.16192,1.16282,1.16185,1.16277,1.16292,1.16309,1.16227,1.16294
2026-05-21 01:00:00+00:00,13352,1.16279,1.16344,1.16148,1.16213,1.16295,1.16362,1.16165,1.1623
2026-05-21 05:00:00+00:00,34287,1.16214,1.16349,1.15933,1.16229,1.16229,1.16365,1.1595,1.16245
2026-05-21 09:00:00+00:00,34555,1.16229,1.16327,1.15927,1.15964,1.16246,1.16342,1.15941,1.15981
2026-05-21 13:00:00+00:00,45151,1.15964,1.16004,1.15754,1.15946,1.15979,1.16021,1.15771,1.15961
2026-05-21 17:00:00+00:00,38474,1.15948,1.16294,1.15919,1.16164,1.15963,1.1631,1.15936,1.16186
2026-05-21 21:00:00+00:00,6316,1.16144,1.16212,1.16116,1.16136,1.16244,1.16257,1.16132,1.16153
2026-05-22 01:00:00+00:00,8273,1.16134,1.1615,1.16079,1.16143,1.1615,1.16166,1.16095,1.1616
2026-05-22 05:00:00+00:00,19088,1.16143,1.16162,1.16005,1.1607,1.16159,1.16178,1.16021,1.16086
2026-05-22 09:00:00+00:00,21456,1.1607,1.16073,1.15927,1.16036,1.16087,1.16089,1.15942,1.16051
2026-05-22 13:00:00+00:00,33846,1.16036,1.16176,1.15875,1.16104,1.16052,1.16194,1.1589,1.1612
2026-05-22 17:00:00+00:00,18322,1.16106,1.16184,1.15972,1.16009,1.16121,1.162,1.15991,1.16037
2026-05-24 21:00:00+00:00,10617,1.16349,1.16483,1.16286,1.16359,1.16438,1.16498,1.16326,1.16374
2026-05-25 01:00:00+00:00,12057,1.16359,1.16463,1.16348,1.16412,1.16375,1.16479,1.16364,1.16429
2026-05-25 05:00:00+00:00,15819,1.16413,1.16445,1.16288,1.16429,1.16429,1.1646,1.16304,1.16445
2026-05-25 09:00:00+00:00,11700,1.16428,1.1652,1.16395,1.16474,1.16445,1.16537,1.16412,1.1649
2026-05-25 13:00:00+00:00,13425,1.16473,1.1649,1.16359,1.16404,1.1649,1.16506,1.16376,1.16419
2026-05-25 17:00:00+00:00,4028,1.16404,1.16433,1.16395,1.16423,1.16421,1.16449,1.16411,1.16443
2026-05-25 21:00:00+00:00,8524,1.16364,1.16425,1.16331,1.16379,1.16443,1.16474,1.16348,1.16395
2026-05-26 01:00:00+00:00,9415,1.16379,1.16391,1.16286,1.1629,1.16396,1.16407,1.16302,1.16305
2026-05-26 05:00:00+00:00,17155,1.16289,1.16414,1.16232,1.16357,1.16305,1.16429,1.16249,1.16373
2026-05-26 09:00:00+00:00,17624,1.16357,1.16445,1.16303,1.16311,1.16374,1.1646,1.1632,1.16329
2026-05-26 13:00:00+00:00,26605,1.16309,1.16323,1.16156,1.16232,1.16327,1.1634,1.16172,1.16247
2026-05-26 17:00:00+00:00,9445,1.16232,1.16322,1.16205,1.16308,1.16248,1.16338,1.16222,1.16326
2026-05-26 21:00:00+00:00,8816,1.16239,1.16398,1.16239,1.16373,1.16333,1.16415,1.16307,1.16389
2026-05-27 01:00:00+00:00,9958,1.16373,1.16418,1.16318,1.16405,1.16388,1.16434,1.16335,1.16421
2026-05-27 05:00:00+00:00,16735,1.16405,1.16486,1.16365,1.16442,1.1642,1.16502,1.16381,1.16457
2026-05-27 09:00:00+00:00,29901,1.16441,1.16606,1.16322,1.16431,1.16455,1.16624,1.16337,1.16448
2026-05-27 13:00:00+00:00,40640,1.16431,1.16515,1.16217,1.16315,1.16447,1.16531,1.16233,1.16332
2026-05-27 17:00:00+00:00,11252,1.16316,1.16322,1.16214,1.16249,1.16332,1.16338,1.1623,1.16267
2026-05-27 21:00:00+00:00,9119,1.16242,1.16297,1.16153,1.16199,1.16318,1.16337,1.1617,1.16214
2026-05-28 01:00:00+00:00,16224,1.16198,1.16205,1.15854,1.15911,1.16214,1.1622,1.15871,1.15926
2026-05-28 05:00:00+00:00,19124,1.1591,1.1617,1.15883,1.16148,1.15926,1.16186,1.15899,1.16164
2026-05-28 09:00:00+00:00,22463,1.1615,1.16375,1.16027,1.16357,1.16164,1.16392,1.16042,1.16374
2026-05-28 13:00:00+00:00,43384,1.16359,1.16606,1.16262,1.16561,1.16375,1.16623,1.16277,1.16577
2026-05-28 17:00:00+00:00,13966,1.16562,1.16567,1.16442,1.16489,1.16577,1.16582,1.16458,1.16505
2026-05-28 21:00:00+00:00,6649,1.16488,1.16549,1.16467,1.16481,1.16557,1.16565,1.16483,1.16496
2026-05-29 01:00:00+00:00,11717,1.16481,1.16557,1.16335,1.16384,1.16497,1.16574,1.16351,1.16398
2026-05-29 05:00:00+00:00,18191,1.16384,1.16537,1.16243,1.16275,1.16399,1.16552,1.16258,1.16291
2026-05-29 09:00:00+00:00,19901,1.16275,1.16483,1.16259,1.16482,1.1629,1.16499,1.16274,1.16498
2026-05-29 13:00:00+00:00,40081,1.16484,1.16851,1.16398,1.16714,1.165,1.16868,1.16413,1.16732
2026-05-29 17:00:00+00:00,17052,1.16713,1.16726,1.16572,1.16598,1.16732,1.16741,1.16597,1.16644
2026-05-31 21:00:00+00:00,17030,1.16521,1.166,1.16442,1.1647,1.16565,1.16643,1.16458,1.16484
2026-06-01 01:00:00+00:00,9084,1.1647,1.16482,1.16408,1.16473,1.16486,1.165,1.16424,1.1649
2026-06-01 05:00:00+00:00,17295,1.16474,1.1664,1.16472,1.16571,1.1649,1.16656,1.16486,1.16585
2026-06-01 09:00:00+00:00,18061,1.1657,1.16599,1.16408,1.16466,1.16584,1.16614,1.16425,1.16482
2026-06-01 13:00:00+00:00,47400,1.16465,1.16474,1.1606,1.1629,1.16482,1.16491,1.16076,1.16305
2026-06-01 17:00:00+00:00,14802,1.16292,1.16372,1.16244,1.16313,1.16307,1.16388,1.16259,1.16329
2026-06-01 21:00:00+00:00,6347,1.16251,1.16353,1.16249,1.16306,1.16349,1.16393,1.16302,1.16324
2026-06-02 01:00:00+00:00,9522,1.16307,1.16381,1.16276,1.16371,1.16324,1.16396,1.16293,1.16387
2026-06-02 05:00:00+00:00,15999,1.16371,1.16518,1.16353,1.16428,1.16388,1.16534,1.1637,1.16444
2026-06-02 09:00:00+00:00,16514,1.16428,1.1655,1.16376,1.16497,1.16446,1.16567,1.16393,1.16513
2026-06-02 13:00:00+00:00,25566,1.16498,1.16516,1.1626,1.16277,1.16512,1.16532,1.16277,1.16291
2026-06-02 17:00:00+00:00,10056,1.16276,1.1634,1.16127,1.163,1.1629,1.16358,1.16143,1.16319
2026-06-02 21:00:00+00:00,7649,1.16249,1.16318,1.16191,1.16282,1.16349,1.16359,1.16206,1.16296
2026-06-03 01:00:00+00:00,9046,1.16283,1.16327,1.16236,1.16248,1.16297,1.16344,1.16253,1.16265
2026-06-03 05:00:00+00:00,20942,1.16248,1.16263,1.16043,1.16073,1.16264,1.16279,1.16059,1.1609
2026-06-03 09:00:00+00:00,21928,1.16074,1.16222,1.15959,1.15997,1.1609,1.16238,1.15976,1.16013
2026-06-03 13:00:00+00:00,36273,1.15998,1.16122,1.15941,1.15995,1.16013,1.16138,1.15957,1.16009
2026-06-03 17:00:00+00:00,9961,1.15997,1.16029,1.15946,1.15978,1.16012,1.16043,1.15961,1.15994
2026-06-03 21:00:00+00:00,9050,1.15953,1.16118,1.15938,1.16059,1.16042,1.16135,1.15954,1.16076
2026-06-04 01:00:00+00:00,9817,1.1606,1.16123,1.16017,1.1609,1.16076,1.16141,1.16034,1.16106
2026-06-04 05:00:00+00:00,17748,1.1609,1.16141,1.15978,1.16126,1.16105,1.16158,1.15994,1.1614
2026-06-04 09:00:00+00:00,24964,1.16125,1.16448,1.16125,1.16361,1.1614,1.16462,1.1614,1.16378
2026-06-04 13:00:00+00:00,21287,1.16361,1.16392,1.16217,1.16227,1.16379,1.16408,1.16231,1.16242
2026-06-04 17:00:00+00:00,7325,1.16226,1.16232,1.16073,1.16102,1.1624,1.16248,1.1609,1.16119
2026-06-04 21:00:00+00:00,5801,1.16116,1.16144,1.16097,1.1612,1.16192,1.162,1.16118,1.16135
2026-06-05 01:00:00+00:00,10690,1.1612,1.16162,1.16092,1.16153,1.16137,1.16178,1.16107,1.1617
2026-06-05 05:00:00+00:00,15004,1.16154,1.16392,1.16122,1.16359,1.1617,1.16408,1.16139,1.16376
2026-06-05 09:00:00+00:00,26670,1.16358,1.16438,1.15854,1.15858,1.16374,1.16452,1.15871,1.15874
2026-06-05 13:00:00+00:00,51496,1.15859,1.15989,1.15218,1.15314,1.15876,1.16007,1.15234,1.1533
2026-06-05 17:00:00+00:00,21739,1.15315,1.15323,1.15172,1.15177,1.15332,1.1534,1.15187,1.15274
2026-06-07 21:00:00+00:00,11106,1.1509,1.15329,1.1507,1.15327,1.1514,1.15345,1.15098,1.15343
2026-06-08 01:00:00+00:00,21873,1.15328,1.15341,1.15109,1.15306,1.15343,1.15357,1.15126,1.15322
2026-06-08 05:00:00+00:00,28807,1.15308,1.15391,1.15071,1.15077,1.15323,1.15407,1.15087,1.15092
2026-06-08 09:00:00+00:00,34409,1.15076,1.15431,1.14989,1.15414,1.15092,1.15447,1.15004,1.15429
2026-06-08 13:00:00+00:00,33634,1.15416,1.1554,1.1531,1.15381,1.15431,1.15557,1.15326,1.15397
2026-06-08 17:00:00+00:00,15166,1.15382,1.15413,1.15269,1.15314,1.15397,1.15429,1.15286,1.15333
2026-06-08 21:00:00+00:00,7592,1.15347,1.1538,1.15262,1.15306,1.15392,1.1541,1.15278,1.15321
2026-06-09 01:00:00+00:00,11870,1.15307,1.15475,1.15297,1.15448,1.15323,1.15492,1.15313,1.15463
2026-06-09 05:00:00+00:00,21408,1.15449,1.15527,1.15357,1.15501,1.15463,1.15544,1.15372,1.15515
2026-06-09 09:00:00+00:00,15690,1.15502,1.15741,1.15496,1.15728,1.15516,1.15757,1.15512,1.15744
2026-06-09 13:00:00+00:00,46312,1.1573,1.15773,1.15277,1.15402,1.15746,1.1579,1.15294,1.15418
2026-06-09 17:00:00+00:00,23266,1.15401,1.15524,1.15388,1.15431,1.15416,1.1554,1.15404,1.15449
2026-06-09 21:00:00+00:00,10243,1.15423,1.15431,1.15324,1.15416,1.15484,1.15484,1.1534,1.15433
2026-06-10 01:00:00+00:00,17038,1.15417,1.15515,1.15346,1.15456,1.15435,1.1553,1.15362,1.15472
2026-06-10 05:00:00+00:00,21162,1.15457,1.15579,1.15445,1.15528,1.15472,1.15596,1.15462,1.15545
2026-06-10 09:00:00+00:00,34469,1.1553,1.15641,1.15348,1.15477,1.15545,1.15657,1.15365,1.15494
2026-06-10 13:00:00+00:00,46124,1.15477,1.15724,1.15335,1.15531,1.15493,1.1574,1.15353,1.15547
2026-06-10 17:00:00+00:00,20996,1.15533,1.15569,1.15341,1.15347,1.15548,1.15585,1.15358,1.15367
2026-06-10 21:00:00+00:00,16484,1.15345,1.15422,1.15248,1.15417,1.15386,1.15439,1.15265,1.15433
2026-06-11 01:00:00+00:00,18379,1.15418,1.15553,1.15408,1.15476,1.15435,1.15569,1.15425,1.15491
2026-06-11 05:00:00+00:00,20792,1.15476,1.15548,1.15299,1.15316,1.15493,1.15564,1.15315,1.1533
2026-06-11 09:00:00+00:00,29903,1.15314,1.15426,1.15155,1.1539,1.1533,1.15444,1.15172,1.15407
2026-06-11 13:00:00+00:00,38324,1.15391,1.15398,1.15066,1.15082,1.15407,1.15415,1.15081,1.15098
2026-06-11 17:00:00+00:00,58869,1.15081,1.15891,1.15021,1.15782,1.15096,1.15907,1.15038,1.15802
2026-06-11 21:00:00+00:00,11628,1.15763,1.15859,1.15654,1.15689,1.1581,1.15874,1.15671,1.15704
2026-06-12 01:00:00+00:00,16925,1.1569,1.15745,1.15608,1.15707,1.15704,1.15761,1.15624,1.15724
2026-06-12 05:00:00+00:00,31306,1.15709,1.1585,1.15563,1.1576,1.15724,1.15866,1.1558,1.15777
2026-06-12 09:00:00+00:00,27440,1.15761,1.15889,1.15593,1.15627,1.15777,1.15905,1.15609,1.15643
2026-06-12 13:00:00+00:00,44523,1.15628,1.15828,1.15609,1.15739,1.15643,1.15843,1.15626,1.15754
2026-06-12 17:00:00+00:00,14950,1.15739,1.15777,1.15636,1.15659,1.15755,1.15794,1.15666,1.15679
2026-06-14 21:00:00+00:00,16753,1.15732,1.16168,1.15688,1.15981,1.15772,1.16185,1.15765,1.15996
2026-06-15 01:00:00+00:00,10393,1.1598,1.16127,1.15934,1.16119,1.15996,1.16142,1.15949,1.16135
2026-06-15 05:00:00+00:00,21043,1.1612,1.16214,1.15963,1.16008,1.16135,1.16228,1.1598,1.16024
2026-06-15 09:00:00+00:00,18492,1.16009,1.1619,1.15999,1.16148,1.16024,1.16205,1.16015,1.16164
2026-06-15 13:00:00+00:00,24405,1.16146,1.16197,1.15959,1.16028,1.16163,1.16213,1.15975,1.16043
2026-06-15 17:00:00+00:00,12722,1.16027,1.16033,1.15829,1.15885,1.16043,1.16049,1.15844,1.15904
2026-06-15 21:00:00+00:00,6621,1.15889,1.15935,1.15848,1.15924,1.15989,1.16004,1.15864,1.15938
2026-06-16 01:00:00+00:00,11621,1.15923,1.15943,1.15749,1.15781,1.15938,1.1596,1.15766,1.15798
2026-06-16 05:00:00+00:00,16861,1.15782,1.16057,1.15741,1.1605,1.15798,1.16073,1.15756,1.16066
2026-06-16 09:00:00+00:00,18072,1.16049,1.16123,1.15905,1.15988,1.16066,1.16139,1.15921,1.16003
2026-06-16 13:00:00+00:00,27318,1.15987,1.16189,1.15871,1.16125,1.16003,1.16206,1.15887,1.16141
2026-06-16 17:00:00+00:00,12190,1.16125,1.16134,1.16049,1.16076,1.1614,1.16149,1.16066,1.16094
2026-06-16 21:00:00+00:00,10783,1.1607,1.1616,1.16066,1.16139,1.16126,1.16175,1.16095,1.16156
2026-06-17 01:00:00+00:00,6308,1.16139,1.16153,1.16076,1.16116,1.16154,1.16169,1.16092,1.16132
2026-06-17 05:00:00+00:00,13775,1.16117,1.16141,1.15973,1.16012,1.16132,1.16157,1.15989,1.16028
2026-06-17 09:00:00+00:00,15057,1.16011,1.16052,1.15846,1.16014,1.16028,1.16069,1.15861,1.1603
2026-06-17 13:00:00+00:00,23563,1.16014,1.1602,1.15801,1.1591,1.16029,1.16036,1.15818,1.15924
2026-06-17 17:00:00+00:00,89185,1.15909,1.15955,1.1477,1.1501,1.15925,1.15976,1.14788,1.1503
2026-06-17 21:00:00+00:00,11733,1.15004,1.15199,1.14994,1.15147,1.15022,1.15216,1.15012,1.15163
2026-06-18 01:00:00+00:00,12146,1.15145,1.15255,1.15123,1.15224,1.15162,1.15272,1.15139,1.1524
2026-06-18 05:00:00+00:00,25985,1.15224,1.15275,1.14813,1.14819,1.15239,1.15291,1.14828,1.14834
2026-06-18 09:00:00+00:00,38005,1.14818,1.14851,1.14525,1.14686,1.14834,1.14868,1.1454,1.14702
2026-06-18 13:00:00+00:00,41089,1.14685,1.14869,1.14607,1.14645,1.14702,1.14884,1.14622,1.14661
2026-06-18 17:00:00+00:00,20146,1.14645,1.14728,1.14505,1.1457,1.14662,1.14745,1.1452,1.14588
2026-06-18 21:00:00+00:00,8089,1.14597,1.1465,1.14564,1.14612,1.14663,1.14667,1.14579,1.14627
2026-06-19 01:00:00+00:00,12464,1.14612,1.14626,1.14266,1.1428,1.14628,1.14642,1.14282,1.14296
2026-06-19 05:00:00+00:00,26186,1.1428,1.14651,1.14171,1.14635,1.14295,1.14667,1.14188,1.14652
2026-06-19 09:00:00+00:00,19687,1.14636,1.14741,1.14517,1.14703,1.14652,1.14758,1.14534,1.14719
2026-06-19 13:00:00+00:00,18900,1.14704,1.14754,1.1456,1.14681,1.14719,1.14769,1.14576,1.14698
2026-06-19 17:00:00+00:00,11686,1.14681,1.14799,1.14608,1.1467,1.147,1.14816,1.14686,1.14754
2026-06-21 21:00:00+00:00,10649,1.14618,1.14663,1.14538,1.14658,1.14659,1.14741,1.14585,1.14675
2026-06-22 01:00:00+00:00,14943,1.14656,1.14728,1.14522,1.14553,1.14674,1.14746,1.14537,1.14568
2026-06-22 05:00:00+00:00,23204,1.14554,1.14626,1.14407,1.14502,1.14568,1.14643,1.14424,1.14517
2026-06-22 09:00:00+00:00,21749,1.14502,1.14628,1.14467,1.14542,1.14518,1.14644,1.14483,1.14557
2026-06-22 13:00:00+00:00,40102,1.14541,1.14544,1.14245,1.14302,1.14557,1.14559,1.14262,1.14319
2026-06-22 17:00:00+00:00,11068,1.14303,1.14328,1.14182,1.14276,1.14318,1.14343,1.14198,1.14292
2026-06-22 21:00:00+00:00,7001,1.14226,1.14287,1.14211,1.14263,1.14317,1.14329,1.14233,1.14277
2026-06-23 01:00:00+00:00,12076,1.14264,1.14312,1.14178,1.14203,1.14278,1.14328,1.14195,1.14219
2026-06-23 05:00:00+00:00,26993,1.14203,1.14382,1.14038,1.14075,1.14218,1.144,1.14054,1.1409
2026-06-23 09:00:00+00:00,21925,1.14075,1.1412,1.13817,1.13881,1.14091,1.14135,1.13834,1.13896
2026-06-23 13:00:00+00:00,31706,1.13884,1.13994,1.1375,1.13788,1.13898,1.14011,1.13764,1.13803
2026-06-23 17:00:00+00:00,11226,1.13787,1.13822,1.13753,1.13809,1.13803,1.13837,1.1377,1.13827
2026-06-23 21:00:00+00:00,8519,1.13828,1.13833,1.13724,1.13755,1.13846,1.13857,1.13741,1.13771
2026-06-24 01:00:00+00:00,14371,1.13757,1.13762,1.13604,1.13623,1.13771,1.13778,1.13622,1.13638
2026-06-24 05:00:00+00:00,23190,1.13622,1.13744,1.1337,1.1352,1.13638,1.13762,1.13387,1.13536
2026-06-24 09:00:00+00:00,25651,1.13518,1.13529,1.13243,1.13282,1.13535,1.13545,1.13261,1.13299
2026-06-24 13:00:00+00:00,39002,1.13283,1.13672,1.13238,1.13589,1.13299,1.13689,1.13254,1.13603
2026-06-24 17:00:00+00:00,18204,1.13589,1.13604,1.13482,1.13577,1.13605,1.1362,1.13499,1.13595
2026-06-24 21:00:00+00:00,7710,1.13568,1.13595,1.13469,1.13527,1.13668,1.13686,1.13485,1.13542
2026-06-25 01:00:00+00:00,13321,1.13528,1.13704,1.13525,1.13665,1.13545,1.1372,1.1354,1.1368
2026-06-25 05:00:00+00:00,19913,1.13661,1.13717,1.1344,1.13668,1.13678,1.13734,1.13455,1.13684
2026-06-25 09:00:00+00:00,24759,1.13668,1.13734,1.13327,1.13527,1.13683,1.13749,1.13342,1.13545
2026-06-25 13:00:00+00:00,43436,1.13528,1.13874,1.13483,1.13733,1.13545,1.1389,1.135,1.13749
2026-06-25 17:00:00+00:00,14140,1.13732,1.13798,1.13677,1.13693,1.13747,1.13814,1.13694,1.13712
2026-06-25 21:00:00+00:00,10860,1.13669,1.1373,1.13595,1.13641,1.13769,1.13772,1.13612,1.13656
2026-06-26 01:00:00+00:00,15095,1.13639,1.13764,1.13535,1.13763,1.13656,1.13781,1.1355,1.13779
2026-06-26 05:00:00+00:00,23419,1.13763,1.14069,1.13709,1.14006,1.13778,1.14085,1.13723,1.14021
2026-06-26 09:00:00+00:00,24772,1.14006,1.14331,1.13929,1.14264,1.14022,1.14348,1.13945,1.1428
2026-06-26 13:00:00+00:00,37474,1.14264,1.14291,1.13822,1.13891,1.14281,1.14306,1.13838,1.13906
2026-06-26 17:00:00+00:00,13519,1.13891,1.13924,1.13802,1.13836,1.13907,1.1394,1.13817,1.13865
2026-06-28 21:00:00+00:00,8428,1.13847,1.13885,1.13793,1.13867,1.13947,1.13968,1.13824,1.13884
2026-06-29 01:00:00+00:00,13342,1.13869,1.13928,1.13801,1.13819,1.13885,1.13944,1.13817,1.13835
2026-06-29 05:00:00+00:00,20971,1.13818,1.14143,1.13818,1.13952,1.13835,1.14159,1.13833,1.13968
2026-06-29 09:00:00+00:00,19352,1.13955,1.14109,1.13937,1.14019,1.13969,1.14125,1.13952,1.14035
2026-06-29 13:00:00+00:00,30535,1.14019,1.14299,1.13999,1.1425,1.14034,1.14314,1.14014,1.14267
2026-06-29 17:00:00+00:00,9892,1.14252,1.14283,1.14207,1.14233,1.14267,1.143,1.14222,1.14252
2026-06-29 21:00:00+00:00,6830,1.14219,1.1426,1.14116,1.14155,1.14269,1.14293,1.14132,1.14172
2026-06-30 01:00:00+00:00,13067,1.14157,1.14165,1.13882,1.13883,1.14173,1.14181,1.13899,1.13899
2026-06-30 05:00:00+00:00,23614,1.13882,1.14087,1.13819,1.13927,1.13899,1.14104,1.13835,1.13944
2026-06-30 09:00:00+00:00,23014,1.13927,1.14021,1.13855,1.13955,1.13946,1.14038,1.13872,1.13971
2026-06-30 13:00:00+00:00,37030,1.13954,1.14359,1.13903,1.14134,1.13971,1.14375,1.1392,1.1415
2026-06-30 17:00:00+00:00,11304,1.14134,1.14266,1.14134,1.1421,1.14149,1.14283,1.14149,1.14226
2026-06-30 21:00:00+00:00,6304,1.1417,1.1422,1.14078,1.14088,1.14268,1.14268,1.14094,1.14104
2026-07-01 01:00:00+00:00,12430,1.14088,1.14101,1.14009,1.14078,1.14103,1.14117,1.14026,1.14095
2026-07-01 05:00:00+00:00,18791,1.14078,1.14098,1.13923,1.13957,1.14096,1.14114,1.13939,1.13973
2026-07-01 09:00:00+00:00,21388,1.13959,1.13997,1.13682,1.13703,1.13973,1.14013,1.13697,1.1372
2026-07-01 13:00:00+00:00,53793,1.13703,1.1411,1.1361,1.13816,1.13721,1.14128,1.13625,1.13833
2026-07-01 17:00:00+00:00,13921,1.13816,1.13852,1.13731,1.13774,1.13832,1.13868,1.13749,1.1379
2026-07-01 21:00:00+00:00,4953,1.13755,1.13825,1.13742,1.13759,1.13805,1.13841,1.13759,1.13775
2026-07-02 01:00:00+00:00,11315,1.13759,1.13877,1.13756,1.13861,1.13774,1.13894,1.13773,1.13877
2026-07-02 05:00:00+00:00,28889,1.13865,1.14202,1.13808,1.14193,1.13879,1.14219,1.13824,1.14211
2026-07-02 09:00:00+00:00,44362,1.14194,1.14721,1.13946,1.14506,1.14211,1.14738,1.13963,1.14523
2026-07-02 13:00:00+00:00,53029,1.14505,1.14575,1.14329,1.1437,1.14521,1.14592,1.14345,1.14387
2026-07-02 17:00:00+00:00,13821,1.14367,1.14368,1.14254,1.14326,1.14384,1.14384,1.14269,1.14348
2026-07-02 21:00:00+00:00,8010,1.14282,1.14347,1.14199,1.14299,1.14378,1.14389,1.14215,1.14315
2026-07-03 01:00:00+00:00,13225,1.14299,1.14455,1.14294,1.14454,1.14317,1.1447,1.1431,1.14469
2026-07-03 05:00:00+00:00,19729,1.14454,1.14615,1.14449,1.1452,1.1447,1.14631,1.14465,1.14535
2026-07-03 09:00:00+00:00,14360,1.1452,1.14564,1.14395,1.14462,1.14534,1.1458,1.14411,1.14479
2026-07-03 13:00:00+00:00,12457,1.14462,1.14472,1.14341,1.14368,1.14478,1.14487,1.14357,1.14385
2026-07-03 17:00:00+00:00,15792,1.1437,1.14413,1.14319,1.14356,1.14385,1.1443,1.14347,1.14395
2026-07-05 21:00:00+00:00,8148,1.14335,1.14403,1.14318,1.14376,1.14435,1.14435,1.14336,1.14392
2026-07-06 01:00:00+00:00,11914,1.14375,1.1438,1.14269,1.14321,1.14392,1.14397,1.14283,1.14336
2026-07-06 05:00:00+00:00,20054,1.14321,1.14325,1.14146,1.14198,1.14337,1.14342,1.14161,1.14215
2026-07-06 09:00:00+00:00,17170,1.14198,1.14205,1.14089,1.14125,1.14214,1.14222,1.14106,1.1414
2026-07-06 13:00:00+00:00,21307,1.14125,1.14313,1.14078,1.14298,1.14141,1.14329,1.14092,1.14315
2026-07-06 17:00:00+00:00,9006,1.14298,1.14442,1.14294,1.144,1.14314,1.14457,1.14308,1.14417
2026-07-06 21:00:00+00:00,7250,1.1441,1.14473,1.14373,1.14378,1.14431,1.14489,1.14389,1.14394
2026-07-07 01:00:00+00:00,12089,1.14377,1.14467,1.14347,1.14348,1.14394,1.14481,1.14361,1.14364
2026-07-07 05:00:00+00:00,18492,1.14346,1.14365,1.14239,1.14271,1.14361,1.14382,1.14256,1.14287
2026-07-07 09:00:00+00:00,17583,1.14271,1.14414,1.14227,1.14358,1.14286,1.14431,1.14243,1.14373
2026-07-07 13:00:00+00:00,27366,1.14358,1.14412,1.14172,1.14228,1.14374,1.14427,1.14188,1.14244
2026-07-07 17:00:00+00:00,15536,1.14227,1.14291,1.14072,1.14105,1.14244,1.14307,1.14088,1.14122
2026-07-07 21:00:00+00:00,9519,1.14089,1.14132,1.13993,1.14073,1.14184,1.14189,1.14009,1.14087
2026-07-08 01:00:00+00:00,13923,1.14073,1.14158,1.13978,1.14137,1.14089,1.14173,1.13992,1.14151
2026-07-08 05:00:00+00:00,32171,1.14136,1.14308,1.13998,1.14095,1.14151,1.14324,1.14012,1.14111
2026-07-08 09:00:00+00:00,33834,1.14093,1.14139,1.13923,1.13954,1.14111,1.14155,1.13939,1.1397
2026-07-08 13:00:00+00:00,35563,1.13952,1.14141,1.13904,1.14134,1.13969,1.14155,1.13921,1.1415
2026-07-08 17:00:00+00:00,15487,1.14135,1.14296,1.14134,1.14153,1.1415,1.14312,1.1415,1.1417
2026-07-08 21:00:00+00:00,5542,1.14136,1.14294,1.14136,1.14249,1.14236,1.14311,1.14172,1.14265
2026-07-09 01:00:00+00:00,10800,1.1425,1.14296,1.14193,1.14261,1.14265,1.14311,1.14208,1.14276
2026-07-09 05:00:00+00:00,20139,1.14259,1.14487,1.14247,1.14259,1.14276,1.14501,1.14264,1.14275
2026-07-09 09:00:00+00:00,19142,1.14258,1.14351,1.14203,1.14241,1.14273,1.14367,1.14219,1.14258
2026-07-09 13:00:00+00:00,23004,1.1424,1.14453,1.14231,1.14361,1.14256,1.14469,1.14248,1.14377
2026-07-09 17:00:00+00:00,8545,1.1436,1.144,1.14247,1.14293,1.14375,1.14416,1.14264,1.14311
2026-07-09 21:00:00+00:00,6642,1.14303,1.14413,1.14278,1.14394,1.14355,1.14429,1.14301,1.1441
2026-07-10 01:00:00+00:00,16705,1.14392,1.14601,1.14373,1.1442,1.14408,1.14617,1.14389,1.14435
2026-07-10 05:00:00+00:00,20042,1.14422,1.14467,1.14295,1.14298,1.14436,1.14483,1.14312,1.14314
2026-07-10 09:00:00+00:00,19826,1.14297,1.14411,1.14225,1.14285,1.14314,1.14428,1.14241,1.143
2026-07-10 13:00:00+00:00,29942,1.14284,1.14405,1.1411,1.14288,1.14301,1.14422,1.14127,1.14304
2026-07-10 17:00:00+00:00,12396,1.14288,1.14304,1.14107,1.14141,1.14303,1.1432,1.14124,1.14158
2026-07-12 21:00:00+00:00,11848,1.14008,1.14052,1.13874,1.13947,1.14028,1.1409,1.13892,1.13963
2026-07-13 01:00:00+00:00,14989,1.13947,1.14043,1.13835,1.14031,1.13964,1.14059,1.13852,1.14046
2026-07-13 05:00:00+00:00,30963,1.14031,1.1445,1.13949,1.14351,1.14047,1.14467,1.13966,1.14368
2026-07-13 09:00:00+00:00,21665,1.14352,1.14367,1.14197,1.14301,1.14368,1.14383,1.14212,1.14317
2026-07-13 13:00:00+00:00,34863,1.14302,1.14325,1.1382,1.1388,1.14319,1.14342,1.13836,1.13896
2026-07-13 17:00:00+00:00,12690,1.1388,1.13901,1.13767,1.13798,1.13897,1.13916,1.13783,1.13815
2026-07-13 21:00:00+00:00,11432,1.13793,1.13889,1.13774,1.1384,1.13893,1.13903,1.13791,1.13855
2026-07-14 01:00:00+00:00,15902,1.13838,1.13959,1.13838,1.139,1.13855,1.13975,1.13853,1.13916
2026-07-14 05:00:00+00:00,21001,1.139,1.14052,1.13834,1.13988,1.13917,1.14068,1.13849,1.14004
2026-07-14 09:00:00+00:00,38038,1.13988,1.14618,1.1389,1.14452,1.14005,1.1464,1.13906,1.14469
2026-07-14 13:00:00+00:00,48358,1.14453,1.14582,1.14233,1.14312,1.14468,1.14599,1.14249,1.14327
2026-07-14 17:00:00+00:00,15265,1.14312,1.14326,1.14153,1.142,1.14328,1.1434,1.14169,1.14218
2026-07-14 21:00:00+00:00,7422,1.14186,1.14335,1.14167,1.14323,1.14258,1.14351,1.14182,1.14339
2026-07-15 01:00:00+00:00,13085,1.14322,1.14416,1.14317,1.14363,1.14339,1.14433,1.14332,1.14379
2026-07-15 05:00:00+00:00,19812,1.14363,1.1443,1.14191,1.14236,1.14378,1.14446,1.14207,1.14252
2026-07-15 09:00:00+00:00,24108,1.14236,1.14294,1.14052,1.14276,1.14253,1.14311,1.14068,1.14291
2026-07-15 13:00:00+00:00,35320,1.14278,1.14415,1.14229,1.14413,1.14294,1.1443,1.14245,1.1443
2026-07-15 17:00:00+00:00,20455,1.14415,1.14817,1.14413,1.14628,1.1443,1.14833,1.14427,1.14643
2026-07-15 21:00:00+00:00,8229,1.14592,1.14738,1.14592,1.14731,1.14692,1.14755,1.14654,1.14747
2026-07-16 01:00:00+00:00,11555,1.14729,1.14733,1.14595,1.14655,1.14747,1.14748,1.1461,1.14671
2026-07-16 05:00:00+00:00,19788,1.14655,1.14756,1.14613,1.14651,1.14672,1.14771,1.14631,1.14668
2026-07-16 09:00:00+00:00,23051,1.14652,1.14699,1.14462,1.14467,1.14667,1.14714,1.14478,1.14484
2026-07-16 13:00:00+00:00,27824,1.14469,1.14584,1.14334,1.1434,1.14485,1.146,1.1435,1.14356
2026-07-16 17:00:00+00:00,11530,1.14339,1.14437,1.14303,1.14423,1.14356,1.14452,1.14317,1.14439
2026-07-16 21:00:00+00:00,5434,1.14381,1.14461,1.14381,1.14461,1.14442,1.14477,1.14421,1.14476
2026-07-17 01:00:00+00:00,11039,1.14461,1.14474,1.14339,1.14354,1.14475,1.14491,1.14354,1.1437
2026-07-17 05:00:00+00:00,19063,1.14352,1.14514,1.14349,1.14404,1.14368,1.1453,1.14364,1.1442
2026-07-17 09:00:00+00:00,19016,1.14402,1.14418,1.14237,1.14284,1.1442,1.14432,1.14254,1.14299
2026-07-17 13:00:00+00:00,26730,1.14283,1.14436,1.14237,1.14375,1.14299,1.14452,1.14252,1.14389
2026-07-17 17:00:00+00:00,10205,1.14375,1.14416,1.14326,1.14373,1.14391,1.14433,1.14341,1.1439
2026-07-19 21:00:00+00:00,8267,1.14246,1.14328,1.1423,1.14327,1.14291,1.14348,1.14247,1.14343
2026-07-20 01:00:00+00:00,11101,1.14328,1.14443,1.14305,1.14436,1.14343,1.14459,1.1432,1.14452
2026-07-20 05:00:00+00:00,16898,1.14436,1.14488,1.14333,1.14383,1.14453,1.14503,1.14349,1.14397
2026-07-20 09:00:00+00:00,20536,1.14383,1.14398,1.14162,1.1423,1.14398,1.14415,1.14178,1.14245
2026-07-20 13:00:00+00:00,22710,1.14233,1.14239,1.14017,1.14109,1.14247,1.14255,1.14032,1.14123
2026-07-20 17:00:00+00:00,10300,1.14108,1.14181,1.14105,1.14133,1.14124,1.14196,1.1412,1.14149
2026-07-20 21:00:00+00:00,6057,1.14105,1.14176,1.14086,1.14125,1.14191,1.14194,1.14109,1.1414
2026-07-21 01:00:00+00:00,9557,1.14125,1.14173,1.14082,1.14171,1.14141,1.14189,1.14099,1.14187
2026-07-21 05:00:00+00:00,14315,1.14172,1.14269,1.1415,1.14203,1.14187,1.14284,1.14166,1.14221
2026-07-21 09:00:00+00:00,15218,1.14203,1.14279,1.14125,1.14165,1.14219,1.14295,1.1414,1.1418
2026-07-21 13:00:00+00:00,22342,1.14166,1.14188,1.14019,1.14073,1.14182,1.14204,1.14033,1.14089
2026-07-21 17:00:00+00:00,8245,1.14074,1.14099,1.13964,1.13972,1.14089,1.14114,1.13982,1.13988
2026-07-21 21:00:00+00:00,6266,1.13975,1.14064,1.1396,1.14031,1.14001,1.14081,1.13991,1.14048
2026-07-22 01:00:00+00:00,9192,1.14032,1.14093,1.13979,1.14076,1.14047,1.14108,1.13996,1.14092
2026-07-22 05:00:00+00:00,17604,1.14077,1.14177,1.14026,1.14093,1.14092,1.14192,1.14042,1.14109
2026-07-22 09:00:00+00:00,19343,1.14091,1.14128,1.13996,1.1407,1.14107,1.14144,1.14012,1.14087
2026-07-22 13:00:00+00:00,22426,1.1407,1.14209,1.14054,1.14086,1.14086,1.14225,1.1407,1.141
2026-07-22 17:00:00+00:00,8216,1.14085,1.14121,1.14072,1.14113,1.141,1.14136,1.14089,1.14127
2026-07-22 21:00:00+00:00,6023,1.14055,1.14168,1.14053,1.14165,1.14153,1.14184,1.14068,1.1418
2026-07-23 01:00:00+00:00,13712,1.14167,1.1435,1.14152,1.14318,1.14182,1.14365,1.14168,1.14335
2026-07-23 05:00:00+00:00,18531,1.14318,1.14343,1.14062,1.14098,1.14334,1.14358,1.14078,1.14113
2026-07-23 09:00:00+00:00,25546,1.14098,1.14144,1.13748,1.13842,1.14112,1.1416,1.13763,1.13859
2026-07-23 13:00:00+00:00,37015,1.13843,1.13855,1.13631,1.13793,1.13859,1.13871,1.13645,1.13808
2026-07-23 17:00:00+00:00,11689,1.13793,1.13803,1.13705,1.13768,1.13809,1.13818,1.13719,1.13782
2026-07-23 21:00:00+00:00,7255,1.13717,1.13836,1.13717,1.13835,1.1379,1.13851,1.1376,1.13851
2026-07-24 01:00:00+00:00,10373,1.13836,1.13867,1.1376,1.13783,1.13851,1.13884,1.13776,1.138
2026-07-24 05:00:00+00:00,17668,1.13784,1.14003,1.13757,1.13826,1.138,1.14021,1.13773,1.13843
2026-07-24 09:00:00+00:00,18258,1.13826,1.13921,1.13666,1.1369,1.13842,1.13938,1.13682,1.13706
2026-07-24 13:00:00+00:00,26973,1.1369,1.139,1.13642,1.13769,1.13705,1.13915,1.13658,1.13786
2026-07-24 17:00:00+00:00,8249,1.13769,1.13771,1.13666,1.13693,1.13785,1.13786,1.13681,1.13718
2026-07-26 21:00:00+00:00,11513,1.13915,1.14122,1.13868,1.14008,1.14002,1.14138,1.13889,1.14023
2026-07-27 01:00:00+00:00,10914,1.14009,1.14135,1.14005,1.14029,1.14023,1.14152,1.1402,1.14045
2026-07-27 05:00:00+00:00,19144,1.14029,1.14176,1.1394,1.14015,1.14044,1.14192,1.13956,1.14031
2026-07-27 09:00:00+00:00,18650,1.14013,1.14026,1.13756,1.13826,1.1403,1.1404,1.13771,1.13842
2026-07-27 13:00:00+00:00,25689,1.13826,1.13857,1.13675,1.1379,1.13841,1.13874,1.13691,1.13805
2026-07-27 17:00:00+00:00,10807,1.13791,1.13791,1.13662,1.13674,1.13805,1.13805,1.13677,1.13692
2026-07-27 21:00:00+00:00,9576,1.13669,1.13738,1.13661,1.13735,1.13704,1.13786,1.13675,1.1375
2026-07-28 01:00:00+00:00,10075,1.13736,1.13794,1.13672,1.13679,1.13752,1.13811,1.13689,1.13695
2026-07-28 05:00:00+00:00,15014,1.13678,1.13728,1.1361,1.13718,1.13696,1.13743,1.13625,1.13733
2026-07-28 09:00:00+00:00,16093,1.13717,1.13724,1.13524,1.13651,1.13733,1.13739,1.13541,1.13666
2026-07-28 13:00:00+00:00,26757,1.13651,1.14046,1.13651,1.1395,1.13667,1.14061,1.13665,1.13966
2026-07-28 17:00:00+00:00,9630,1.1395,1.13973,1.13847,1.13856,1.13967,1.13988,1.13862,1.13873
2026-07-28 21:00:00+00:00,7314,1.13875,1.13916,1.13814,1.13901,1.13933,1.13944,1.1383,1.13917
2026-07-29 01:00:00+00:00,11838,1.13901,1.14029,1.13846,1.14003,1.13918,1.14043,1.13861,1.14019
2026-07-29 05:00:00+00:00,14711,1.14005,1.14022,1.13892,1.13957,1.14021,1.14038,1.13907,1.13972
2026-07-29 09:00:00+00:00,16801,1.13957,1.13962,1.13738,1.13777,1.13971,1.13978,1.13754,1.13792
2026-07-29 13:00:00+00:00,23153,1.13777,1.13962,1.13758,1.13844,1.13791,1.13978,1.13774,1.1386
2026-07-29 17:00:00+00:00,68136,1.13843,1.14701,1.13837,1.14658,1.13858,1.14717,1.13853,1.14678
2026-07-29 21:00:00+00:00,13279,1.14549,1.14744,1.14512,1.14573,1.14649,1.14758,1.14567,1.14588
2026-07-30 01:00:00+00:00,9112,1.14572,1.14604,1.14471,1.14502,1.14589,1.1462,1.14487,1.14518
2026-07-30 05:00:00+00:00,21298,1.14502,1.1456,1.14336,1.14474,1.14517,1.14576,1.14351,1.14491
2026-07-30 09:00:00+00:00,30583,1.14473,1.14836,1.14473,1.14717,1.14491,1.1485,1.14491,1.14733
2026-07-30 13:00:00+00:00,72598,1.14719,1.15362,1.14688,1.15277,1.14734,1.15378,1.14703,1.15293
2026-07-30 17:00:00+00:00,19456,1.1528,1.1535,1.1513,1.15272,1.15295,1.15365,1.15146,1.15287
2026-07-30 21:00:00+00:00,11780,1.15211,1.15304,1.15145,1.15172,1.15311,1.1532,1.15161,1.15188
2026-07-31 01:00:00+00:00,16369,1.15174,1.15206,1.15036,1.15074,1.15189,1.15222,1.15051,1.15091
2026-07-31 05:00:00+00:00,26792,1.15074,1.15255,1.15037,1.15208,1.1509,1.15271,1.15052,1.15225
2026-07-31 09:00:00+00:00,29050,1.15204,1.15242,1.14807,1.14874,1.15219,1.15258,1.14822,1.1489
2026-07-31 13:00:00+00:00,57535,1.14874,1.15184,1.14542,1.15164,1.14889,1.152,1.1456,1.1518
2026-07-31 17:00:00+00:00,35071,1.15165,1.15466,1.15162,1.15288,1.1518,1.15485,1.15177,1.15323
2026-08-02 21:00:00+00:00,26292,1.1546,1.15581,1.15343,1.15416,1.1551,1.15599,1.15358,1.15433
2026-08-03 01:00:00+00:00,19116,1.15418,1.15453,1.15261,1.15335,1.15433,1.15469,1.15277,1.1535
2026-08-03 05:00:00+00:00,21635,1.15334,1.15381,1.15197,1.1522,1.1535,1.15396,1.15214,1.15235
2026-08-03 09:00:00+00:00,19910,1.15218,1.15344,1.1516,1.15273,1.15234,1.1536,1.15177,1.15289
2026-08-03 13:00:00+00:00,32267,1.15274,1.15343,1.14996,1.15061,1.15289,1.15359,1.15012,1.15076
2026-08-03 17:00:00+00:00,10386,1.15062,1.15141,1.15007,1.15076,1.15076,1.15155,1.15022,1.15092
2026-08-03 21:00:00+00:00,9347,1.15078,1.15142,1.1504,1.15047,1.15159,1.15164,1.15056,1.15063
2026-08-04 01:00:00+00:00,12260,1.15047,1.15139,1.15014,1.15096,1.15062,1.15154,1.15031,1.15112
2026-08-04 05:00:00+00:00,18330,1.15094,1.15164,1.1503,1.15071,1.1511,1.1518,1.15046,1.15087
2026-08-04 09:00:00+00:00,23182,1.15071,1.15227,1.15024,1.15141,1.15086,1.15242,1.15041,1.15157
2026-08-04 13:00:00+00:00,27621,1.15141,1.15301,1.15085,1.15179,1.15156,1.15317,1.15101,1.15195
2026-08-04 17:00:00+00:00,10349,1.15179,1.15334,1.15179,1.15316,1.15196,1.15348,1.15194,1.15333
2026-08-04 21:00:00+00:00,6676,1.15275,1.15348,1.15275,1.15307,1.15297,1.15365,1.15295,1.15322
2026-08-05 01:00:00+00:00,13337,1.15307,1.15398,1.15259,1.15354,1.15323,1.15414,1.15276,1.1537
2026-08-05 05:00:00+00:00,19891,1.15353,1.15461,1.15305,1.15349,1.1537,1.15476,1.1532,1.15364
2026-08-05 09:00:00+00:00,21169,1.15349,1.15564,1.15329,1.1545,1.15365,1.15579,1.15343,1.15464
2026-08-05 13:00:00+00:00,32778,1.15449,1.15562,1.15395,1.15452,1.15464,1.15577,1.1541,1.15467
2026-08-05 17:00:00+00:00,11468,1.15453,1.15586,1.1542,1.15526,1.15467,1.15602,1.15435,1.15543
2026-08-05 21:00:00+00:00,8287,1.15518,1.15589,1.15479,1.15556,1.15578,1.15605,1.15519,1.15571
2026-08-06 01:00:00+00:00,9783,1.15556,1.15572,1.15461,1.15484,1.15572,1.15587,1.15477,1.15498
2026-08-06 05:00:00+00:00,14791,1.15484,1.15508,1.15382,1.15426,1.15499,1.15525,1.15397,1.1544
2026-08-06 09:00:00+00:00,15126,1.15425,1.15462,1.15357,1.15378,1.15439,1.15477,1.15372,1.15394
2026-08-06 13:00:00+00:00,25666,1.1538,1.15443,1.15139,1.15199,1.15396,1.15457,1.15154,1.15214
2026-08-06 17:00:00+00:00,10680,1.15199,1.1525,1.15163,1.15235,1.15215,1.15265,1.1518,1.1525
2026-08-06 21:00:00+00:00,5521,1.15227,1.15237,1.15172,1.15184,1.15263,1.15264,1.15188,1.15198
2026-08-07 01:00:00+00:00,8706,1.15183,1.15249,1.15177,1.15227,1.15198,1.15263,1.15192,1.15244
2026-08-07 05:00:00+00:00,13419,1.15228,1.15246,1.1517,1.15228,1.15244,1.15262,1.15184,1.15243
2026-08-07 09:00:00+00:00,31016,1.15227,1.15801,1.15222,1.1572,1.15243,1.15816,1.15238,1.15736
2026-08-07 13:00:00+00:00,37894,1.1572,1.15747,1.15493,1.15581,1.15734,1.15762,1.1551,1.15598
2026-08-07 17:00:00+00:00,12600,1.1558,1.15693,1.1555,1.15571,1.15598,1.15711,1.15566,1.15588
2026-08-09 21:00:00+00:00,6704,1.15633,1.15642,1.15532,1.15574,1.15694,1.157,1.15549,1.1559
2026-08-10 01:00:00+00:00,10071,1.15574,1.15584,1.15472,1.15508,1.15591,1.15599,1.15488,1.15523
2026-08-10 05:00:00+00:00,15623,1.15507,1.15649,1.15492,1.15601,1.15523,1.15666,1.15509,1.15617
2026-08-10 09:00:00+00:00,16390,1.15601,1.1563,1.15443,1.15463,1.15618,1.15645,1.15458,1.15478
2026-08-10 13:00:00+00:00,22044,1.15464,1.1555,1.15431,1.15462,1.1548,1.15565,1.15446,1.15479
2026-08-10 17:00:00+00:00,9483,1.15463,1.15469,1.15393,1.15417,1.15479,1.15484,1.15408,1.15433
2026-08-10 21:00:00+00:00,5446,1.15397,1.15489,1.15397,1.15453,1.15461,1.15506,1.15431,1.1547
2026-08-11 01:00:00+00:00,10134,1.15453,1.1549,1.15378,1.1542,1.15469,1.15506,1.15395,1.15437
2026-08-11 05:00:00+00:00,16644,1.15421,1.15426,1.15306,1.15355,1.15436,1.15442,1.15321,1.1537
2026-08-11 09:00:00+00:00,18307,1.15354,1.15434,1.15322,1.15408,1.1537,1.15449,1.15337,1.15422
2026-08-11 13:00:00+00:00,19104,1.15407,1.15476,1.15358,1.15386,1.15421,1.15493,1.15373,1.15402
2026-08-11 17:00:00+00:00,7895,1.15388,1.1543,1.15335,1.15421,1.15403,1.15446,1.15351,1.15439
2026-08-11 21:00:00+00:00,4517,1.15392,1.1544,1.15382,1.154,1.15429,1.15456,1.15404,1.15416
2026-08-12 01:00:00+00:00,7102,1.15401,1.15401,1.15321,1.15351,1.15416,1.15416,1.15337,1.15367
2026-08-12 05:00:00+00:00,10524,1.15352,1.15394,1.15314,1.15365,1.15367,1.15409,1.1533,1.1538
2026-08-12 09:00:00+00:00,32292,1.15366,1.15623,1.15317,1.15586,1.15382,1.15648,1.15332,1.15602
2026-08-12 13:00:00+00:00,31617,1.15589,1.15619,1.15238,1.15275,1.15603,1.15636,1.15253,1.1529
2026-08-12 17:00:00+00:00,9274,1.15274,1.153,1.15191,1.15242,1.15288,1.15315,1.15207,1.15259
2026-08-12 21:00:00+00:00,4856,1.15224,1.15306,1.15202,1.15281,1.15324,1.15335,1.15236,1.15297
2026-08-13 01:00:00+00:00,9418,1.15282,1.15302,1.15191,1.15252,1.15297,1.15319,1.15205,1.15267
2026-08-13 05:00:00+00:00,14170,1.15251,1.15278,1.1511,1.15233,1.15268,1.15294,1.15126,1.15249
2026-08-13 09:00:00+00:00,16401,1.15235,1.15437,1.15224,1.15431,1.1525,1.15452,1.15241,1.15447
2026-08-13 13:00:00+00:00,28450,1.15433,1.15447,1.15236,1.15288,1.15449,1.15464,1.15251,1.15303
2026-08-13 17:00:00+00:00,9332,1.15288,1.15316,1.15251,1.15286,1.15304,1.15331,1.15266,1.153
2026-08-13 21:00:00+00:00,4866,1.15268,1.15385,1.15254,1.15376,1.15304,1.15401,1.15273,1.15392
2026-08-14 01:00:00+00:00,8287,1.15375,1.15396,1.15313,1.15381,1.1539,1.15411,1.15328,1.15396
2026-08-14 05:00:00+00:00,14101,1.1538,1.15569,1.15375,1.15549,1.15396,1.15585,1.15391,1.15564
2026-08-14 09:00:00+00:00,21112,1.15548,1.15782,1.15503,1.15653,1.15562,1.158,1.15519,1.15668
2026-08-14 13:00:00+00:00,28169,1.15653,1.15847,1.15613,1.15704,1.15669,1.15863,1.15629,1.1572
2026-08-14 17:00:00+00:00,9689,1.15703,1.15707,1.15622,1.15697,1.1572,1.15723,1.15638,1.15712
2026-08-16 21:00:00+00:00,6780,1.15614,1.15802,1.15614,1.15793,1.15667,1.15819,1.15661,1.15809
2026-08-17 01:00:00+00:00,9486,1.15794,1.15873,1.15773,1.15841,1.15809,1.15887,1.15789,1.15856
2026-08-17 05:00:00+00:00,20260,1.15841,1.16134,1.1582,1.15981,1.15855,1.16149,1.15835,1.15997
2026-08-17 09:00:00+00:00,19506,1.15982,1.16017,1.15864,1.15968,1.15996,1.16032,1.15881,1.15982
2026-08-17 13:00:00+00:00,20863,1.15969,1.1599,1.1581,1.15876,1.15984,1.16006,1.15825,1.15892
2026-08-17 17:00:00+00:00,10766,1.15875,1.15889,1.15703,1.15788,1.15892,1.15905,1.15718,1.15804
2026-08-17 21:00:00+00:00,4848,1.15773,1.15842,1.15763,1.15818,1.15871,1.15877,1.15785,1.15834
2026-08-18 01:00:00+00:00,10183,1.15816,1.1585,1.15692,1.15707,1.15832,1.15867,1.15707,1.15723
2026-08-18 05:00:00+00:00,15683,1.15707,1.15769,1.15658,1.15753,1.15724,1.15786,1.15675,1.1577
2026-08-18 09:00:00+00:00,14192,1.15754,1.15792,1.15709,1.15732,1.1577,1.15806,1.15725,1.15747
2026-08-18 13:00:00+00:00,26223,1.15734,1.15877,1.15697,1.1579,1.15749,1.15891,1.15714,1.15804
2026-08-18 17:00:00+00:00,9171,1.15788,1.15801,1.1571,1.15744,1.15804,1.15816,1.15725,1.15761
2026-08-18 21:00:00+00:00,7653,1.15732,1.15811,1.15726,1.15733,1.15794,1.15826,1.15741,1.15749
2026-08-19 01:00:00+00:00,13772,1.15733,1.15863,1.15693,1.1585,1.1575,1.1588,1.1571,1.15866
2026-08-19 05:00:00+00:00,17335,1.15849,1.16045,1.15838,1.15972,1.15866,1.1606,1.15854,1.15989
2026-08-19 09:00:00+00:00,25837,1.15974,1.16428,1.15956,1.16347,1.1599,1.16443,1.15973,1.16364
2026-08-19 13:00:00+00:00,48059,1.16347,1.16764,1.16347,1.16677,1.16365,1.16781,1.16365,1.16692
2026-08-19 17:00:00+00:00,21565,1.16677,1.16785,1.16577,1.16765,1.16693,1.168,1.16593,1.16784
2026-08-19 21:00:00+00:00,8632,1.16759,1.16801,1.16715,1.16736,1.16781,1.16817,1.1673,1.1675
2026-08-20 01:00:00+00:00,16954,1.16736,1.16832,1.16692,1.16722,1.16752,1.16848,1.16708,1.16736
2026-08-20 05:00:00+00:00,23186,1.16723,1.16991,1.16694,1.16979,1.16737,1.17007,1.16709,1.16995
2026-08-20 09:00:00+00:00,27825,1.16981,1.17097,1.1677,1.1688,1.16996,1.17113,1.16787,1.16894
2026-08-20 13:00:00+00:00,41326,1.16881,1.16941,1.16685,1.16725,1.16896,1.16955,1.16702,1.16741
2026-08-20 17:00:00+00:00,11291,1.16725,1.1679,1.16693,1.16777,1.1674,1.16805,1.16708,1.16793
2026-08-20 21:00:00+00:00,6733,1.16766,1.1689,1.1675,1.16825,1.168,1.16906,1.16783,1.16841
2026-08-21 01:00:00+00:00,13336,1.16824,1.17002,1.16822,1.16923,1.16841,1.17018,1.16837,1.1694
2026-08-21 05:00:00+00:00,20247,1.16923,1.17056,1.16859,1.17045,1.16939,1.17072,1.16875,1.1706
2026-08-21 09:00:00+00:00,25418,1.17044,1.17109,1.16843,1.16898,1.1706,1.17123,1.16859,1.16914
2026-08-21 13:00:00+00:00,28402,1.16899,1.16904,1.16681,1.16809,1.16914,1.1692,1.16696,1.16826
2026-08-21 17:00:00+00:00,10434,1.16809,1.16833,1.16734,1.16758,1.16825,1.16849,1.1675,1.16774
2026-08-23 21:00:00+00:00,7120,1.16755,1.16865,1.1672,1.16845,1.16776,1.1688,1.16739,1.16861
2026-08-24 01:00:00+00:00,13019,1.16843,1.16856,1.16746,1.1682,1.1686,1.16873,1.16762,1.16836
2026-08-24 05:00:00+00:00,21272,1.16822,1.16824,1.16598,1.16625,1.16836,1.16839,1.16614,1.1664
2026-08-24 09:00:00+00:00,22449,1.16626,1.16733,1.16596,1.16686,1.1664,1.16748,1.16611,1.16701
2026-08-24 13:00:00+00:00,28182,1.16687,1.1674,1.16621,1.16641,1.16703,1.16756,1.16637,1.16656
2026-08-24 17:00:00+00:00,12760,1.16641,1.1666,1.16545,1.16631,1.16657,1.16674,1.1656,1.16648
2026-08-24 21:00:00+00:00,5795,1.16576,1.16702,1.16576,1.16679,1.16675,1.16717,1.16642,1.16695
2026-08-25 01:00:00+00:00,10017,1.1668,1.1668,1.16541,1.1655,1.16695,1.16696,1.16555,1.16566
2026-08-25 05:00:00+00:00,17892,1.16549,1.1667,1.16503,1.16668,1.16566,1.16686,1.16519,1.16683
2026-08-25 09:00:00+00:00,20719,1.16666,1.1673,1.16576,1.16657,1.16681,1.16747,1.16593,1.16671
2026-08-25 13:00:00+00:00,26797,1.16656,1.16747,1.16635,1.16708,1.16671,1.16764,1.16651,1.16724
2026-08-25 17:00:00+00:00,10648,1.16707,1.1679,1.16679,1.16737,1.16722,1.16805,1.16695,1.16754
2026-08-25 21:00:00+00:00,5622,1.16721,1.16765,1.16684,1.16717,1.16789,1.16789,1.16719,1.16734
2026-08-26 01:00:00+00:00,10779,1.16717,1.16734,1.16598,1.16613,1.16733,1.1675,1.16614,1.16627
2026-08-26 05:00:00+00:00,14676,1.16614,1.16761,1.1659,1.16704,1.16628,1.16778,1.16605,1.1672
2026-08-26 09:00:00+00:00,18637,1.16704,1.16742,1.16548,1.16553,1.16721,1.16766,1.16563,1.16568
2026-08-26 13:00:00+00:00,28128,1.16551,1.16582,1.16414,1.16489,1.16566,1.16598,1.1643,1.16505
2026-08-26 17:00:00+00:00,8002,1.16489,1.16542,1.16479,1.16525,1.16503,1.16558,1.16494,1.16542
2026-08-26 21:00:00+00:00,6523,1.16494,1.16575,1.16469,1.16557,1.1655,1.16591,1.16527,1.16573
2026-08-27 01:00:00+00:00,8708,1.16558,1.16588,1.16527,1.16548,1.16573,1.16602,1.16542,1.16564
2026-08-27 05:00:00+00:00,15633,1.16548,1.16572,1.16469,1.16475,1.16563,1.16587,1.16485,1.1649
2026-08-27 09:00:00+00:00,19119,1.16474,1.16477,1.16358,1.16403,1.16491,1.16493,1.16373,1.16419
2026-08-27 13:00:00+00:00,25851,1.16403,1.16592,1.16393,1.16514,1.16418,1.16608,1.16407,1.1653
2026-08-27 17:00:00+00:00,8996,1.16516,1.16532,1.16453,1.16513,1.16532,1.16548,1.16468,1.16529
2026-08-27 21:00:00+00:00,4904,1.16475,1.1654,1.16462,1.16525,1.16552,1.16558,1.16515,1.1654
2026-08-28 01:00:00+00:00,7881,1.16523,1.16547,1.16442,1.16448,1.16539,1.16562,1.16456,1.16464
2026-08-28 05:00:00+00:00,14816,1.16448,1.16485,1.16409,1.16438,1.16462,1.16501,1.16424,1.16454
2026-08-28 09:00:00+00:00,15599,1.16436,1.16497,1.16386,1.16483,1.16451,1.16513,1.16401,1.16499
2026-08-28 13:00:00+00:00,59747,1.16483,1.16583,1.1584,1.15862,1.16498,1.16612,1.15855,1.15877
2026-08-28 17:00:00+00:00,16086,1.15861,1.15884,1.1577,1.15811,1.15875,1.15899,1.15785,1.15831
2026-08-30 21:00:00+00:00,7618,1.15792,1.15931,1.15759,1.15916,1.15843,1.15946,1.15795,1.1593
2026-08-31 01:00:00+00:00,12864,1.15916,1.15938,1.15864,1.15901,1.15931,1.15954,1.15879,1.15917
2026-08-31 05:00:00+00:00,17396,1.15903,1.16053,1.15839,1.15934,1.15919,1.16068,1.15854,1.15949
2026-08-31 09:00:00+00:00,17268,1.15935,1.16022,1.15909,1.15945,1.15949,1.16037,1.15925,1.15961
2026-08-31 13:00:00+00:00,24744,1.15945,1.162,1.1593,1.16158,1.15962,1.16214,1.15946,1.16173
2026-08-31 17:00:00+00:00,8379,1.16157,1.16176,1.16136,1.16164,1.16173,1.16192,1.16152,1.16181
2026-08-31 21:00:00+00:00,5972,1.16157,1.16238,1.16117,1.16175,1.16199,1.16254,1.16133,1.1619
2026-09-01 01:00:00+00:00,10444,1.16174,1.16181,1.16021,1.1605,1.1619,1.16196,1.16037,1.16065
2026-09-01 05:00:00+00:00,18103,1.1605,1.16093,1.15871,1.15932,1.16066,1.16107,1.15888,1.15949
2026-09-01 09:00:00+00:00,18596,1.15932,1.16005,1.15875,1.15923,1.1595,1.1602,1.15889,1.15939
2026-09-01 13:00:00+00:00,26412,1.15924,1.16075,1.15841,1.15849,1.15938,1.16091,1.15856,1.15864
2026-09-01 17:00:00+00:00,11420,1.15849,1.15948,1.15842,1.15915,1.15865,1.15964,1.15857,1.15931
2026-09-01 21:00:00+00:00,8244,1.15868,1.15955,1.15825,1.15825,1.15939,1.15971,1.15841,1.15841
2026-09-02 01:00:00+00:00,11620,1.15823,1.15836,1.15733,1.15752,1.1584,1.15851,1.15748,1.15767
2026-09-02 05:00:00+00:00,20952,1.15753,1.15842,1.15658,1.15726,1.15769,1.15857,1.15672,1.15742
2026-09-02 09:00:00+00:00,23392,1.15724,1.1585,1.15662,1.15776,1.15739,1.15864,1.15678,1.15791
2026-09-02 13:00:00+00:00,37737,1.15776,1.16086,1.15771,1.15866,1.15792,1.16102,1.15787,1.15881
2026-09-02 17:00:00+00:00,11067,1.15866,1.15893,1.15819,1.15877,1.15882,1.15908,1.15833,1.15893
2026-09-02 21:00:00+00:00,5750,1.15857,1.15903,1.15827,1.15887,1.1589,1.15918,1.15843,1.15903
2026-09-03 01:00:00+00:00,14623,1.15887,1.15996,1.15844,1.15948,1.15904,1.16011,1.15858,1.15963
2026-09-03 05:00:00+00:00,29640,1.15947,1.16141,1.15928,1.16083,1.15963,1.16155,1.15944,1.16099
2026-09-03 09:00:00+00:00,33712,1.16084,1.16294,1.15971,1.16251,1.16099,1.16311,1.15987,1.16266
2026-09-03 13:00:00+00:00,39719,1.16251,1.16406,1.16125,1.1636,1.16267,1.16421,1.1614,1.16376
2026-09-03 17:00:00+00:00,11945,1.16361,1.16379,1.16243,1.16247,1.16376,1.16394,1.16258,1.16264
2026-09-03 21:00:00+00:00,8603,1.16212,1.16307,1.16207,1.16271,1.16312,1.1634,1.16237,1.16288
2026-09-04 01:00:00+00:00,14507,1.16272,1.16323,1.16217,1.16257,1.16288,1.1634,1.16232,1.16273
2026-09-04 05:00:00+00:00,15323,1.16259,1.16296,1.1618,1.16245,1.16275,1.16311,1.16196,1.1626
2026-09-04 09:00:00+00:00,34835,1.16245,1.1626,1.15838,1.1601,1.16259,1.16286,1.15857,1.16024
2026-09-04 13:00:00+00:00,39495,1.1601,1.1624,1.15956,1.162,1.16025,1.16256,1.15971,1.16214
2026-09-04 17:00:00+00:00,10389,1.16198,1.16199,1.16079,1.16129,1.16212,1.16215,1.16093,1.16147
2026-09-06 21:00:00+00:00,5645,1.16122,1.16195,1.16047,1.16177,1.16147,1.16211,1.16102,1.16192
2026-09-07 01:00:00+00:00,10444,1.16179,1.16181,1.16067,1.16106,1.16193,1.16195,1.16082,1.16121
2026-09-07 05:00:00+00:00,21394,1.16107,1.16352,1.16082,1.16203,1.16121,1.16366,1.16098,1.1622
2026-09-07 09:00:00+00:00,15408,1.16203,1.16277,1.16188,1.16242,1.16221,1.16293,1.16203,1.16258
2026-09-07 13:00:00+00:00,12301,1.16243,1.16323,1.16232,1.16279,1.16258,1.16338,1.16247,1.16294
2026-09-07 17:00:00+00:00,2276,1.16278,1.16278,1.16204,1.16223,1.16294,1.16294,1.1622,1.16239
2026-09-07 21:00:00+00:00,9048,1.16219,1.16304,1.16208,1.16258,1.16239,1.16321,1.16227,1.16275
2026-09-08 01:00:00+00:00,14637,1.16259,1.1634,1.16217,1.16243,1.16275,1.16355,1.16232,1.16257
2026-09-08 05:00:00+00:00,20724,1.16242,1.16352,1.16078,1.16098,1.16258,1.16367,1.16093,1.16113
2026-09-08 09:00:00+00:00,22799,1.16098,1.16196,1.16072,1.16196,1.16114,1.16212,1.16088,1.16212
2026-09-08 13:00:00+00:00,24362,1.16196,1.16332,1.16181,1.16227,1.16211,1.16347,1.16197,1.16243
2026-09-08 17:00:00+00:00,12129,1.16228,1.16299,1.1621,1.16222,1.16243,1.16314,1.16225,1.1624
2026-09-08 21:00:00+00:00,6775,1.1621,1.16317,1.1621,1.16317,1.16266,1.16331,1.16254,1.16331
2026-09-09 01:00:00+00:00,9753,1.16316,1.16327,1.16269,1.16321,1.16332,1.16341,1.16283,1.16337
2026-09-09 05:00:00+00:00,19153,1.1632,1.16485,1.16313,1.16321,1.16337,1.16503,1.16329,1.16337
2026-09-09 09:00:00+00:00,21535,1.1632,1.16536,1.16211,1.16457,1.16337,1.16551,1.16227,1.16473
2026-09-09 13:00:00+00:00,31670,1.16457,1.16522,1.16195,1.16352,1.16472,1.16537,1.1621,1.16367
2026-09-09 17:00:00+00:00,9940,1.16352,1.16405,1.16251,1.16323,1.16368,1.1642,1.16266,1.16341
2026-09-09 21:00:00+00:00,6337,1.16268,1.16376,1.16254,1.16304,1.16368,1.16392,1.16302,1.16319
2026-09-10 01:00:00+00:00,10586,1.16303,1.16402,1.163,1.16361,1.16319,1.16419,1.16315,1.16376
2026-09-10 05:00:00+00:00,13191,1.16362,1.16412,1.16335,1.16372,1.16376,1.16427,1.16351,1.16387
2026-09-10 09:00:00+00:00,30477,1.16371,1.16397,1.15916,1.16038,1.16387,1.16411,1.1593,1.16053
2026-09-10 13:00:00+00:00,39194,1.16039,1.16307,1.15968,1.16186,1.16055,1.16323,1.15983,1.16202
2026-09-10 17:00:00+00:00,14219,1.16188,1.16223,1.16047,1.16092,1.16204,1.16239,1.16062,1.16107
2026-09-10 21:00:00+00:00,8069,1.16091,1.16147,1.16057,1.16146,1.16191,1.16191,1.16075,1.16161
2026-09-11 01:00:00+00:00,13992,1.16144,1.16168,1.1599,1.16038,1.1616,1.16183,1.16004,1.16053
2026-09-11 05:00:00+00:00,19945,1.16038,1.16131,1.15973,1.15984,1.16055,1.16147,1.15989,1.15999
2026-09-11 09:00:00+00:00,30998,1.15983,1.1603,1.15685,1.16024,1.15997,1.16046,1.157,1.16039
2026-09-11 13:00:00+00:00,41021,1.16024,1.16146,1.15976,1.15989,1.16038,1.16161,1.15992,1.16005
2026-09-11 17:00:00+00:00,12143,1.15989,1.16,1.1591,1.1598,1.16006,1.16033,1.15926,1.16006
2026-09-13 21:00:00+00:00,11479,1.15944,1.15969,1.15842,1.1587,1.15995,1.16001,1.15858,1.15885
2026-09-14 01:00:00+00:00,15728,1.1587,1.15879,1.15615,1.15648,1.15886,1.15895,1.15631,1.15664
2026-09-14 05:00:00+00:00,24973,1.15648,1.15699,1.15335,1.15373,1.15662,1.15714,1.15351,1.15388
2026-09-14 09:00:00+00:00,25457,1.15373,1.15514,1.15288,1.15316,1.15387,1.1553,1.15305,1.15331
2026-09-14 13:00:00+00:00,48510,1.15317,1.15628,1.15223,1.15594,1.15331,1.15644,1.15239,1.1561
2026-09-14 17:00:00+00:00,23007,1.15595,1.15608,1.15438,1.15496,1.1561,1.15623,1.15454,1.15512
2026-09-14 21:00:00+00:00,6571,1.15458,1.15513,1.15423,1.15428,1.15558,1.15587,1.15439,1.15444
2026-09-15 01:00:00+00:00,10252,1.15429,1.15433,1.15339,1.15361,1.15443,1.15447,1.15354,1.15377
2026-09-15 05:00:00+00:00,17941,1.15361,1.15402,1.15264,1.15323,1.15378,1.15418,1.15278,1.15339
2026-09-15 09:00:00+00:00,17867,1.15324,1.15488,1.15317,1.15458,1.15339,1.15504,1.15332,1.15472
2026-09-15 13:00:00+00:00,26834,1.15456,1.15511,1.15382,1.15422,1.15471,1.15527,1.15397,1.15437
2026-09-15 17:00:00+00:00,9810,1.15423,1.1543,1.15355,1.15406,1.15437,1.15445,1.15371,1.15423
2026-09-15 21:00:00+00:00,8779,1.1534,1.15446,1.15329,1.15346,1.15409,1.1547,1.15346,1.15361
2026-09-16 01:00:00+00:00,9424,1.15346,1.15453,1.15311,1.15439,1.15362,1.15468,1.15326,1.15454
2026-09-16 05:00:00+00:00,16741,1.15439,1.15558,1.15374,1.1539,1.15455,1.15575,1.15391,1.15404
2026-09-16 09:00:00+00:00,17509,1.15388,1.15434,1.1526,1.15349,1.15403,1.15449,1.15288,1.15363
2026-09-16 13:00:00+00:00,21334,1.15347,1.1542,1.15303,1.15338,1.15363,1.15435,1.15317,1.15354
2026-09-16 17:00:00+00:00,58181,1.15337,1.15467,1.14601,1.14625,1.15354,1.15489,1.14618,1.14642
2026-09-16 21:00:00+00:00,9506,1.14626,1.14725,1.14542,1.14586,1.14713,1.14739,1.14576,1.146
2026-09-17 01:00:00+00:00,12090,1.14585,1.1466,1.14553,1.14656,1.146,1.14676,1.14569,1.14672
2026-09-17 05:00:00+00:00,16660,1.14657,1.14829,1.14625,1.1472,1.14672,1.14845,1.1464,1.14737
2026-09-17 09:00:00+00:00,24319,1.14721,1.1495,1.14674,1.14907,1.14737,1.14969,1.1469,1.14922
2026-09-17 13:00:00+00:00,28130,1.14905,1.14971,1.14733,1.14754,1.14919,1.14985,1.14747,1.14768
2026-09-17 17:00:00+00:00,8871,1.14754,1.14803,1.14727,1.1475,1.14769,1.14818,1.14743,1.14768
2026-09-17 21:00:00+00:00,5260,1.14756,1.14798,1.14735,1.14787,1.14828,1.14829,1.14751,1.14803
2026-09-18 01:00:00+00:00,11913,1.14788,1.14911,1.14759,1.1486,1.14805,1.14928,1.14773,1.14876
2026-09-18 05:00:00+00:00,21983,1.1486,1.14901,1.14771,1.14819,1.14875,1.14916,1.14787,1.14835
2026-09-18 09:00:00+00:00,21905,1.14819,1.14862,1.14542,1.14676,1.14834,1.14878,1.14557,1.14691
2026-09-18 13:00:00+00:00,29553,1.14676,1.14744,1.14574,1.14729,1.1469,1.14759,1.14588,1.14746
2026-09-18 17:00:00+00:00,11197,1.1473,1.14896,1.1473,1.14855,1.14746,1.14912,1.14746,1.14871
2026-09-20 21:00:00+00:00,5444,1.14813,1.14848,1.1476,1.148,1.14862,1.14875,1.14776,1.14817
2026-09-21 01:00:00+00:00,8583,1.14799,1.14849,1.14728,1.14741,1.14815,1.14866,1.14744,1.14757
2026-09-21 05:00:00+00:00,13040,1.1474,1.14856,1.14702,1.14794,1.14757,1.14872,1.14717,1.14808
2026-09-21 09:00:00+00:00,13177,1.14794,1.1495,1.1476,1.14853,1.14809,1.14965,1.14774,1.14867
2026-09-21 13:00:00+00:00,20712,1.14852,1.14861,1.14658,1.14685,1.14866,1.14875,1.14673,1.14702
2026-09-21 17:00:00+00:00,7883,1.14686,1.14698,1.14614,1.14631,1.14702,1.14713,1.14629,1.14649
2026-09-21 21:00:00+00:00,5088,1.14664,1.14705,1.14619,1.14698,1.14709,1.14737,1.14636,1.14713
2026-09-22 01:00:00+00:00,10302,1.14698,1.14774,1.14621,1.14772,1.14712,1.14789,1.14638,1.14787
2026-09-22 05:00:00+00:00,26399,1.14771,1.14775,1.14331,1.14566,1.14787,1.14791,1.14347,1.14582
2026-09-22 09:00:00+00:00,24791,1.14566,1.14703,1.14468,1.14553,1.14581,1.14718,1.14483,1.1457
2026-09-22 13:00:00+00:00,27455,1.14554,1.14596,1.14285,1.14364,1.14569,1.14611,1.14301,1.14379
2026-09-22 17:00:00+00:00,15790,1.14363,1.14545,1.143,1.14479,1.14377,1.1456,1.14316,1.14493
2026-09-22 21:00:00+00:00,5207,1.14448,1.14495,1.14441,1.14458,1.14538,1.14546,1.14456,1.14472
2026-09-23 01:00:00+00:00,8661,1.14456,1.14457,1.14248,1.14261,1.14471,1.14473,1.14263,1.14276
2026-09-23 05:00:00+00:00,15316,1.14259,1.14283,1.14087,1.1417,1.14275,1.143,1.14102,1.14186
2026-09-23 09:00:00+00:00,18879,1.14168,1.14191,1.13992,1.14074,1.14184,1.14207,1.14007,1.1409
2026-09-23 13:00:00+00:00,35115,1.14074,1.14151,1.13749,1.13773,1.14089,1.14169,1.13766,1.1379
2026-09-23 17:00:00+00:00,18982,1.13774,1.13931,1.13695,1.13832,1.1379,1.13948,1.1371,1.13849
2026-09-23 21:00:00+00:00,7761,1.13773,1.13869,1.137,1.13757,1.13842,1.13899,1.13717,1.13773
2026-09-24 01:00:00+00:00,15155,1.13757,1.13853,1.1368,1.13832,1.13771,1.13868,1.13696,1.13847
2026-09-24 05:00:00+00:00,28177,1.13832,1.13984,1.13748,1.13802,1.13849,1.14001,1.13765,1.13818
2026-09-24 09:00:00+00:00,28015,1.13801,1.13813,1.13609,1.1373,1.13818,1.1383,1.13624,1.13745
2026-09-24 13:00:00+00:00,39675,1.13726,1.13908,1.13585,1.13778,1.13742,1.13925,1.136,1.13794
2026-09-24 17:00:00+00:00,25295,1.13777,1.13833,1.13586,1.13794,1.13794,1.13849,1.13601,1.13811
2026-09-24 21:00:00+00:00,6474,1.13756,1.13794,1.13692,1.13745,1.1382,1.13822,1.13708,1.13759
2026-09-25 01:00:00+00:00,10350,1.13745,1.13816,1.13676,1.13696,1.13761,1.13832,1.13692,1.13713
2026-09-25 05:00:00+00:00,19935,1.13697,1.13932,1.13691,1.13912,1.13712,1.13948,1.13706,1.13927
2026-09-25 09:00:00+00:00,26106,1.13911,1.14093,1.13859,1.14006,1.13925,1.14111,1.13875,1.14022
2026-09-25 13:00:00+00:00,42230,1.14005,1.14104,1.13853,1.13917,1.1402,1.14121,1.13868,1.13933
2026-09-25 17:00:00+00:00,17366,1.13918,1.14006,1.13865,1.13902,1.13933,1.1402,1.13881,1.1392
2026-09-27 21:00:00+00:00,9346,1.13785,1.13855,1.13727,1.13845,1.13813,1.13904,1.13743,1.1386
