time,volume,bid_open,bid_high,bid_low,bid_close,ask_open,ask_high,ask_low,ask_close
2025-09-30 21:00:00+00:00,14752,1.34412,1.34506,1.34351,1.34399,1.34468,1.34535,1.34369,1.34419
2025-10-01 01:00:00+00:00,19644,1.344,1.34634,1.34338,1.34622,1.34417,1.34651,1.34358,1.3464
2025-10-01 05:00:00+00:00,43571,1.34622,1.34796,1.34528,1.34665,1.34641,1.34814,1.34548,1.34684
2025-10-01 09:00:00+00:00,55385,1.34665,1.35212,1.3457,1.35118,1.34683,1.35228,1.3459,1.35136
2025-10-01 13:00:00+00:00,65257,1.35118,1.35267,1.34643,1.34731,1.35138,1.35284,1.34662,1.34752
2025-10-01 17:00:00+00:00,20301,1.34733,1.34888,1.34677,1.34763,1.34752,1.34906,1.34696,1.34783
2025-10-01 21:00:00+00:00,10281,1.34697,1.34823,1.3468,1.34684,1.34851,1.34887,1.34702,1.34704
2025-10-02 01:00:00+00:00,21493,1.34684,1.3487,1.34665,1.34745,1.34706,1.34888,1.34683,1.34766
2025-10-02 05:00:00+00:00,32691,1.34745,1.35094,1.3468,1.35037,1.34765,1.35114,1.347,1.35056
2025-10-02 09:00:00+00:00,35529,1.35034,1.35072,1.34629,1.34651,1.35055,1.3509,1.34647,1.34668
2025-10-02 13:00:00+00:00,53505,1.3465,1.34678,1.34001,1.34383,1.34666,1.34695,1.3402,1.34402
2025-10-02 17:00:00+00:00,19738,1.34381,1.34513,1.3435,1.34382,1.34402,1.3453,1.34368,1.34403
2025-10-02 21:00:00+00:00,9058,1.34301,1.3454,1.34277,1.34438,1.34501,1.34561,1.34402,1.34458
2025-10-03 01:00:00+00:00,20622,1.34438,1.34499,1.34324,1.34345,1.34457,1.34518,1.34342,1.34366
2025-10-03 05:00:00+00:00,28479,1.34344,1.34667,1.34279,1.34571,1.34364,1.34684,1.34298,1.34591
2025-10-03 09:00:00+00:00,27579,1.3457,1.3459,1.3436,1.34573,1.34588,1.34608,1.34381,1.34593
2025-10-03 13:00:00+00:00,48047,1.34575,1.34844,1.34497,1.34767,1.34593,1.34862,1.34516,1.34786
2025-10-03 17:00:00+00:00,18763,1.34768,1.34859,1.34621,1.34748,1.34786,1.34879,1.34641,1.34843
2025-10-05 21:00:00+00:00,28394,1.34365,1.34465,1.34215,1.34395,1.34453,1.34657,1.34243,1.34412
2025-10-06 01:00:00+00:00,28140,1.34394,1.34578,1.34345,1.34461,1.34412,1.34595,1.34365,1.3448
2025-10-06 05:00:00+00:00,52578,1.3446,1.34636,1.34174,1.3435,1.3448,1.34656,1.34193,1.3437
2025-10-06 09:00:00+00:00,41949,1.3435,1.34398,1.34155,1.34368,1.34371,1.34415,1.34175,1.34386
2025-10-06 13:00:00+00:00,41889,1.34367,1.34835,1.34365,1.34745,1.34386,1.34856,1.34384,1.34764
2025-10-06 17:00:00+00:00,16306,1.34745,1.34893,1.34745,1.34845,1.34765,1.3491,1.34764,1.34865
2025-10-06 21:00:00+00:00,12071,1.34839,1.34864,1.3475,1.34815,1.34874,1.34887,1.34788,1.34832
2025-10-07 01:00:00+00:00,18530,1.34815,1.34815,1.34668,1.34688,1.34831,1.34831,1.34688,1.34708
2025-10-07 05:00:00+00:00,32882,1.34687,1.34701,1.34284,1.34362,1.34708,1.3472,1.34303,1.3438
2025-10-07 09:00:00+00:00,33353,1.34361,1.34433,1.33915,1.34135,1.3438,1.34451,1.33933,1.34152
2025-10-07 13:00:00+00:00,44547,1.34134,1.34537,1.34087,1.34418,1.34153,1.34558,1.34107,1.34438
2025-10-07 17:00:00+00:00,23453,1.34418,1.34512,1.3415,1.34227,1.34436,1.34532,1.3417,1.34273
2025-10-07 21:00:00+00:00,13010,1.34266,1.34276,1.34109,1.34149,1.34355,1.3439,1.34129,1.34168
2025-10-08 01:00:00+00:00,28617,1.34148,1.34148,1.33894,1.33928,1.34168,1.34168,1.3391,1.33947
2025-10-08 05:00:00+00:00,35317,1.33927,1.34254,1.33833,1.34076,1.33947,1.3427,1.33849,1.34096
2025-10-08 09:00:00+00:00,37111,1.34078,1.34266,1.33993,1.34185,1.34096,1.34283,1.34012,1.34204
2025-10-08 13:00:00+00:00,39370,1.34184,1.34377,1.33713,1.33865,1.34204,1.34395,1.33731,1.33883
2025-10-08 17:00:00+00:00,25074,1.33866,1.34053,1.33701,1.34018,1.33883,1.34076,1.3372,1.34053
2025-10-08 21:00:00+00:00,14373,1.34035,1.34122,1.33932,1.3409,1.341,1.34142,1.34004,1.34111
2025-10-09 01:00:00+00:00,17550,1.3409,1.34183,1.34057,1.34116,1.34109,1.34202,1.34076,1.34137
2025-10-09 05:00:00+00:00,40697,1.34117,1.34159,1.33417,1.3361,1.34137,1.34178,1.33435,1.33629
2025-10-09 09:00:00+00:00,38862,1.3361,1.33892,1.33578,1.33837,1.33627,1.33911,1.33596,1.33856
2025-10-09 13:00:00+00:00,65964,1.3384,1.33945,1.32903,1.32932,1.33856,1.33963,1.3292,1.32949
2025-10-09 17:00:00+00:00,26503,1.32931,1.33054,1.32785,1.33016,1.3295,1.33072,1.32802,1.33071
2025-10-09 21:00:00+00:00,13246,1.32898,1.33051,1.32888,1.33038,1.33098,1.33122,1.32937,1.33055
2025-10-10 01:00:00+00:00,17697,1.33039,1.33132,1.32989,1.3308,1.33055,1.33151,1.33009,1.33099
2025-10-10 05:00:00+00:00,38928,1.33081,1.33136,1.32782,1.33074,1.33099,1.33154,1.32798,1.3309
2025-10-10 09:00:00+00:00,40916,1.33074,1.33084,1.32609,1.32787,1.33091,1.33102,1.32627,1.32804
2025-10-10 13:00:00+00:00,87017,1.32786,1.33699,1.32677,1.33446,1.32805,1.33718,1.32696,1.33461
2025-10-10 17:00:00+00:00,32736,1.33445,1.33553,1.3331,1.33544,1.33461,1.33668,1.33328,1.33658
2025-10-12 21:00:00+00:00,21146,1.334,1.33532,1.33229,1.33498,1.336,1.33608,1.33364,1.33517
2025-10-13 01:00:00+00:00,25612,1.33499,1.33624,1.33442,1.33557,1.33519,1.33644,1.33462,1.33576
2025-10-13 05:00:00+00:00,43373,1.33556,1.33655,1.3314,1.33253,1.33577,1.33675,1.33159,1.33273
2025-10-13 09:00:00+00:00,39895,1.33254,1.33519,1.33235,1.33328,1.33273,1.33538,1.33255,1.33344
2025-10-13 13:00:00+00:00,43995,1.33328,1.33376,1.33183,1.33295,1.33345,1.33395,1.33203,1.33314
2025-10-13 17:00:00+00:00,17563,1.33296,1.33396,1.33255,1.33316,1.33313,1.33416,1.33273,1.33353
2025-10-13 21:00:00+00:00,14020,1.33195,1.33374,1.33195,1.33354,1.33395,1.33505,1.33266,1.33373
2025-10-14 01:00:00+00:00,25379,1.33354,1.33519,1.33344,1.33511,1.33372,1.33536,1.33361,1.33532
2025-10-14 05:00:00+00:00,56281,1.33513,1.33514,1.32516,1.32831,1.33532,1.33532,1.32534,1.32851
2025-10-14 09:00:00+00:00,45039,1.3283,1.32832,1.32476,1.32606,1.32851,1.32851,1.32495,1.32626
2025-10-14 13:00:00+00:00,68427,1.32603,1.33288,1.32598,1.33171,1.32623,1.33305,1.32618,1.33186
2025-10-14 17:00:00+00:00,28700,1.33169,1.33313,1.33113,1.33166,1.33186,1.33333,1.33131,1.33243
2025-10-14 21:00:00+00:00,13439,1.33165,1.33299,1.33136,1.33278,1.33237,1.33319,1.33181,1.33295
2025-10-15 01:00:00+00:00,25928,1.33277,1.33532,1.33247,1.33477,1.33295,1.33551,1.33266,1.33497
2025-10-15 05:00:00+00:00,40629,1.33481,1.33727,1.33405,1.33449,1.335,1.33746,1.33422,1.33468
2025-10-15 09:00:00+00:00,38306,1.33449,1.33659,1.3335,1.33449,1.33466,1.33675,1.33371,1.33468
2025-10-15 13:00:00+00:00,52364,1.3345,1.34024,1.33341,1.33899,1.33468,1.34044,1.33358,1.33917
2025-10-15 17:00:00+00:00,27930,1.33899,1.34072,1.33694,1.34013,1.33915,1.34088,1.33713,1.34035
2025-10-15 21:00:00+00:00,19351,1.33972,1.34275,1.33854,1.34212,1.34054,1.34297,1.33971,1.34232
2025-10-16 01:00:00+00:00,24487,1.34211,1.34413,1.34117,1.34133,1.34232,1.34432,1.34134,1.34153
2025-10-16 05:00:00+00:00,43353,1.34133,1.34422,1.3403,1.34372,1.34151,1.34442,1.34051,1.34391
2025-10-16 09:00:00+00:00,41319,1.34373,1.34481,1.34208,1.34469,1.34391,1.345,1.34226,1.34488
2025-10-16 13:00:00+00:00,66426,1.34469,1.34537,1.34108,1.34257,1.34486,1.34556,1.34129,1.34277
2025-10-16 17:00:00+00:00,36189,1.34258,1.3447,1.34189,1.34338,1.34277,1.3449,1.34209,1.34371
2025-10-16 21:00:00+00:00,16418,1.34256,1.34513,1.34248,1.34462,1.34435,1.34533,1.34343,1.34481
2025-10-17 01:00:00+00:00,30615,1.34461,1.34528,1.34304,1.34516,1.34482,1.34548,1.34322,1.34534
2025-10-17 05:00:00+00:00,50898,1.34513,1.34707,1.34103,1.34231,1.34533,1.34726,1.34123,1.3425
2025-10-17 09:00:00+00:00,48867,1.3423,1.34425,1.34076,1.34115,1.34248,1.34444,1.34093,1.3413
2025-10-17 13:00:00+00:00,63452,1.34115,1.34301,1.33899,1.34162,1.34131,1.34319,1.33916,1.34181
2025-10-17 17:00:00+00:00,31180,1.3416,1.34381,1.34098,1.34187,1.34178,1.34399,1.34116,1.3433
2025-10-19 21:00:00+00:00,12276,1.34269,1.3434,1.34135,1.34331,1.34359,1.34428,1.34228,1.34351
2025-10-20 01:00:00+00:00,18537,1.34332,1.34422,1.34263,1.3435,1.34351,1.34441,1.34281,1.34369
2025-10-20 05:00:00+00:00,35132,1.34349,1.34403,1.34046,1.34268,1.34366,1.34421,1.34065,1.34285
2025-10-20 09:00:00+00:00,41405,1.34267,1.34381,1.33991,1.3425,1.34285,1.34401,1.34008,1.34266
2025-10-20 13:00:00+00:00,39742,1.34252,1.34268,1.34011,1.34149,1.34268,1.34287,1.34029,1.34167
2025-10-20 17:00:00+00:00,17256,1.34146,1.34153,1.33993,1.34039,1.34165,1.34173,1.34012,1.34059
2025-10-20 21:00:00+00:00,9870,1.33991,1.34155,1.33991,1.34137,1.34168,1.34206,1.34038,1.34153
2025-10-21 01:00:00+00:00,21917,1.34135,1.34135,1.33867,1.33913,1.34151,1.34152,1.33887,1.33933
2025-10-21 05:00:00+00:00,48921,1.33914,1.33966,1.33712,1.33792,1.33933,1.33986,1.33731,1.33809
2025-10-21 09:00:00+00:00,46198,1.33791,1.33938,1.3365,1.33858,1.33809,1.33958,1.33672,1.33877
2025-10-21 13:00:00+00:00,63193,1.33856,1.33972,1.33602,1.33723,1.33877,1.33993,1.33621,1.33744
2025-10-21 17:00:00+00:00,24548,1.33723,1.33762,1.33646,1.33678,1.33743,1.3378,1.33664,1.33703
2025-10-21 21:00:00+00:00,14363,1.33609,1.33738,1.33599,1.33706,1.33809,1.33812,1.33648,1.33721
2025-10-22 01:00:00+00:00,18573,1.33708,1.33794,1.33669,1.33784,1.33723,1.33813,1.33689,1.33801
2025-10-22 05:00:00+00:00,55873,1.33784,1.33862,1.33118,1.33198,1.33802,1.33882,1.33137,1.33218
2025-10-22 09:00:00+00:00,43650,1.33197,1.33395,1.33048,1.33229,1.33215,1.33416,1.33066,1.33246
2025-10-22 13:00:00+00:00,59581,1.3323,1.33757,1.33152,1.33703,1.33246,1.33775,1.33169,1.33723
2025-10-22 17:00:00+00:00,25915,1.33704,1.33715,1.33517,1.33541,1.33722,1.33736,1.33536,1.3358
2025-10-22 21:00:00+00:00,11266,1.33476,1.33586,1.33385,1.33448,1.33584,1.33656,1.33405,1.33467
2025-10-23 01:00:00+00:00,17158,1.33448,1.33465,1.33288,1.33379,1.33468,1.33484,1.33307,1.334
2025-10-23 05:00:00+00:00,28213,1.3338,1.33565,1.33374,1.33488,1.334,1.33583,1.33392,1.33507
2025-10-23 09:00:00+00:00,28623,1.33488,1.3354,1.33258,1.33425,1.33506,1.33556,1.33276,1.33445
2025-10-23 13:00:00+00:00,46543,1.33425,1.33471,1.331,1.33118,1.33443,1.33489,1.33118,1.33133
2025-10-23 17:00:00+00:00,17828,1.33116,1.33272,1.33073,1.33249,1.33133,1.33295,1.33091,1.33272
2025-10-23 21:00:00+00:00,21262,1.33182,1.33316,1.33182,1.33292,1.33315,1.33334,1.33252,1.33313
2025-10-24 01:00:00+00:00,22122,1.33292,1.33306,1.33166,1.33201,1.3331,1.33323,1.33181,1.33221
2025-10-24 05:00:00+00:00,41329,1.332,1.33327,1.32996,1.33199,1.33219,1.33345,1.33015,1.33218
2025-10-24 09:00:00+00:00,49225,1.33198,1.33608,1.32993,1.33448,1.33218,1.33808,1.3301,1.33466
2025-10-24 13:00:00+00:00,62867,1.33448,1.33585,1.32864,1.32947,1.33467,1.336,1.32884,1.32965
2025-10-24 17:00:00+00:00,21061,1.32947,1.33169,1.32947,1.33048,1.32964,1.33185,1.32964,1.33168
2025-10-26 21:00:00+00:00,13480,1.33211,1.33275,1.33154,1.33232,1.33308,1.33308,1.33185,1.33251
2025-10-27 01:00:00+00:00,19990,1.33233,1.3335,1.33121,1.33153,1.3325,1.33369,1.33139,1.33172
2025-10-27 05:00:00+00:00,31673,1.33154,1.33338,1.33095,1.33258,1.33171,1.33356,1.33112,1.33276
2025-10-27 09:00:00+00:00,33214,1.33258,1.33523,1.33224,1.33469,1.33279,1.33542,1.3324,1.33489
2025-10-27 13:00:00+00:00,41795,1.3347,1.33509,1.33166,1.33343,1.33489,1.33529,1.33185,1.3336
2025-10-27 17:00:00+00:00,21295,1.33344,1.33383,1.33237,1.33338,1.3336,1.33402,1.33255,1.33361
2025-10-27 21:00:00+00:00,17473,1.33356,1.33532,1.33343,1.3349,1.33375,1.3355,1.33371,1.3351
2025-10-28 01:00:00+00:00,28970,1.33489,1.33662,1.33468,1.33655,1.3351,1.3368,1.33486,1.33674
2025-10-28 05:00:00+00:00,38634,1.33655,1.33688,1.33003,1.33068,1.33675,1.33706,1.33022,1.33087
2025-10-28 09:00:00+00:00,42138,1.33067,1.33277,1.32781,1.32833,1.33087,1.33298,1.32798,1.32854
2025-10-28 13:00:00+00:00,52142,1.32833,1.32902,1.32466,1.3289,1.32853,1.32921,1.32485,1.32907
2025-10-28 17:00:00+00:00,23275,1.3289,1.32893,1.32678,1.32701,1.32908,1.32911,1.32709,1.32735
2025-10-28 21:00:00+00:00,14797,1.32688,1.32799,1.3267,1.32715,1.32783,1.32817,1.32694,1.32734
2025-10-29 01:00:00+00:00,22913,1.32715,1.32734,1.32484,1.32503,1.32732,1.32754,1.32503,1.32521
2025-10-29 05:00:00+00:00,33389,1.32504,1.32505,1.32077,1.32079,1.3252,1.32524,1.32095,1.32098
2025-10-29 09:00:00+00:00,36859,1.32079,1.32278,1.31959,1.32027,1.32097,1.32295,1.31978,1.32047
2025-10-29 13:00:00+00:00,53947,1.32026,1.32467,1.31937,1.32269,1.32047,1.32485,1.31955,1.32289
2025-10-29 17:00:00+00:00,79342,1.32265,1.32311,1.31392,1.31928,1.32283,1.32328,1.31413,1.3196
2025-10-29 21:00:00+00:00,15536,1.31908,1.32066,1.31773,1.32027,1.31959,1.32083,1.31884,1.32047
2025-10-30 01:00:00+00:00,38530,1.32027,1.32174,1.31957,1.32157,1.32045,1.32192,1.31975,1.32176
2025-10-30 05:00:00+00:00,44172,1.32158,1.3218,1.31842,1.32067,1.32176,1.32199,1.3186,1.32082
2025-10-30 09:00:00+00:00,40602,1.32066,1.32083,1.31345,1.31367,1.32083,1.32102,1.31368,1.31385
2025-10-30 13:00:00+00:00,53312,1.31367,1.31797,1.31155,1.31546,1.31386,1.31817,1.31176,1.31565
2025-10-30 17:00:00+00:00,23547,1.31548,1.31585,1.31386,1.3147,1.31568,1.31604,1.31402,1.31551
2025-10-30 21:00:00+00:00,12364,1.31456,1.31606,1.31438,1.31583,1.31554,1.31623,1.31516,1.31602
2025-10-31 01:00:00+00:00,17674,1.31585,1.3164,1.31491,1.3156,1.31602,1.31658,1.31511,1.31578
2025-10-31 05:00:00+00:00,27492,1.3156,1.31563,1.31241,1.31399,1.31579,1.31582,1.31259,1.31417
2025-10-31 09:00:00+00:00,33655,1.31399,1.31474,1.31037,1.31058,1.31419,1.31493,1.31056,1.31075
2025-10-31 13:00:00+00:00,50665,1.31057,1.31423,1.30963,1.31274,1.31076,1.31438,1.30981,1.3129
2025-10-31 17:00:00+00:00,20892,1.31274,1.31484,1.31223,1.31463,1.31291,1.3155,1.31239,1.3155
2025-11-02 22:00:00+00:00,17367,1.31254,1.31408,1.31247,1.31339,1.31368,1.31457,1.31309,1.31358
2025-11-03 02:00:00+00:00,15259,1.31338,1.3145,1.31321,1.31413,1.31358,1.3147,1.3134,1.31429
2025-11-03 06:00:00+00:00,27708,1.31414,1.31484,1.31165,1.31244,1.31429,1.31501,1.31184,1.31263
2025-11-03 10:00:00+00:00,28230,1.31244,1.31461,1.31198,1.31259,1.31264,1.3148,1.31214,1.31276
2025-11-03 14:00:00+00:00,43242,1.31258,1.31615,1.31074,1.31438,1.31277,1.31632,1.31093,1.31457
2025-11-03 18:00:00+00:00,16755,1.31437,1.31472,1.31339,1.31378,1.31457,1.3149,1.31357,1.31399
2025-11-03 22:00:00+00:00,16805,1.31323,1.31394,1.31177,1.31237,1.3151,1.31547,1.31195,1.31256
2025-11-04 02:00:00+00:00,21828,1.31235,1.31329,1.31171,1.31206,1.31255,1.31349,1.31189,1.31224
2025-11-04 06:00:00+00:00,43460,1.31206,1.31384,1.30584,1.30621,1.31226,1.31403,1.30602,1.30637
2025-11-04 10:00:00+00:00,34528,1.30621,1.30783,1.30521,1.30568,1.30638,1.30799,1.30539,1.30586
2025-11-04 14:00:00+00:00,44817,1.30567,1.30643,1.30251,1.30278,1.30584,1.30661,1.30269,1.30296
2025-11-04 18:00:00+00:00,18650,1.30278,1.30278,1.30092,1.3019,1.30294,1.30295,1.30111,1.30213
2025-11-04 22:00:00+00:00,17246,1.301,1.30262,1.30094,1.30146,1.303,1.30353,1.30112,1.30166
2025-11-05 02:00:00+00:00,17698,1.30146,1.30293,1.30129,1.30211,1.30165,1.30312,1.30148,1.30227
2025-11-05 06:00:00+00:00,29154,1.30211,1.30526,1.30185,1.30389,1.30228,1.30543,1.30204,1.3041
2025-11-05 10:00:00+00:00,33479,1.30389,1.30461,1.30108,1.30247,1.30409,1.30479,1.30123,1.30263
2025-11-05 14:00:00+00:00,47043,1.30245,1.30485,1.30127,1.30381,1.30261,1.30504,1.30144,1.30399
2025-11-05 18:00:00+00:00,15252,1.30382,1.30535,1.3037,1.30508,1.30399,1.30552,1.30386,1.30538
2025-11-05 22:00:00+00:00,11258,1.30453,1.30644,1.30447,1.30624,1.30525,1.30664,1.30471,1.30641
2025-11-06 02:00:00+00:00,15037,1.30624,1.30648,1.30564,1.30594,1.30639,1.30668,1.30582,1.30615
2025-11-06 06:00:00+00:00,30345,1.30594,1.30886,1.30521,1.30795,1.30613,1.30906,1.30541,1.30814
2025-11-06 10:00:00+00:00,43749,1.30794,1.31244,1.30582,1.31072,1.30812,1.31264,1.30605,1.31093
2025-11-06 14:00:00+00:00,52269,1.3107,1.3124,1.30799,1.31219,1.3109,1.31258,1.30818,1.31234
2025-11-06 18:00:00+00:00,23848,1.31222,1.31419,1.31195,1.31372,1.31237,1.31437,1.31211,1.31404
2025-11-06 22:00:00+00:00,15911,1.31216,1.31411,1.31213,1.31244,1.31379,1.31433,1.31249,1.31264
2025-11-07 02:00:00+00:00,16749,1.31246,1.31298,1.31145,1.31184,1.31267,1.31319,1.31164,1.31205
2025-11-07 06:00:00+00:00,26092,1.31184,1.31267,1.3094,1.30969,1.31203,1.31286,1.30958,1.30988
2025-11-07 10:00:00+00:00,39073,1.30967,1.31368,1.3095,1.31298,1.30987,1.31389,1.30968,1.31315
2025-11-07 14:00:00+00:00,51756,1.31298,1.31737,1.31266,1.31696,1.31317,1.31754,1.31284,1.31715
2025-11-07 18:00:00+00:00,27581,1.31699,1.31742,1.31517,1.31593,1.31716,1.3176,1.31544,1.31673
2025-11-09 22:00:00+00:00,29382,1.31488,1.31591,1.31332,1.31503,1.31688,1.31705,1.31376,1.31523
2025-11-10 02:00:00+00:00,31061,1.31502,1.31592,1.31416,1.31544,1.31521,1.31612,1.31436,1.31564
2025-11-10 06:00:00+00:00,46012,1.31545,1.31838,1.31382,1.31725,1.31564,1.31857,1.31401,1.31741
2025-11-10 10:00:00+00:00,35984,1.31725,1.31902,1.31512,1.3174,1.3174,1.31922,1.3153,1.31758
2025-11-10 14:00:00+00:00,46096,1.3174,1.31792,1.3145,1.31777,1.31759,1.31808,1.31467,1.31795
2025-11-10 18:00:00+00:00,24154,1.31778,1.31842,1.31728,1.31736,1.31794,1.31858,1.31746,1.31767
2025-11-10 22:00:00+00:00,18361,1.31668,1.31764,1.31567,1.31642,1.31821,1.31843,1.31585,1.3166
2025-11-11 02:00:00+00:00,33091,1.31639,1.31711,1.31603,1.31652,1.31659,1.3173,1.3162,1.31672
2025-11-11 06:00:00+00:00,41131,1.31652,1.31705,1.31156,1.31285,1.3167,1.31725,1.31176,1.31304
2025-11-11 10:00:00+00:00,36978,1.31283,1.31774,1.31204,1.31708,1.31304,1.31793,1.31223,1.31723
2025-11-11 14:00:00+00:00,46373,1.31707,1.31835,1.31575,1.31732,1.31723,1.31856,1.31597,1.31751
2025-11-11 18:00:00+00:00,23892,1.31731,1.31774,1.3147,1.31483,1.31751,1.31792,1.31489,1.31508
2025-11-11 22:00:00+00:00,12843,1.31471,1.31529,1.31362,1.31376,1.3167,1.3167,1.31381,1.31396
2025-11-12 02:00:00+00:00,16304,1.31379,1.31432,1.31277,1.31327,1.31397,1.31447,1.31296,1.31347
2025-11-12 06:00:00+00:00,37190,1.31326,1.31546,1.31144,1.31153,1.31345,1.31565,1.31161,1.3117
2025-11-12 10:00:00+00:00,37659,1.31152,1.3139,1.30948,1.31041,1.31168,1.31409,1.30967,1.3106
2025-11-12 14:00:00+00:00,43071,1.3104,1.31388,1.30835,1.31383,1.3106,1.31407,1.30853,1.31404
2025-11-12 18:00:00+00:00,19907,1.31383,1.31431,1.31235,1.31322,1.31402,1.3145,1.31253,1.31345
2025-11-12 22:00:00+00:00,22628,1.31235,1.31311,1.31097,1.31228,1.31418,1.31418,1.31117,1.31249
2025-11-13 02:00:00+00:00,31616,1.31229,1.31278,1.31142,1.31165,1.31249,1.31299,1.31162,1.31186
2025-11-13 06:00:00+00:00,46542,1.31165,1.31702,1.30996,1.31551,1.31185,1.31722,1.31016,1.31568
2025-11-13 10:00:00+00:00,43033,1.31551,1.31834,1.31425,1.31684,1.31569,1.31851,1.31445,1.317
2025-11-13 14:00:00+00:00,58022,1.31681,1.32151,1.31647,1.32107,1.317,1.32168,1.31665,1.32125
2025-11-13 18:00:00+00:00,31338,1.32107,1.32134,1.31836,1.31891,1.32124,1.32152,1.31853,1.31941
2025-11-13 22:00:00+00:00,21632,1.31861,1.31905,1.31345,1.3146,1.32057,1.32084,1.31367,1.31478
2025-11-14 02:00:00+00:00,23834,1.31457,1.31584,1.31381,1.3147,1.31477,1.31605,1.31398,1.31491
2025-11-14 06:00:00+00:00,55339,1.31469,1.32003,1.31071,1.3154,1.31491,1.32021,1.3109,1.31562
2025-11-14 10:00:00+00:00,41307,1.31538,1.31803,1.31216,1.31664,1.31559,1.3182,1.31233,1.31683
2025-11-14 14:00:00+00:00,56495,1.31664,1.31777,1.3124,1.31605,1.31684,1.31796,1.31261,1.31622
2025-11-14 18:00:00+00:00,24877,1.31603,1.31749,1.31489,1.31674,1.31619,1.31801,1.31509,1.31801
2025-11-16 22:00:00+00:00,17668,1.31554,1.31705,1.31452,1.31548,1.31726,1.3177,1.31507,1.31567
2025-11-17 02:00:00+00:00,21828,1.31548,1.31552,1.31406,1.31422,1.31568,1.31569,1.31424,1.31442
2025-11-17 06:00:00+00:00,34955,1.31422,1.318,1.3135,1.31636,1.31443,1.31817,1.31371,1.31655
2025-11-17 10:00:00+00:00,38762,1.31636,1.31925,1.31483,1.31722,1.31657,1.31943,1.31501,1.31739
2025-11-17 14:00:00+00:00,40461,1.31721,1.31784,1.31603,1.3169,1.31739,1.31802,1.31622,1.3171
2025-11-17 18:00:00+00:00,23286,1.3169,1.31703,1.31436,1.31533,1.31711,1.3172,1.31454,1.3156
2025-11-17 22:00:00+00:00,18840,1.31484,1.31558,1.31446,1.31503,1.31668,1.31668,1.31463,1.31523
2025-11-18 02:00:00+00:00,31624,1.31503,1.31634,1.31441,1.316,1.31524,1.31652,1.3146,1.31619
2025-11-18 06:00:00+00:00,45847,1.316,1.31763,1.31472,1.3152,1.31618,1.31781,1.3149,1.31538
2025-11-18 10:00:00+00:00,42028,1.3152,1.316,1.3133,1.31534,1.31537,1.31621,1.3135,1.31552
2025-11-18 14:00:00+00:00,56517,1.31535,1.31705,1.31347,1.31403,1.31552,1.31724,1.31364,1.31421
2025-11-18 18:00:00+00:00,26944,1.31403,1.31563,1.31391,1.31443,1.3142,1.3158,1.31409,1.31465
2025-11-18 22:00:00+00:00,15680,1.31429,1.31482,1.31307,1.3132,1.31588,1.31588,1.31326,1.31339
2025-11-19 02:00:00+00:00,28296,1.31323,1.31464,1.31283,1.31455,1.31341,1.31482,1.31301,1.31475
2025-11-19 06:00:00+00:00,40682,1.31455,1.31548,1.31168,1.3126,1.31474,1.31573,1.31187,1.3128
2025-11-19 10:00:00+00:00,41217,1.31261,1.3129,1.30911,1.3118,1.3128,1.31307,1.30935,1.31198
2025-11-19 14:00:00+00:00,51865,1.31179,1.31216,1.3056,1.30676,1.31198,1.31235,1.30579,1.30694
2025-11-19 18:00:00+00:00,29638,1.30675,1.30758,1.30426,1.30575,1.30691,1.30777,1.30446,1.30612
2025-11-19 22:00:00+00:00,15939,1.30516,1.30616,1.30444,1.30454,1.30667,1.3067,1.30462,1.30474
2025-11-20 02:00:00+00:00,21443,1.30454,1.30613,1.3037,1.30522,1.30472,1.30632,1.30389,1.30538
2025-11-20 06:00:00+00:00,34300,1.30522,1.30792,1.30491,1.30783,1.30539,1.30811,1.30507,1.30801
2025-11-20 10:00:00+00:00,42692,1.30783,1.30988,1.30425,1.3095,1.30802,1.31007,1.30513,1.30968
2025-11-20 14:00:00+00:00,65538,1.30948,1.31231,1.30651,1.30671,1.30968,1.31249,1.30671,1.30689
2025-11-20 18:00:00+00:00,28208,1.30671,1.30869,1.30662,1.30714,1.30686,1.30889,1.3068,1.30746
2025-11-20 22:00:00+00:00,23359,1.30681,1.30868,1.30647,1.30811,1.30813,1.30885,1.30702,1.30831
2025-11-21 02:00:00+00:00,31493,1.3081,1.30953,1.30741,1.30884,1.30831,1.30974,1.30761,1.30903
2025-11-21 06:00:00+00:00,56059,1.30887,1.31021,1.30582,1.30607,1.30906,1.31042,1.30601,1.30625
2025-11-21 10:00:00+00:00,62775,1.30607,1.30943,1.30379,1.30833,1.30622,1.30962,1.30394,1.30851
2025-11-21 14:00:00+00:00,64892,1.30832,1.31066,1.30687,1.30996,1.30849,1.31084,1.30705,1.31015
2025-11-21 18:00:00+00:00,24581,1.30995,1.31088,1.30906,1.30933,1.31015,1.31105,1.30925,1.31032
2025-11-23 22:00:00+00:00,20745,1.30953,1.30993,1.30847,1.30878,1.31096,1.31113,1.30866,1.30898
2025-11-24 02:00:00+00:00,41855,1.30881,1.31064,1.30878,1.31016,1.309,1.31083,1.30898,1.31034
2025-11-24 06:00:00+00:00,47946,1.31014,1.3111,1.30872,1.30891,1.31034,1.31129,1.3089,1.30908
2025-11-24 10:00:00+00:00,42279,1.30888,1.31173,1.30872,1.31045,1.30907,1.3119,1.30889,1.31063
2025-11-24 14:00:00+00:00,49507,1.31046,1.31066,1.30798,1.30998,1.31063,1.31085,1.30814,1.31016
2025-11-24 18:00:00+00:00,23321,1.30997,1.31158,1.30992,1.31031,1.31014,1.31177,1.31009,1.31052
2025-11-24 22:00:00+00:00,21760,1.31031,1.31152,1.31013,1.31071,1.31124,1.3117,1.31032,1.31089
2025-11-25 02:00:00+00:00,30456,1.31071,1.31151,1.30948,1.31009,1.31088,1.31169,1.30967,1.31029
2025-11-25 06:00:00+00:00,40713,1.31006,1.31375,1.30973,1.31344,1.31028,1.31394,1.30992,1.31361
2025-11-25 10:00:00+00:00,49290,1.31342,1.31594,1.31082,1.31531,1.31361,1.31632,1.31098,1.31549
2025-11-25 14:00:00+00:00,63873,1.3153,1.32036,1.3152,1.32001,1.31549,1.32053,1.3154,1.3202
2025-11-25 18:00:00+00:00,33767,1.32001,1.32133,1.31528,1.31644,1.32019,1.32151,1.31546,1.31676
2025-11-25 22:00:00+00:00,31433,1.3162,1.31868,1.31568,1.31779,1.31785,1.31892,1.31588,1.31796
2025-11-26 02:00:00+00:00,34551,1.31779,1.31964,1.31758,1.31907,1.31797,1.31983,1.31781,1.31922
2025-11-26 06:00:00+00:00,47771,1.31906,1.31973,1.31642,1.31733,1.31923,1.31991,1.31662,1.31752
2025-11-26 10:00:00+00:00,78418,1.31733,1.32237,1.31229,1.31922,1.31754,1.32363,1.31251,1.3194
2025-11-26 14:00:00+00:00,58191,1.31919,1.32374,1.31839,1.32253,1.31937,1.32391,1.31859,1.32272
2025-11-26 18:00:00+00:00,21261,1.32253,1.32432,1.32229,1.32414,1.32273,1.32461,1.32246,1.32442
2025-11-26 22:00:00+00:00,17799,1.32352,1.32597,1.32352,1.32559,1.3246,1.32615,1.32419,1.3258
2025-11-27 02:00:00+00:00,30014,1.3256,1.32682,1.3247,1.32578,1.32582,1.32699,1.32491,1.32598
2025-11-27 06:00:00+00:00,28813,1.32578,1.3263,1.32093,1.3213,1.32599,1.32651,1.3211,1.32147
2025-11-27 10:00:00+00:00,26697,1.32128,1.32484,1.32112,1.32424,1.32148,1.32502,1.32129,1.32441
2025-11-27 14:00:00+00:00,20761,1.32423,1.32543,1.32281,1.3237,1.32443,1.32563,1.323,1.32389
2025-11-27 18:00:00+00:00,9373,1.3237,1.32395,1.3233,1.32376,1.3239,1.32415,1.32348,1.3241
2025-11-27 22:00:00+00:00,25470,1.32293,1.32436,1.32276,1.32321,1.32493,1.32493,1.32295,1.32341
2025-11-28 02:00:00+00:00,65452,1.32321,1.32442,1.32264,1.32323,1.3234,1.32464,1.32289,1.32342
2025-11-28 06:00:00+00:00,104410,1.32323,1.32329,1.32005,1.32071,1.32343,1.32354,1.32024,1.32096
2025-11-28 10:00:00+00:00,135009,1.32069,1.32279,1.32004,1.32244,1.32096,1.32295,1.32022,1.32264
2025-11-28 14:00:00+00:00,68116,1.32245,1.32539,1.32052,1.32363,1.32263,1.32557,1.32074,1.32382
2025-11-28 18:00:00+00:00,29678,1.32363,1.32458,1.32242,1.32255,1.32381,1.3248,1.32309,1.32381
2025-11-30 22:00:00+00:00,35892,1.32167,1.32479,1.32167,1.32367,1.32302,1.32502,1.32286,1.32386
2025-12-01 02:00:00+00:00,42443,1.32367,1.32394,1.32176,1.32201,1.32385,1.32411,1.32197,1.32222
2025-12-01 06:00:00+00:00,52787,1.32199,1.32358,1.32045,1.32322,1.32219,1.32376,1.32066,1.32339
2025-12-01 10:00:00+00:00,52591,1.32321,1.32749,1.32166,1.32652,1.32339,1.32768,1.32187,1.32669
2025-12-01 14:00:00+00:00,63035,1.32651,1.32654,1.32205,1.32242,1.3267,1.32673,1.32225,1.32258
2025-12-01 18:00:00+00:00,27434,1.32243,1.32271,1.32073,1.32114,1.32258,1.32292,1.32092,1.3214
2025-12-01 22:00:00+00:00,12469,1.32159,1.32161,1.32022,1.32111,1.32201,1.32201,1.32042,1.32129
2025-12-02 02:00:00+00:00,15411,1.3211,1.32208,1.32097,1.32135,1.32129,1.32227,1.32118,1.32156
2025-12-02 06:00:00+00:00,36157,1.32134,1.32201,1.32002,1.32097,1.32154,1.3222,1.32022,1.3212
2025-12-02 10:00:00+00:00,37495,1.32098,1.32116,1.31796,1.32058,1.32119,1.32134,1.31818,1.32076
2025-12-02 14:00:00+00:00,52557,1.3206,1.32128,1.31788,1.31933,1.32076,1.32145,1.31806,1.3195
2025-12-02 18:00:00+00:00,20456,1.31933,1.32148,1.31897,1.32116,1.31952,1.32173,1.31916,1.32157
2025-12-02 22:00:00+00:00,16519,1.31984,1.32266,1.31984,1.32258,1.32157,1.32283,1.321,1.32275
2025-12-03 02:00:00+00:00,23419,1.32257,1.32373,1.32236,1.3236,1.32275,1.32393,1.32253,1.32379
2025-12-03 06:00:00+00:00,42719,1.32359,1.32841,1.32346,1.32776,1.32379,1.32859,1.32366,1.32797
2025-12-03 10:00:00+00:00,38898,1.32777,1.33145,1.32731,1.32986,1.32796,1.33176,1.3275,1.33004
2025-12-03 14:00:00+00:00,53589,1.32987,1.33471,1.32911,1.33418,1.33004,1.33488,1.32932,1.33436
2025-12-03 18:00:00+00:00,21710,1.33418,1.33536,1.33379,1.33519,1.33437,1.33555,1.33395,1.33543
2025-12-03 22:00:00+00:00,16701,1.33509,1.33514,1.33338,1.33395,1.33545,1.33552,1.33359,1.33414
2025-12-04 02:00:00+00:00,21977,1.33396,1.33396,1.33267,1.33373,1.33414,1.33415,1.33286,1.33393
2025-12-04 06:00:00+00:00,37443,1.33375,1.33583,1.33306,1.33452,1.33394,1.33603,1.33324,1.33469
2025-12-04 10:00:00+00:00,42072,1.3345,1.33631,1.33198,1.33414,1.33466,1.33651,1.33235,1.33432
2025-12-04 14:00:00+00:00,47435,1.33414,1.3385,1.33398,1.33425,1.33434,1.33865,1.33415,1.33441
2025-12-04 18:00:00+00:00,22498,1.33423,1.33505,1.33239,1.33263,1.33441,1.33524,1.33257,1.33294
2025-12-04 22:00:00+00:00,19804,1.33233,1.33326,1.33194,1.33323,1.33311,1.33346,1.33216,1.33344
2025-12-05 02:00:00+00:00,17161,1.33325,1.33447,1.33243,1.33442,1.33345,1.33467,1.33261,1.33462
2025-12-05 06:00:00+00:00,31159,1.33442,1.33614,1.33413,1.3345,1.3346,1.33635,1.33431,1.33469
2025-12-05 10:00:00+00:00,30192,1.33451,1.33549,1.3327,1.335,1.33469,1.33568,1.33289,1.33519
2025-12-05 14:00:00+00:00,47880,1.33499,1.33612,1.33152,1.33302,1.33519,1.33628,1.33172,1.33321
2025-12-05 18:00:00+00:00,19123,1.33302,1.33398,1.3325,1.33255,1.3332,1.33418,1.33271,1.33377
2025-12-07 22:00:00+00:00,16449,1.33168,1.33374,1.33125,1.33359,1.33368,1.33391,1.33235,1.33375
2025-12-08 02:00:00+00:00,19101,1.33359,1.33417,1.33338,1.33362,1.33376,1.33435,1.33356,1.33382
2025-12-08 06:00:00+00:00,33329,1.33361,1.33456,1.33127,1.33162,1.33382,1.33476,1.33147,1.33181
2025-12-08 10:00:00+00:00,30594,1.33162,1.33285,1.3313,1.33188,1.33182,1.33304,1.3315,1.33208
2025-12-08 14:00:00+00:00,47475,1.33189,1.33373,1.33048,1.33227,1.3321,1.33395,1.33066,1.33246
2025-12-08 18:00:00+00:00,17211,1.33228,1.33298,1.33184,1.332,1.33248,1.33319,1.33202,1.33226
2025-12-08 22:00:00+00:00,13647,1.33121,1.33321,1.33121,1.33321,1.33313,1.33341,1.33195,1.3334
2025-12-09 02:00:00+00:00,23681,1.3332,1.33361,1.33252,1.33325,1.3334,1.33379,1.3327,1.33344
2025-12-09 06:00:00+00:00,38839,1.33327,1.33554,1.33226,1.3346,1.33344,1.33573,1.33245,1.33478
2025-12-09 10:00:00+00:00,37950,1.3346,1.33481,1.33091,1.33136,1.33477,1.33499,1.3311,1.33155
2025-12-09 14:00:00+00:00,50855,1.33136,1.33196,1.32864,1.32967,1.33153,1.33213,1.32883,1.32986
2025-12-09 18:00:00+00:00,22155,1.32967,1.33062,1.32903,1.32969,1.32985,1.33079,1.3292,1.33001
2025-12-09 22:00:00+00:00,13635,1.32892,1.3304,1.32891,1.32977,1.3306,1.33089,1.32971,1.32998
2025-12-10 02:00:00+00:00,20229,1.32975,1.3309,1.32968,1.33065,1.32995,1.3311,1.32987,1.33084
2025-12-10 06:00:00+00:00,34376,1.33065,1.33264,1.33047,1.33123,1.33082,1.33282,1.33068,1.33141
2025-12-10 10:00:00+00:00,34597,1.33121,1.3331,1.33005,1.33296,1.33141,1.33328,1.33022,1.33313
2025-12-10 14:00:00+00:00,40641,1.33296,1.33468,1.33139,1.33449,1.33315,1.33489,1.3316,1.33465
2025-12-10 18:00:00+00:00,72413,1.33449,1.33883,1.33239,1.33802,1.33466,1.33899,1.33278,1.33827
2025-12-10 22:00:00+00:00,18322,1.33724,1.33913,1.33714,1.33811,1.33867,1.33933,1.33773,1.33832
2025-12-11 02:00:00+00:00,21853,1.33812,1.33864,1.33604,1.33609,1.33832,1.33885,1.33625,1.33627
2025-12-11 06:00:00+00:00,36643,1.3361,1.33784,1.33538,1.3371,1.3363,1.33802,1.33558,1.3373
2025-12-11 10:00:00+00:00,36826,1.33711,1.34145,1.3367,1.3407,1.3373,1.34164,1.33689,1.34087
2025-12-11 14:00:00+00:00,49134,1.34067,1.34376,1.34061,1.34201,1.34086,1.34393,1.3408,1.34223
2025-12-11 18:00:00+00:00,22710,1.34201,1.34238,1.33813,1.33856,1.34222,1.34257,1.33831,1.33877
2025-12-11 22:00:00+00:00,20148,1.33868,1.3399,1.33854,1.33914,1.33951,1.3401,1.339,1.3393
2025-12-12 02:00:00+00:00,15953,1.33913,1.33959,1.33875,1.33945,1.3393,1.3398,1.33894,1.33965
2025-12-12 06:00:00+00:00,32929,1.33946,1.33982,1.33727,1.33818,1.33965,1.34001,1.33746,1.33838
2025-12-12 10:00:00+00:00,28715,1.3382,1.33827,1.33636,1.3369,1.33838,1.33844,1.33654,1.33705
2025-12-12 14:00:00+00:00,50530,1.33687,1.33775,1.33415,1.33721,1.33704,1.33793,1.33434,1.33741
2025-12-12 18:00:00+00:00,21330,1.33721,1.33762,1.33557,1.33675,1.33742,1.33781,1.33574,1.3376
2025-12-14 22:00:00+00:00,16510,1.33693,1.33734,1.3355,1.33724,1.33864,1.33882,1.33568,1.33743
2025-12-15 02:00:00+00:00,19076,1.33722,1.33732,1.33542,1.33632,1.33739,1.33753,1.33557,1.33653
2025-12-15 06:00:00+00:00,31744,1.33631,1.33877,1.33565,1.33869,1.33651,1.33896,1.33585,1.33886
2025-12-15 10:00:00+00:00,25850,1.33869,1.33957,1.33737,1.33865,1.33884,1.33976,1.33755,1.33882
2025-12-15 14:00:00+00:00,45455,1.33865,1.34007,1.33647,1.33669,1.3388,1.34026,1.33666,1.33689
2025-12-15 18:00:00+00:00,20837,1.33669,1.33776,1.33589,1.33758,1.33687,1.33801,1.33608,1.33789
2025-12-15 22:00:00+00:00,21146,1.33646,1.33826,1.33606,1.33672,1.338,1.33846,1.33628,1.3369
2025-12-16 02:00:00+00:00,30500,1.33673,1.33732,1.33601,1.33615,1.33692,1.3375,1.33621,1.33634
2025-12-16 06:00:00+00:00,36148,1.33615,1.34148,1.33544,1.34094,1.33633,1.34169,1.33565,1.34113
2025-12-16 10:00:00+00:00,50934,1.34094,1.34551,1.34059,1.34248,1.34114,1.34572,1.34077,1.34265
2025-12-16 14:00:00+00:00,64393,1.34247,1.34468,1.34033,1.3423,1.34266,1.34486,1.34052,1.34247
2025-12-16 18:00:00+00:00,35508,1.34229,1.34352,1.3399,1.34201,1.34247,1.34372,1.34005,1.34226
2025-12-16 22:00:00+00:00,14489,1.34171,1.3426,1.34171,1.34239,1.34297,1.34303,1.34205,1.34256
2025-12-17 02:00:00+00:00,19331,1.34236,1.34237,1.33784,1.33827,1.34256,1.34256,1.33806,1.33845
2025-12-17 06:00:00+00:00,41435,1.33827,1.33892,1.33106,1.33247,1.33846,1.3391,1.33126,1.33267
2025-12-17 10:00:00+00:00,33580,1.33248,1.33583,1.33194,1.33554,1.33267,1.33601,1.33213,1.33572
2025-12-17 14:00:00+00:00,48473,1.33554,1.34058,1.33477,1.33863,1.33575,1.34077,1.33496,1.33882
2025-12-17 18:00:00+00:00,21231,1.33861,1.33939,1.33718,1.33735,1.33879,1.33956,1.33736,1.33758
2025-12-17 22:00:00+00:00,14341,1.33672,1.33781,1.33606,1.33637,1.33848,1.3386,1.33628,1.33657
2025-12-18 02:00:00+00:00,16839,1.33637,1.33732,1.33606,1.3369,1.33658,1.33752,1.33628,1.33709
2025-12-18 06:00:00+00:00,30947,1.3369,1.33744,1.33401,1.33479,1.33707,1.33763,1.33421,1.33496
2025-12-18 10:00:00+00:00,53854,1.33476,1.34416,1.33388,1.34267,1.33493,1.34444,1.33444,1.34289
2025-12-18 14:00:00+00:00,66308,1.34268,1.34457,1.33694,1.33805,1.34289,1.34474,1.33712,1.33823
2025-12-18 18:00:00+00:00,23471,1.33805,1.33897,1.33743,1.3381,1.33824,1.33918,1.33762,1.33836
2025-12-18 22:00:00+00:00,16501,1.33711,1.3389,1.337,1.33816,1.33911,1.33931,1.3379,1.33836
2025-12-19 02:00:00+00:00,23866,1.33815,1.33853,1.33686,1.33747,1.33832,1.33872,1.33706,1.33767
2025-12-19 06:00:00+00:00,37057,1.33747,1.33868,1.33622,1.33807,1.33768,1.33887,1.3364,1.33828
2025-12-19 10:00:00+00:00,31001,1.33806,1.33859,1.33567,1.33712,1.33828,1.33875,1.33583,1.33732
2025-12-19 14:00:00+00:00,45057,1.33713,1.3386,1.33562,1.33766,1.33734,1.33877,1.33579,1.33783
2025-12-19 18:00:00+00:00,23256,1.33765,1.33932,1.33711,1.33738,1.33783,1.33951,1.33736,1.33797
2025-12-21 22:00:00+00:00,46850,1.33741,1.33975,1.33728,1.33948,1.33828,1.34012,1.33761,1.33969
2025-12-22 02:00:00+00:00,13789,1.33953,1.34009,1.33906,1.33962,1.33973,1.34027,1.33927,1.33981
2025-12-22 06:00:00+00:00,27689,1.33963,1.34237,1.33907,1.34234,1.33981,1.34258,1.3393,1.34254
2025-12-22 10:00:00+00:00,35493,1.34234,1.34434,1.34234,1.34368,1.34253,1.34453,1.34253,1.34388
2025-12-22 14:00:00+00:00,37213,1.34368,1.34769,1.34306,1.34701,1.34389,1.34787,1.34326,1.34717
2025-12-22 18:00:00+00:00,20604,1.347,1.34702,1.34532,1.34611,1.34718,1.34718,1.34549,1.34641
2025-12-22 22:00:00+00:00,19098,1.34462,1.34827,1.34462,1.34761,1.34662,1.34847,1.34648,1.34778
2025-12-23 02:00:00+00:00,20739,1.34761,1.34926,1.34761,1.3488,1.34777,1.34948,1.34777,1.349
2025-12-23 06:00:00+00:00,35638,1.3488,1.35177,1.34788,1.35046,1.34899,1.35196,1.34809,1.35066
2025-12-23 10:00:00+00:00,41544,1.35046,1.35178,1.34933,1.34937,1.35067,1.35198,1.34952,1.34956
2025-12-23 14:00:00+00:00,50452,1.34937,1.34997,1.34702,1.34724,1.34958,1.35017,1.3472,1.34743
2025-12-23 18:00:00+00:00,16907,1.34723,1.35233,1.3471,1.35164,1.34743,1.35252,1.34727,1.35197
2025-12-23 22:00:00+00:00,15980,1.35016,1.35311,1.34934,1.35281,1.35216,1.35341,1.3508,1.35302
2025-12-24 02:00:00+00:00,21070,1.35284,1.35334,1.35086,1.35181,1.35302,1.35352,1.35107,1.35201
2025-12-24 06:00:00+00:00,31560,1.35181,1.3527,1.35016,1.3521,1.35199,1.3529,1.35038,1.3523
2025-12-24 10:00:00+00:00,35249,1.35208,1.35231,1.35004,1.35039,1.35228,1.35249,1.35022,1.35059
2025-12-24 14:00:00+00:00,46525,1.35035,1.35098,1.3491,1.34967,1.35055,1.35119,1.34929,1.34988
2025-12-24 18:00:00+00:00,28142,1.34968,1.35043,1.34936,1.35013,1.34988,1.35148,1.34955,1.35127
2025-12-25 22:00:00+00:00,34765,1.35101,1.35218,1.34915,1.35116,1.35301,1.35311,1.35033,1.35141
2025-12-26 02:00:00+00:00,27106,1.35115,1.3518,1.34858,1.34935,1.35139,1.35203,1.34879,1.34956
2025-12-26 06:00:00+00:00,45740,1.34936,1.34993,1.34762,1.34844,1.34958,1.35016,1.34784,1.34865
2025-12-26 10:00:00+00:00,49571,1.34843,1.35263,1.34825,1.35159,1.34865,1.35285,1.34848,1.35178
2025-12-26 14:00:00+00:00,60158,1.35158,1.35249,1.34804,1.3494,1.35179,1.35268,1.34828,1.34961
2025-12-26 18:00:00+00:00,38282,1.34943,1.35057,1.34891,1.34917,1.34961,1.35076,1.34913,1.35062
2025-12-28 22:00:00+00:00,20167,1.3483,1.35108,1.34795,1.35083,1.3503,1.35131,1.34916,1.351
2025-12-29 02:00:00+00:00,21650,1.35082,1.35092,1.34826,1.34901,1.351,1.35109,1.34848,1.3492
2025-12-29 06:00:00+00:00,39837,1.34904,1.35071,1.34728,1.34897,1.34924,1.3509,1.34746,1.34914
2025-12-29 10:00:00+00:00,42166,1.34894,1.35104,1.34682,1.34927,1.34913,1.3512,1.34702,1.34946
2025-12-29 14:00:00+00:00,67021,1.34926,1.35119,1.34806,1.34846,1.34946,1.35139,1.34825,1.34867
2025-12-29 18:00:00+00:00,26067,1.34845,1.3515,1.34833,1.35107,1.34867,1.35169,1.34854,1.35151
2025-12-29 22:00:00+00:00,14695,1.35004,1.35093,1.34968,1.35079,1.35147,1.35159,1.34986,1.35101
2025-12-30 02:00:00+00:00,16830,1.35079,1.35162,1.34989,1.35138,1.35102,1.35182,1.35008,1.35158
2025-12-30 06:00:00+00:00,28890,1.35138,1.35207,1.34999,1.35135,1.35159,1.35227,1.35017,1.35155
2025-12-30 10:00:00+00:00,32645,1.35134,1.353,1.34858,1.34867,1.35155,1.3532,1.34879,1.34887
2025-12-30 14:00:00+00:00,39541,1.34867,1.34873,1.34486,1.34687,1.34888,1.34891,1.34506,1.34708
2025-12-30 18:00:00+00:00,16176,1.34687,1.34739,1.34602,1.34669,1.34707,1.34757,1.34622,1.34705
2025-12-30 22:00:00+00:00,15227,1.34605,1.34668,1.34577,1.34604,1.34768,1.34776,1.34596,1.34624
2025-12-31 02:00:00+00:00,26287,1.34602,1.34649,1.34565,1.34598,1.34624,1.34667,1.34583,1.34619
2025-12-31 06:00:00+00:00,35032,1.34599,1.34643,1.34249,1.34368,1.34619,1.34667,1.34267,1.34386
2025-12-31 10:00:00+00:00,42346,1.3437,1.34755,1.34317,1.34533,1.34393,1.34778,1.34337,1.34554
2025-12-31 14:00:00+00:00,61272,1.34533,1.34596,1.34006,1.34511,1.34555,1.34619,1.34026,1.34532
2025-12-31 18:00:00+00:00,22381,1.34511,1.34828,1.34459,1.34722,1.34531,1.34848,1.34478,1.34754
2026-01-01 22:00:00+00:00,10328,1.34638,1.34869,1.34532,1.34867,1.34739,1.34893,1.34675,1.34889
2026-01-02 02:00:00+00:00,11594,1.34867,1.34904,1.34687,1.34703,1.3489,1.34924,1.34705,1.34722
2026-01-02 06:00:00+00:00,31936,1.34701,1.34705,1.34483,1.34541,1.3472,1.34724,1.34501,1.3456
2026-01-02 10:00:00+00:00,34138,1.34542,1.34588,1.34331,1.34567,1.3456,1.34607,1.34351,1.34586
2026-01-02 14:00:00+00:00,44635,1.34566,1.35012,1.34524,1.34619,1.34587,1.35028,1.34544,1.34638
2026-01-02 18:00:00+00:00,24292,1.34618,1.34658,1.34454,1.34565,1.34638,1.34681,1.34475,1.34639
2026-01-04 22:00:00+00:00,24804,1.34445,1.34557,1.3436,1.34392,1.34645,1.34666,1.34381,1.34411
2026-01-05 02:00:00+00:00,27504,1.34392,1.34418,1.34129,1.34275,1.34412,1.3444,1.3415,1.34291
2026-01-05 06:00:00+00:00,36548,1.34274,1.34427,1.34165,1.34419,1.34291,1.34447,1.34186,1.34439
2026-01-05 10:00:00+00:00,40708,1.34419,1.34733,1.34241,1.34519,1.34438,1.34752,1.34259,1.34537
2026-01-05 14:00:00+00:00,56140,1.34521,1.35386,1.34498,1.35319,1.34537,1.35405,1.34518,1.35337
2026-01-05 18:00:00+00:00,21669,1.35319,1.35474,1.3528,1.35412,1.35336,1.35495,1.35301,1.35442
2026-01-05 22:00:00+00:00,15829,1.35396,1.35453,1.3527,1.35452,1.35434,1.35473,1.35292,1.35471
2026-01-06 02:00:00+00:00,20627,1.35454,1.35615,1.35407,1.35485,1.35473,1.35634,1.35428,1.35505
2026-01-06 06:00:00+00:00,37001,1.35485,1.35671,1.35347,1.35348,1.35504,1.35689,1.35366,1.35366
2026-01-06 10:00:00+00:00,40787,1.35348,1.35389,1.35056,1.35232,1.35368,1.3541,1.35075,1.3525
2026-01-06 14:00:00+00:00,50261,1.35232,1.35338,1.34907,1.35091,1.35248,1.35357,1.34926,1.35112
2026-01-06 18:00:00+00:00,22142,1.35092,1.35112,1.34915,1.35006,1.35111,1.35131,1.34935,1.35034
2026-01-06 22:00:00+00:00,16571,1.34984,1.35092,1.34885,1.35049,1.35105,1.35114,1.34989,1.3507
2026-01-07 02:00:00+00:00,23352,1.35046,1.35159,1.35021,1.35075,1.35067,1.3518,1.35039,1.35093
2026-01-07 06:00:00+00:00,29629,1.35075,1.35159,1.34842,1.34936,1.35092,1.35181,1.34861,1.34957
2026-01-07 10:00:00+00:00,38268,1.34935,1.35048,1.34809,1.34937,1.34955,1.35068,1.34832,1.34956
2026-01-07 14:00:00+00:00,54241,1.34938,1.3501,1.34674,1.34722,1.34956,1.35038,1.34692,1.34742
2026-01-07 18:00:00+00:00,22004,1.34722,1.34728,1.34553,1.34566,1.34741,1.34747,1.34576,1.34593
2026-01-07 22:00:00+00:00,12757,1.34554,1.34613,1.34523,1.34548,1.34637,1.34656,1.34542,1.34567
2026-01-08 02:00:00+00:00,22014,1.34548,1.34647,1.34497,1.34572,1.34568,1.34667,1.34517,1.34594
2026-01-08 06:00:00+00:00,34535,1.34572,1.34609,1.34314,1.34371,1.34595,1.34627,1.3433,1.34392
2026-01-08 10:00:00+00:00,34385,1.34372,1.34498,1.34148,1.34225,1.34392,1.34518,1.34168,1.34242
2026-01-08 14:00:00+00:00,48777,1.34225,1.34462,1.34166,1.34351,1.3424,1.3448,1.34184,1.34369
2026-01-08 18:00:00+00:00,21946,1.3435,1.34447,1.34187,1.34387,1.34369,1.34466,1.34204,1.34418
2026-01-08 22:00:00+00:00,16137,1.34263,1.34403,1.34238,1.34272,1.34463,1.34483,1.34278,1.34291
2026-01-09 02:00:00+00:00,22603,1.3427,1.34375,1.34236,1.34293,1.34292,1.34391,1.34256,1.34312
2026-01-09 06:00:00+00:00,32074,1.34292,1.34336,1.34039,1.34094,1.34313,1.34355,1.34056,1.34112
2026-01-09 10:00:00+00:00,47927,1.34093,1.34501,1.33938,1.34348,1.3411,1.34523,1.34004,1.34366
2026-01-09 14:00:00+00:00,73874,1.34347,1.34424,1.33916,1.3402,1.34367,1.34444,1.33934,1.34039
2026-01-09 18:00:00+00:00,20567,1.3402,1.34136,1.33957,1.33981,1.34038,1.34155,1.33983,1.34061
2026-01-11 22:00:00+00:00,21518,1.33938,1.34399,1.33897,1.34267,1.3406,1.3442,1.33919,1.34284
2026-01-12 02:00:00+00:00,21029,1.34266,1.34355,1.34155,1.34333,1.34284,1.34376,1.34175,1.34349
2026-01-12 06:00:00+00:00,35390,1.34331,1.34684,1.34288,1.34528,1.34349,1.34705,1.34305,1.34547
2026-01-12 10:00:00+00:00,34012,1.34528,1.34851,1.34472,1.34809,1.34548,1.3487,1.34489,1.34827
2026-01-12 14:00:00+00:00,44892,1.34809,1.34825,1.34544,1.34634,1.34826,1.34844,1.34561,1.34652
2026-01-12 18:00:00+00:00,15698,1.34633,1.34693,1.34563,1.34609,1.34652,1.34715,1.34581,1.34684
2026-01-12 22:00:00+00:00,15408,1.34581,1.34762,1.34558,1.34693,1.34742,1.3478,1.34636,1.34713
2026-01-13 02:00:00+00:00,21924,1.34693,1.3478,1.34686,1.34713,1.34714,1.34797,1.34705,1.34734
2026-01-13 06:00:00+00:00,31033,1.34714,1.34845,1.34613,1.34801,1.34734,1.34864,1.34634,1.34821
2026-01-13 10:00:00+00:00,41783,1.34801,1.34938,1.34526,1.34745,1.34819,1.3496,1.34554,1.34761
2026-01-13 14:00:00+00:00,58482,1.34745,1.34764,1.34241,1.34327,1.34762,1.34783,1.34259,1.34346
2026-01-13 18:00:00+00:00,21593,1.34326,1.34401,1.34206,1.3421,1.34346,1.34419,1.34224,1.34235
2026-01-13 22:00:00+00:00,13531,1.34194,1.34275,1.34188,1.34216,1.34316,1.34316,1.34208,1.34238
2026-01-14 02:00:00+00:00,18807,1.34217,1.34469,1.34202,1.34348,1.34238,1.34488,1.34222,1.34366
2026-01-14 06:00:00+00:00,31178,1.34349,1.3458,1.34335,1.34561,1.34366,1.346,1.34353,1.34579
2026-01-14 10:00:00+00:00,36141,1.34559,1.34579,1.34379,1.34439,1.34579,1.34598,1.34395,1.34459
2026-01-14 14:00:00+00:00,52033,1.34437,1.34634,1.34293,1.3431,1.34456,1.34653,1.34313,1.34329
2026-01-14 18:00:00+00:00,22190,1.3431,1.34462,1.34239,1.34459,1.34328,1.34485,1.34255,1.34481
2026-01-14 22:00:00+00:00,20591,1.34404,1.34451,1.34265,1.34345,1.34457,1.34483,1.34283,1.34364
2026-01-15 02:00:00+00:00,21353,1.34339,1.34339,1.34223,1.34265,1.34358,1.34359,1.34241,1.34283
2026-01-15 06:00:00+00:00,35222,1.34266,1.34444,1.34226,1.34358,1.34283,1.34463,1.34248,1.34379
2026-01-15 10:00:00+00:00,35182,1.34359,1.34379,1.33681,1.33722,1.34379,1.34397,1.33697,1.3374
2026-01-15 14:00:00+00:00,45103,1.33722,1.33932,1.33618,1.33867,1.33741,1.33949,1.33638,1.33884
2026-01-15 18:00:00+00:00,20446,1.33866,1.33931,1.33735,1.33792,1.33884,1.33948,1.33755,1.33854
2026-01-15 22:00:00+00:00,15921,1.33732,1.3383,1.33696,1.33788,1.33822,1.33865,1.33715,1.33806
2026-01-16 02:00:00+00:00,21377,1.33788,1.33905,1.33779,1.33821,1.33807,1.33923,1.33797,1.33841
2026-01-16 06:00:00+00:00,26760,1.33822,1.34044,1.33762,1.33961,1.33841,1.34062,1.3378,1.33979
2026-01-16 10:00:00+00:00,32640,1.33961,1.34122,1.33876,1.34028,1.3398,1.34141,1.33895,1.34044
2026-01-16 14:00:00+00:00,57121,1.34025,1.34043,1.33654,1.33777,1.34044,1.34063,1.3367,1.33797
2026-01-16 18:00:00+00:00,22379,1.33776,1.33864,1.33728,1.33738,1.33795,1.33882,1.33747,1.33853
2026-01-18 22:00:00+00:00,40971,1.33472,1.34079,1.33404,1.33908,1.33609,1.341,1.33467,1.33926
2026-01-19 02:00:00+00:00,46609,1.33909,1.34052,1.33804,1.3394,1.33928,1.34071,1.33822,1.3396
2026-01-19 06:00:00+00:00,43054,1.33938,1.34147,1.33833,1.34054,1.3396,1.34167,1.33852,1.34069
2026-01-19 10:00:00+00:00,31471,1.34052,1.34161,1.3401,1.34128,1.3407,1.34179,1.34031,1.34144
2026-01-19 14:00:00+00:00,27263,1.34128,1.34344,1.34096,1.34305,1.34145,1.34362,1.34113,1.34323
2026-01-19 18:00:00+00:00,8017,1.34304,1.34329,1.34214,1.34245,1.34324,1.34348,1.34236,1.34272
2026-01-19 22:00:00+00:00,15886,1.34225,1.34265,1.34092,1.34229,1.34304,1.34365,1.34111,1.34249
2026-01-20 02:00:00+00:00,20720,1.34229,1.34489,1.34189,1.34406,1.3425,1.34509,1.34208,1.34427
2026-01-20 06:00:00+00:00,60276,1.34406,1.3491,1.34248,1.34739,1.34426,1.34925,1.34269,1.34758
2026-01-20 10:00:00+00:00,60513,1.34737,1.34844,1.34387,1.34516,1.34757,1.34861,1.34404,1.34532
2026-01-20 14:00:00+00:00,61757,1.34519,1.34764,1.34396,1.34555,1.34536,1.34782,1.34416,1.34574
2026-01-20 18:00:00+00:00,25878,1.34553,1.34567,1.34243,1.34384,1.34573,1.34585,1.34263,1.34492
2026-01-20 22:00:00+00:00,19139,1.34349,1.34559,1.34323,1.34515,1.34549,1.34582,1.34343,1.3453
2026-01-21 02:00:00+00:00,22550,1.34514,1.34536,1.3432,1.34365,1.3453,1.34558,1.34342,1.34387
2026-01-21 06:00:00+00:00,35932,1.34366,1.34481,1.3408,1.34095,1.34387,1.34502,1.34097,1.34114
2026-01-21 10:00:00+00:00,47378,1.34095,1.34433,1.34005,1.34409,1.34113,1.34453,1.34024,1.34429
2026-01-21 14:00:00+00:00,72553,1.34409,1.34583,1.34154,1.3427,1.34428,1.34604,1.34175,1.34289
2026-01-21 18:00:00+00:00,36955,1.3427,1.34315,1.34086,1.34304,1.3429,1.34348,1.34107,1.34348
2026-01-21 22:00:00+00:00,20268,1.34248,1.34309,1.34158,1.34294,1.34402,1.3442,1.34178,1.34314
2026-01-22 02:00:00+00:00,21429,1.34294,1.34384,1.34216,1.34283,1.34315,1.34405,1.34235,1.343
2026-01-22 06:00:00+00:00,38231,1.34284,1.34458,1.34087,1.34432,1.343,1.34476,1.34106,1.34453
2026-01-22 10:00:00+00:00,56602,1.34432,1.3452,1.34004,1.34221,1.34451,1.34539,1.34025,1.3424
2026-01-22 14:00:00+00:00,55749,1.34221,1.34981,1.34214,1.34915,1.34239,1.35001,1.34232,1.34933
2026-01-22 18:00:00+00:00,20602,1.34913,1.35065,1.34853,1.34997,1.34932,1.35082,1.34872,1.3506
2026-01-22 22:00:00+00:00,21238,1.3485,1.35077,1.34826,1.3497,1.3505,1.35102,1.34961,1.3499
2026-01-23 02:00:00+00:00,24564,1.34971,1.34999,1.34876,1.34974,1.3499,1.35017,1.34898,1.34993
2026-01-23 06:00:00+00:00,55821,1.34976,1.35341,1.34818,1.35294,1.34993,1.35359,1.34835,1.35311
2026-01-23 10:00:00+00:00,41524,1.35294,1.35355,1.35136,1.35242,1.35312,1.35375,1.35155,1.3526
2026-01-23 14:00:00+00:00,61478,1.3524,1.36222,1.35197,1.36075,1.3526,1.36242,1.35216,1.36092
2026-01-23 18:00:00+00:00,45979,1.36076,1.36448,1.35911,1.36413,1.36092,1.36508,1.3593,1.36494
2026-01-25 22:00:00+00:00,38828,1.3662,1.36822,1.36424,1.36599,1.36722,1.36874,1.36443,1.3662
2026-01-26 02:00:00+00:00,34386,1.366,1.3679,1.36523,1.36658,1.3662,1.36807,1.36544,1.36677
2026-01-26 06:00:00+00:00,54111,1.36659,1.36762,1.36422,1.36713,1.36677,1.36781,1.36439,1.3673
2026-01-26 10:00:00+00:00,42951,1.36714,1.36748,1.36421,1.36607,1.36733,1.36768,1.36441,1.36626
2026-01-26 14:00:00+00:00,55638,1.36607,1.37124,1.36571,1.36872,1.36627,1.37145,1.36593,1.36891
2026-01-26 18:00:00+00:00,30063,1.36874,1.37005,1.36736,1.3677,1.36894,1.37025,1.36757,1.36812
2026-01-26 22:00:00+00:00,20937,1.36726,1.36819,1.36687,1.36788,1.36828,1.36841,1.3671,1.36809
2026-01-27 02:00:00+00:00,28305,1.36787,1.36999,1.36707,1.36776,1.36809,1.37017,1.36726,1.36793
2026-01-27 06:00:00+00:00,44914,1.36775,1.36992,1.36629,1.36983,1.36791,1.37011,1.36648,1.37004
2026-01-27 10:00:00+00:00,66312,1.36982,1.37479,1.36823,1.37343,1.37004,1.37497,1.36841,1.37362
2026-01-27 14:00:00+00:00,77080,1.37343,1.37902,1.37304,1.37866,1.37364,1.3792,1.37325,1.37885
2026-01-27 18:00:00+00:00,68728,1.37865,1.38688,1.37737,1.38461,1.37885,1.38713,1.37755,1.38502
2026-01-27 22:00:00+00:00,30350,1.38336,1.38463,1.37983,1.37991,1.38536,1.3856,1.38002,1.38011
2026-01-28 02:00:00+00:00,34942,1.37992,1.38097,1.37881,1.38042,1.38011,1.38115,1.37901,1.38058
2026-01-28 06:00:00+00:00,59972,1.38042,1.38303,1.37741,1.37863,1.3806,1.38325,1.37761,1.37881
2026-01-28 10:00:00+00:00,55492,1.37863,1.37991,1.3764,1.37693,1.3788,1.38011,1.37659,1.37711
2026-01-28 14:00:00+00:00,89972,1.37694,1.38005,1.37485,1.37884,1.37711,1.38026,1.37504,1.37903
2026-01-28 18:00:00+00:00,65574,1.37886,1.38104,1.37512,1.38049,1.37903,1.38127,1.37533,1.38115
2026-01-28 22:00:00+00:00,47856,1.37985,1.38344,1.37889,1.38021,1.38123,1.38359,1.38012,1.38039
2026-01-29 02:00:00+00:00,43291,1.38021,1.38432,1.37924,1.3837,1.3804,1.3845,1.37943,1.38391
2026-01-29 06:00:00+00:00,58091,1.38368,1.38472,1.37997,1.38025,1.38391,1.38492,1.38015,1.38046
2026-01-29 10:00:00+00:00,52847,1.38026,1.38175,1.37795,1.38052,1.38046,1.38198,1.37815,1.38071
2026-01-29 14:00:00+00:00,125325,1.38055,1.38332,1.37415,1.3797,1.38072,1.38351,1.37433,1.37989
2026-01-29 18:00:00+00:00,48255,1.37967,1.38129,1.37871,1.38093,1.37988,1.38149,1.37892,1.3812
2026-01-29 22:00:00+00:00,39381,1.37966,1.38137,1.37573,1.37603,1.38166,1.38221,1.37596,1.3762
2026-01-30 02:00:00+00:00,64735,1.37604,1.37665,1.37307,1.37549,1.37623,1.37687,1.37329,1.37568
2026-01-30 06:00:00+00:00,77138,1.37549,1.37824,1.37241,1.37329,1.37569,1.37841,1.37259,1.37351
2026-01-30 10:00:00+00:00,71997,1.37329,1.37868,1.37317,1.37438,1.3735,1.37888,1.37333,1.37459
2026-01-30 14:00:00+00:00,112771,1.37436,1.37568,1.36988,1.37082,1.37456,1.37589,1.37008,1.37099
2026-01-30 18:00:00+00:00,71376,1.3708,1.37178,1.36783,1.36814,1.37098,1.37196,1.36803,1.36949
2026-02-01 22:00:00+00:00,58773,1.36865,1.3705,1.36611,1.36927,1.37065,1.37071,1.36635,1.36948
2026-02-02 02:00:00+00:00,66850,1.36927,1.36991,1.36595,1.36713,1.36947,1.37011,1.36614,1.36735
2026-02-02 06:00:00+00:00,73058,1.36714,1.37099,1.36609,1.37082,1.36735,1.37119,1.36627,1.371
2026-02-02 10:00:00+00:00,67402,1.3708,1.37144,1.36484,1.36507,1.37096,1.37165,1.36503,1.36526
2026-02-02 14:00:00+00:00,82596,1.36506,1.3676,1.36223,1.36593,1.36526,1.3678,1.36241,1.36613
2026-02-02 18:00:00+00:00,35400,1.36592,1.36677,1.36427,1.36662,1.36613,1.36702,1.36445,1.3669
2026-02-02 22:00:00+00:00,24519,1.36624,1.36854,1.36591,1.36854,1.36668,1.36873,1.36613,1.36872
2026-02-03 02:00:00+00:00,34849,1.36853,1.36933,1.36703,1.36889,1.36869,1.36954,1.36724,1.36909
2026-02-03 06:00:00+00:00,54839,1.36889,1.37056,1.36655,1.36658,1.3691,1.37077,1.36674,1.36679
2026-02-03 10:00:00+00:00,49782,1.36659,1.36888,1.36496,1.36693,1.36679,1.36906,1.36517,1.3671
2026-02-03 14:00:00+00:00,72214,1.36693,1.37063,1.36553,1.36949,1.36711,1.37082,1.36574,1.36967
2026-02-03 18:00:00+00:00,37893,1.36948,1.37014,1.36723,1.36961,1.36967,1.37035,1.36743,1.36988
2026-02-03 22:00:00+00:00,22230,1.36879,1.37094,1.36879,1.37054,1.37044,1.37114,1.36919,1.37074
2026-02-04 02:00:00+00:00,26696,1.37057,1.37189,1.36958,1.37143,1.37076,1.37209,1.36979,1.37162
2026-02-04 06:00:00+00:00,44133,1.37143,1.37324,1.37002,1.3708,1.37161,1.37344,1.37021,1.371
2026-02-04 10:00:00+00:00,45896,1.3708,1.37283,1.36937,1.37125,1.37099,1.37302,1.3696,1.37144
2026-02-04 14:00:00+00:00,79472,1.37127,1.3717,1.36422,1.36453,1.37144,1.37189,1.36441,1.36474
2026-02-04 18:00:00+00:00,35643,1.36453,1.36628,1.36414,1.36517,1.36473,1.36645,1.36433,1.36543
2026-02-04 22:00:00+00:00,20333,1.36503,1.36532,1.36409,1.36471,1.36703,1.36703,1.36444,1.36491
2026-02-05 02:00:00+00:00,32318,1.36472,1.36474,1.36153,1.36191,1.36493,1.36494,1.36173,1.36209
2026-02-05 06:00:00+00:00,45908,1.3619,1.3632,1.35557,1.35648,1.36211,1.36339,1.35577,1.35668
2026-02-05 10:00:00+00:00,76289,1.35648,1.36144,1.35391,1.35843,1.3567,1.36174,1.35412,1.3586
2026-02-05 14:00:00+00:00,87144,1.35843,1.35884,1.35166,1.355,1.35859,1.35903,1.35189,1.35522
2026-02-05 18:00:00+00:00,31452,1.35501,1.35562,1.3524,1.35275,1.35522,1.35581,1.35259,1.35348
2026-02-05 22:00:00+00:00,26652,1.35263,1.3542,1.35076,1.35393,1.35435,1.35486,1.35097,1.35414
2026-02-06 02:00:00+00:00,25722,1.35393,1.35691,1.35391,1.35687,1.35412,1.35712,1.35411,1.35705
2026-02-06 06:00:00+00:00,40822,1.35686,1.35816,1.35572,1.35761,1.35703,1.35835,1.35593,1.35782
2026-02-06 10:00:00+00:00,32789,1.35761,1.35954,1.35709,1.3588,1.35781,1.35973,1.3573,1.35898
2026-02-06 14:00:00+00:00,47078,1.35879,1.36228,1.35865,1.36173,1.35898,1.36247,1.35885,1.36191
2026-02-06 18:00:00+00:00,20602,1.36172,1.36223,1.36041,1.36041,1.36191,1.36242,1.36103,1.36198
2026-02-08 22:00:00+00:00,26959,1.3588,1.36197,1.35869,1.36006,1.3608,1.36218,1.35889,1.36022
2026-02-09 02:00:00+00:00,12965,1.36005,1.36164,1.359,1.36134,1.36022,1.36182,1.35919,1.36154
2026-02-09 06:00:00+00:00,44420,1.36131,1.36281,1.35855,1.35999,1.36151,1.36303,1.35875,1.36016
2026-02-09 10:00:00+00:00,51235,1.35999,1.36691,1.35922,1.365,1.36015,1.36712,1.35944,1.36522
2026-02-09 14:00:00+00:00,59685,1.36502,1.36903,1.36205,1.36709,1.36523,1.36923,1.36225,1.36726
2026-02-09 18:00:00+00:00,30038,1.36709,1.36996,1.36634,1.3694,1.36724,1.37016,1.36656,1.36983
2026-02-09 22:00:00+00:00,18118,1.36943,1.36961,1.36713,1.36835,1.3697,1.37096,1.36733,1.36855
2026-02-10 02:00:00+00:00,20209,1.36835,1.36954,1.36734,1.36773,1.36856,1.36973,1.36756,1.36793
2026-02-10 06:00:00+00:00,33026,1.3677,1.36836,1.36627,1.36674,1.3679,1.36854,1.36647,1.36689
2026-02-10 10:00:00+00:00,42104,1.36673,1.36918,1.36569,1.36804,1.36689,1.36938,1.36589,1.36822
2026-02-10 14:00:00+00:00,56533,1.36805,1.36957,1.36429,1.36526,1.36822,1.36977,1.36447,1.36547
2026-02-10 18:00:00+00:00,23256,1.36527,1.36566,1.36375,1.36422,1.36547,1.36586,1.36399,1.36441
2026-02-10 22:00:00+00:00,22104,1.36361,1.36484,1.36303,1.36433,1.36557,1.36631,1.36328,1.36453
2026-02-11 02:00:00+00:00,19222,1.36432,1.36693,1.36431,1.36689,1.36453,1.36713,1.36452,1.36709
2026-02-11 06:00:00+00:00,31584,1.36689,1.36982,1.36634,1.36946,1.3671,1.37003,1.36654,1.36966
2026-02-11 10:00:00+00:00,56992,1.36946,1.37115,1.36084,1.36409,1.36965,1.37134,1.36107,1.36426
2026-02-11 14:00:00+00:00,83879,1.36407,1.36695,1.36256,1.36569,1.36426,1.36712,1.36277,1.36588
2026-02-11 18:00:00+00:00,29168,1.36568,1.36583,1.36181,1.36273,1.36588,1.36602,1.36201,1.36302
2026-02-11 22:00:00+00:00,16495,1.36161,1.36393,1.36146,1.36392,1.36318,1.36412,1.36167,1.36408
2026-02-12 02:00:00+00:00,23903,1.36391,1.36413,1.36165,1.36209,1.36409,1.36434,1.36185,1.36229
2026-02-12 06:00:00+00:00,37885,1.36209,1.36531,1.36037,1.36484,1.3623,1.36549,1.36055,1.36501
2026-02-12 10:00:00+00:00,34797,1.36485,1.36511,1.36209,1.36491,1.36504,1.3653,1.36228,1.36509
2026-02-12 14:00:00+00:00,78275,1.36492,1.36707,1.36153,1.36182,1.36511,1.36725,1.3617,1.36202
2026-02-12 18:00:00+00:00,34459,1.36182,1.36259,1.36039,1.36212,1.36203,1.36275,1.36059,1.36235
2026-02-12 22:00:00+00:00,15988,1.36119,1.36236,1.36087,1.36158,1.36319,1.36342,1.36131,1.36181
2026-02-13 02:00:00+00:00,18393,1.36158,1.36232,1.35987,1.36029,1.36182,1.36253,1.36008,1.3605
2026-02-13 06:00:00+00:00,33821,1.36029,1.36287,1.35896,1.36215,1.36049,1.36306,1.35915,1.36237
2026-02-13 10:00:00+00:00,44548,1.36217,1.36447,1.35978,1.36327,1.36238,1.36474,1.35999,1.36344
2026-02-13 14:00:00+00:00,64928,1.36327,1.36586,1.36059,1.36476,1.36342,1.36606,1.3608,1.36495
2026-02-13 18:00:00+00:00,28379,1.36477,1.36572,1.36404,1.3651,1.36495,1.36596,1.36424,1.36596
2026-02-15 22:00:00+00:00,22081,1.36361,1.36483,1.36356,1.36424,1.36561,1.36591,1.36381,1.36446
2026-02-16 02:00:00+00:00,14919,1.36425,1.36447,1.36346,1.36381,1.36445,1.36467,1.36364,1.36402
2026-02-16 06:00:00+00:00,24056,1.36381,1.36612,1.36348,1.36438,1.36401,1.3663,1.36369,1.36458
2026-02-16 10:00:00+00:00,19565,1.36435,1.3651,1.36279,1.36324,1.36457,1.36532,1.36299,1.36343
2026-02-16 14:00:00+00:00,15954,1.36322,1.36396,1.36247,1.36262,1.36342,1.36414,1.36269,1.36282
2026-02-16 18:00:00+00:00,5095,1.36263,1.36322,1.36245,1.36291,1.36282,1.36342,1.36264,1.36322
2026-02-16 22:00:00+00:00,15022,1.36226,1.36291,1.36129,1.36157,1.36426,1.3644,1.3615,1.36177
2026-02-17 02:00:00+00:00,16617,1.36156,1.36194,1.36026,1.36063,1.36175,1.36214,1.36046,1.36084
2026-02-17 06:00:00+00:00,30556,1.36063,1.36139,1.35513,1.35902,1.36086,1.3616,1.35534,1.35925
2026-02-17 10:00:00+00:00,34618,1.35904,1.36054,1.35235,1.3524,1.35924,1.36075,1.35255,1.35258
2026-02-17 14:00:00+00:00,51673,1.35239,1.35491,1.34948,1.35457,1.35258,1.35512,1.3497,1.35476
2026-02-17 18:00:00+00:00,18380,1.35457,1.35684,1.35403,1.35662,1.35477,1.35701,1.35422,1.35688
2026-02-17 22:00:00+00:00,13795,1.35545,1.35711,1.35531,1.35574,1.35745,1.35755,1.35551,1.35596
2026-02-18 02:00:00+00:00,11791,1.35577,1.35587,1.35488,1.3558,1.35598,1.35607,1.35509,1.35599
2026-02-18 06:00:00+00:00,26640,1.35581,1.35785,1.35527,1.35737,1.35599,1.35806,1.35547,1.35756
2026-02-18 10:00:00+00:00,22953,1.35737,1.35813,1.35511,1.35511,1.35755,1.35833,1.3553,1.35531
2026-02-18 14:00:00+00:00,41448,1.35512,1.35576,1.35118,1.35213,1.35531,1.35596,1.35136,1.35229
2026-02-18 18:00:00+00:00,25099,1.35213,1.35246,1.34906,1.34923,1.3523,1.35266,1.34931,1.34946
2026-02-18 22:00:00+00:00,13840,1.3492,1.34977,1.34872,1.34954,1.34948,1.35085,1.34894,1.34973
2026-02-19 02:00:00+00:00,12851,1.34954,1.3497,1.34795,1.34864,1.34975,1.34991,1.34817,1.34884
2026-02-19 06:00:00+00:00,21932,1.34864,1.35159,1.3484,1.35036,1.34886,1.3518,1.34862,1.35055
2026-02-19 10:00:00+00:00,32574,1.35036,1.35065,1.34481,1.34663,1.35056,1.35083,1.345,1.3468
2026-02-19 14:00:00+00:00,55965,1.3466,1.34731,1.34331,1.34514,1.3468,1.34753,1.34351,1.34536
2026-02-19 18:00:00+00:00,23154,1.34516,1.34727,1.34463,1.34625,1.34536,1.34744,1.3448,1.34656
2026-02-19 22:00:00+00:00,16271,1.34619,1.34702,1.34406,1.34459,1.34685,1.34736,1.34426,1.3448
2026-02-20 02:00:00+00:00,18973,1.3446,1.34479,1.34341,1.34444,1.3448,1.345,1.34362,1.34469
2026-02-20 06:00:00+00:00,32519,1.34446,1.34783,1.34353,1.3466,1.34469,1.34803,1.34372,1.3468
2026-02-20 10:00:00+00:00,34404,1.34663,1.34967,1.34607,1.34856,1.34681,1.34995,1.34628,1.34876
2026-02-20 14:00:00+00:00,94445,1.34854,1.35145,1.34598,1.34887,1.34873,1.35163,1.3462,1.34906
2026-02-20 18:00:00+00:00,40979,1.34886,1.3506,1.34743,1.34743,1.34907,1.35083,1.34798,1.34827
2026-02-22 22:00:00+00:00,26531,1.34815,1.35325,1.34757,1.35182,1.35015,1.35346,1.34866,1.35204
2026-02-23 02:00:00+00:00,22231,1.35181,1.35277,1.35096,1.35194,1.35204,1.35298,1.35114,1.35213
2026-02-23 06:00:00+00:00,31092,1.35193,1.35344,1.35048,1.35076,1.35214,1.35363,1.35067,1.35094
2026-02-23 10:00:00+00:00,33260,1.35076,1.35121,1.34747,1.35051,1.35093,1.35139,1.34764,1.35072
2026-02-23 14:00:00+00:00,55363,1.35052,1.35241,1.34838,1.34949,1.35071,1.35259,1.34857,1.34968
2026-02-23 18:00:00+00:00,24157,1.34948,1.35007,1.34846,1.3491,1.34968,1.35026,1.34866,1.34934
2026-02-23 22:00:00+00:00,34704,1.34829,1.34989,1.34768,1.34897,1.35029,1.35029,1.34788,1.34918
2026-02-24 02:00:00+00:00,19077,1.34896,1.35005,1.34782,1.34878,1.34918,1.35025,1.34802,1.34898
2026-02-24 06:00:00+00:00,35280,1.34878,1.35019,1.3469,1.34989,1.34897,1.35038,1.3471,1.35007
2026-02-24 10:00:00+00:00,31891,1.34989,1.35053,1.34757,1.34854,1.35009,1.35072,1.34775,1.34871
2026-02-24 14:00:00+00:00,47903,1.3485,1.35358,1.34789,1.35174,1.34872,1.35376,1.34811,1.35193
2026-02-24 18:00:00+00:00,20154,1.35174,1.35192,1.34866,1.34873,1.35192,1.3521,1.34896,1.3491
2026-02-24 22:00:00+00:00,15988,1.34846,1.35058,1.3484,1.35016,1.34994,1.35078,1.34917,1.35039
2026-02-25 02:00:00+00:00,30158,1.35018,1.35242,1.35015,1.35208,1.35039,1.35261,1.35035,1.35227
2026-02-25 06:00:00+00:00,34072,1.35208,1.35332,1.35089,1.3517,1.35229,1.35349,1.35107,1.35189
2026-02-25 10:00:00+00:00,30463,1.3517,1.35347,1.34904,1.35073,1.35191,1.35365,1.3492,1.35093
2026-02-25 14:00:00+00:00,43077,1.35073,1.35651,1.35058,1.3555,1.35092,1.3567,1.35075,1.35568
2026-02-25 18:00:00+00:00,15702,1.35552,1.35599,1.3547,1.35579,1.35569,1.35624,1.35489,1.3561
2026-02-25 22:00:00+00:00,19348,1.3552,1.35729,1.35462,1.35725,1.3562,1.3575,1.35545,1.35745
2026-02-26 02:00:00+00:00,18727,1.35725,1.35742,1.35486,1.35596,1.35746,1.35762,1.35506,1.35618
2026-02-26 06:00:00+00:00,30905,1.35597,1.35616,1.35184,1.35266,1.3562,1.35637,1.35202,1.35285
2026-02-26 10:00:00+00:00,29003,1.35266,1.35558,1.35229,1.35358,1.35287,1.35579,1.35247,1.35377
2026-02-26 14:00:00+00:00,57021,1.35358,1.35534,1.34482,1.345,1.35375,1.35551,1.34501,1.3452
2026-02-26 18:00:00+00:00,22278,1.345,1.34923,1.34443,1.34814,1.34521,1.34943,1.34463,1.34858
2026-02-26 22:00:00+00:00,17569,1.34772,1.34928,1.34753,1.34759,1.34902,1.34946,1.34774,1.34778
2026-02-27 02:00:00+00:00,19268,1.34763,1.35003,1.34763,1.34889,1.3478,1.35024,1.3478,1.34909
2026-02-27 06:00:00+00:00,33076,1.34887,1.35073,1.34607,1.34837,1.34905,1.35092,1.34626,1.34855
2026-02-27 10:00:00+00:00,35411,1.34838,1.34857,1.34387,1.3444,1.34857,1.34877,1.34405,1.34456
2026-02-27 14:00:00+00:00,53754,1.34441,1.34759,1.34402,1.34591,1.34458,1.34779,1.34422,1.34611
2026-02-27 18:00:00+00:00,22754,1.34594,1.34898,1.34588,1.34812,1.34611,1.34935,1.34609,1.34923
2026-03-01 22:00:00+00:00,43019,1.34055,1.34532,1.33996,1.34496,1.34118,1.3455,1.34015,1.34517
2026-03-02 02:00:00+00:00,30761,1.34496,1.34551,1.34135,1.34141,1.34516,1.34571,1.34157,1.34161
2026-03-02 06:00:00+00:00,65504,1.3414,1.34148,1.33134,1.33718,1.34161,1.34169,1.33152,1.33737
2026-03-02 10:00:00+00:00,52402,1.33717,1.34254,1.33717,1.33818,1.33737,1.34275,1.33735,1.33839
2026-03-02 14:00:00+00:00,74529,1.33816,1.34245,1.33589,1.34147,1.33833,1.34268,1.33607,1.34165
2026-03-02 18:00:00+00:00,36885,1.34147,1.3431,1.33852,1.3404,1.34164,1.34329,1.33871,1.34067
2026-03-02 22:00:00+00:00,21854,1.34033,1.34243,1.33918,1.34082,1.34117,1.34264,1.33988,1.34103
2026-03-03 02:00:00+00:00,37257,1.34082,1.34117,1.33601,1.33624,1.34104,1.34137,1.33621,1.33645
2026-03-03 06:00:00+00:00,58719,1.33623,1.33655,1.32801,1.32969,1.33646,1.33677,1.3282,1.32989
2026-03-03 10:00:00+00:00,73293,1.32969,1.33267,1.32616,1.33003,1.32988,1.33285,1.32635,1.33022
2026-03-03 14:00:00+00:00,111121,1.33002,1.33367,1.32523,1.33224,1.33022,1.33386,1.3254,1.33242
2026-03-03 18:00:00+00:00,51332,1.33222,1.33693,1.33215,1.33554,1.33242,1.33711,1.33236,1.33576
2026-03-03 22:00:00+00:00,34013,1.33471,1.33626,1.33023,1.33247,1.33671,1.33682,1.33046,1.33268
2026-03-04 02:00:00+00:00,41231,1.33247,1.33406,1.33101,1.3317,1.33266,1.33426,1.33123,1.33187
2026-03-04 06:00:00+00:00,60676,1.33169,1.33754,1.33046,1.33598,1.33187,1.33773,1.33066,1.33618
2026-03-04 10:00:00+00:00,69767,1.33601,1.34026,1.33477,1.3362,1.3362,1.34047,1.33496,1.33635
2026-03-04 14:00:00+00:00,78074,1.33616,1.3384,1.33456,1.33602,1.33634,1.33858,1.33475,1.3362
2026-03-04 18:00:00+00:00,26611,1.33603,1.338,1.33457,1.33687,1.3362,1.33818,1.33479,1.33766
2026-03-04 22:00:00+00:00,28306,1.33631,1.33861,1.33631,1.33664,1.33825,1.33883,1.33658,1.33682
2026-03-05 02:00:00+00:00,36630,1.33663,1.33707,1.33124,1.33131,1.33682,1.33727,1.33146,1.33154
2026-03-05 06:00:00+00:00,75172,1.3313,1.3376,1.3305,1.3354,1.33154,1.33783,1.33069,1.33559
2026-03-05 10:00:00+00:00,57520,1.3354,1.33729,1.33317,1.33447,1.33558,1.3375,1.33337,1.33468
2026-03-05 14:00:00+00:00,81551,1.33445,1.33593,1.32964,1.33287,1.33466,1.33609,1.32986,1.33309
2026-03-05 18:00:00+00:00,54202,1.3329,1.33644,1.3317,1.3357,1.33309,1.33666,1.33191,1.33608
2026-03-05 22:00:00+00:00,26439,1.33417,1.33707,1.3327,1.33642,1.33617,1.3373,1.33457,1.33663
2026-03-06 02:00:00+00:00,27896,1.33642,1.33723,1.33543,1.33553,1.33661,1.33745,1.33563,1.33574
2026-03-06 06:00:00+00:00,45421,1.33554,1.33786,1.33172,1.3323,1.33573,1.33806,1.33192,1.33249
2026-03-06 10:00:00+00:00,81506,1.33231,1.33882,1.33104,1.33376,1.33248,1.33994,1.33125,1.33396
2026-03-06 14:00:00+00:00,112253,1.33379,1.34087,1.33244,1.33862,1.33395,1.34108,1.33265,1.33881
2026-03-06 18:00:00+00:00,58412,1.33862,1.34093,1.33772,1.34064,1.33883,1.34181,1.33791,1.34146
2026-03-08 21:00:00+00:00,36069,1.33307,1.33536,1.32955,1.32994,1.3346,1.33639,1.32975,1.33014
2026-03-09 01:00:00+00:00,54484,1.32993,1.33095,1.32821,1.32968,1.33015,1.33115,1.32842,1.32989
2026-03-09 05:00:00+00:00,79428,1.32969,1.33503,1.32952,1.33181,1.32989,1.33523,1.32971,1.33201
2026-03-09 09:00:00+00:00,82860,1.33182,1.33627,1.33131,1.33516,1.33201,1.33649,1.33149,1.33533
2026-03-09 13:00:00+00:00,87898,1.33516,1.34081,1.33452,1.33901,1.33536,1.34097,1.33473,1.3392
2026-03-09 17:00:00+00:00,67358,1.33899,1.34458,1.33811,1.3441,1.33919,1.34483,1.3383,1.34457
2026-03-09 21:00:00+00:00,27021,1.34396,1.34471,1.3417,1.34343,1.34486,1.34504,1.34192,1.34362
2026-03-10 01:00:00+00:00,38819,1.34343,1.34383,1.34126,1.34239,1.34361,1.34406,1.34147,1.34258
2026-03-10 05:00:00+00:00,46435,1.34239,1.34825,1.34236,1.34587,1.34254,1.34846,1.34254,1.34602
2026-03-10 09:00:00+00:00,61317,1.34588,1.34679,1.34296,1.34406,1.34608,1.34697,1.34316,1.34427
2026-03-10 13:00:00+00:00,65399,1.34405,1.3472,1.34367,1.34619,1.34425,1.3474,1.34389,1.34639
2026-03-10 17:00:00+00:00,68894,1.34622,1.34802,1.34113,1.34157,1.34639,1.34821,1.34129,1.3418
2026-03-10 21:00:00+00:00,23798,1.34161,1.34364,1.34092,1.34298,1.342,1.34385,1.34112,1.34318
2026-03-11 01:00:00+00:00,34689,1.34297,1.34567,1.34253,1.34533,1.34319,1.34587,1.34273,1.34553
2026-03-11 05:00:00+00:00,46788,1.34534,1.34558,1.34092,1.3426,1.34553,1.34577,1.3411,1.34276
2026-03-11 09:00:00+00:00,63839,1.3426,1.34487,1.33937,1.33983,1.34277,1.34507,1.33955,1.34004
2026-03-11 13:00:00+00:00,75494,1.33985,1.34428,1.33925,1.34091,1.34004,1.34451,1.33945,1.34111
2026-03-11 17:00:00+00:00,31782,1.34094,1.34214,1.33977,1.34115,1.34112,1.34234,1.33996,1.34139
2026-03-11 21:00:00+00:00,17598,1.3409,1.34117,1.33689,1.33817,1.34128,1.34208,1.3371,1.33838
2026-03-12 01:00:00+00:00,30996,1.33818,1.33962,1.33604,1.33621,1.33837,1.33983,1.33625,1.33637
2026-03-12 05:00:00+00:00,37858,1.33619,1.33968,1.33606,1.33778,1.33637,1.33988,1.33628,1.33798
2026-03-12 09:00:00+00:00,39936,1.33779,1.34088,1.33669,1.33773,1.33798,1.3411,1.3369,1.33791
2026-03-12 13:00:00+00:00,84215,1.33773,1.33911,1.33372,1.33473,1.33792,1.33928,1.33391,1.33493
2026-03-12 17:00:00+00:00,37374,1.33472,1.33606,1.33391,1.33424,1.3349,1.33627,1.33411,1.33448
2026-03-12 21:00:00+00:00,22609,1.33364,1.33642,1.33346,1.33623,1.33413,1.33661,1.33413,1.33645
2026-03-13 01:00:00+00:00,27456,1.33623,1.33687,1.33286,1.33306,1.33643,1.33708,1.33305,1.33325
2026-03-13 05:00:00+00:00,45541,1.33307,1.33367,1.32547,1.32597,1.33325,1.33388,1.32566,1.32616
2026-03-13 09:00:00+00:00,57730,1.32602,1.32851,1.32446,1.32704,1.3262,1.3287,1.32466,1.32725
2026-03-13 13:00:00+00:00,77601,1.32704,1.32887,1.32293,1.32432,1.32724,1.32908,1.32314,1.32451
2026-03-13 17:00:00+00:00,33094,1.32435,1.32522,1.32174,1.32194,1.32453,1.32543,1.32198,1.32292
2026-03-15 21:00:00+00:00,21881,1.32332,1.32635,1.32196,1.32623,1.32532,1.32655,1.3227,1.32644
2026-03-16 01:00:00+00:00,23945,1.32625,1.32651,1.32463,1.32503,1.32647,1.32672,1.32483,1.32524
2026-03-16 05:00:00+00:00,31691,1.32503,1.32556,1.32293,1.32511,1.32523,1.32576,1.32313,1.32531
2026-03-16 09:00:00+00:00,42611,1.32511,1.32892,1.32402,1.3277,1.3253,1.3291,1.32424,1.32789
2026-03-16 13:00:00+00:00,49938,1.3277,1.33166,1.3277,1.33025,1.32791,1.33186,1.32791,1.33044
2026-03-16 17:00:00+00:00,39818,1.33027,1.33391,1.32991,1.33182,1.33045,1.3341,1.33011,1.33205
2026-03-16 21:00:00+00:00,13320,1.33179,1.33191,1.32989,1.33018,1.33219,1.3327,1.33005,1.33036
2026-03-17 01:00:00+00:00,23100,1.33018,1.33148,1.32945,1.33107,1.33037,1.33165,1.32966,1.33128
2026-03-17 05:00:00+00:00,38497,1.33107,1.33307,1.32725,1.33281,1.33129,1.33324,1.32741,1.33301
2026-03-17 09:00:00+00:00,40391,1.3328,1.33388,1.33105,1.33315,1.33301,1.33409,1.33125,1.33335
2026-03-17 13:00:00+00:00,57923,1.33321,1.33595,1.33318,1.33465,1.33339,1.33613,1.33337,1.33484
2026-03-17 17:00:00+00:00,22758,1.33466,1.33638,1.33435,1.33545,1.33484,1.33656,1.33454,1.33572
2026-03-17 21:00:00+00:00,25852,1.33538,1.33623,1.33461,1.3351,1.33586,1.33669,1.33523,1.33528
2026-03-18 01:00:00+00:00,20250,1.33512,1.33643,1.33493,1.33628,1.33529,1.33664,1.33513,1.33648
2026-03-18 05:00:00+00:00,24568,1.33629,1.33738,1.33403,1.33493,1.33647,1.33755,1.33425,1.33512
2026-03-18 09:00:00+00:00,44663,1.33493,1.33705,1.33116,1.33137,1.33511,1.33722,1.33135,1.33157
2026-03-18 13:00:00+00:00,64426,1.33138,1.33364,1.33018,1.33346,1.33156,1.33382,1.33037,1.33363
2026-03-18 17:00:00+00:00,56610,1.33345,1.33497,1.32514,1.32565,1.33363,1.3352,1.32536,1.32586
2026-03-18 21:00:00+00:00,16697,1.32539,1.32846,1.32503,1.32845,1.32643,1.32866,1.32522,1.32865
2026-03-19 01:00:00+00:00,24257,1.32847,1.3297,1.32674,1.32716,1.32866,1.32991,1.32696,1.32739
2026-03-19 05:00:00+00:00,45112,1.32714,1.32763,1.32451,1.32525,1.32736,1.32781,1.32469,1.32545
2026-03-19 09:00:00+00:00,70510,1.32523,1.33093,1.32523,1.32981,1.32545,1.33119,1.32545,1.33001
2026-03-19 13:00:00+00:00,119794,1.32981,1.33891,1.32802,1.33685,1.32999,1.3391,1.32821,1.33703
2026-03-19 17:00:00+00:00,66480,1.33684,1.34664,1.33679,1.34294,1.33703,1.34685,1.33699,1.34331
2026-03-19 21:00:00+00:00,13221,1.34299,1.34413,1.34123,1.34229,1.34336,1.34524,1.34193,1.34251
2026-03-20 01:00:00+00:00,21993,1.34231,1.34283,1.34008,1.34019,1.34251,1.34304,1.34031,1.34041
2026-03-20 05:00:00+00:00,30535,1.34021,1.34357,1.33975,1.34163,1.34041,1.34377,1.33991,1.34184
2026-03-20 09:00:00+00:00,48712,1.34165,1.34171,1.33625,1.33805,1.34184,1.34192,1.33642,1.33823
2026-03-20 13:00:00+00:00,90319,1.33805,1.3382,1.32978,1.33222,1.33824,1.33838,1.32999,1.33242
2026-03-20 17:00:00+00:00,56384,1.33223,1.33525,1.33151,1.33388,1.33242,1.33546,1.33172,1.33425
2026-03-22 21:00:00+00:00,22690,1.3305,1.33382,1.32982,1.33192,1.33222,1.33405,1.33053,1.33209
2026-03-23 01:00:00+00:00,39291,1.33189,1.33425,1.3312,1.33232,1.33208,1.33443,1.3314,1.33249
2026-03-23 05:00:00+00:00,60068,1.3323,1.33302,1.32804,1.33079,1.33248,1.33323,1.32824,1.33099
2026-03-23 09:00:00+00:00,187890,1.33081,1.34334,1.3256,1.34285,1.33101,1.34359,1.32582,1.34304
2026-03-23 13:00:00+00:00,179985,1.34285,1.34784,1.33767,1.33998,1.34306,1.34806,1.33787,1.34017
2026-03-23 17:00:00+00:00,68178,1.33999,1.34573,1.33934,1.34254,1.34016,1.34595,1.33954,1.34281
2026-03-23 21:00:00+00:00,25575,1.34293,1.34356,1.33924,1.33999,1.34412,1.34462,1.33945,1.34021
2026-03-24 01:00:00+00:00,39157,1.33999,1.34079,1.33853,1.33935,1.34018,1.341,1.33875,1.33952
2026-03-24 05:00:00+00:00,67186,1.33935,1.34445,1.33845,1.33891,1.33953,1.34466,1.33867,1.33913
2026-03-24 09:00:00+00:00,58210,1.33896,1.34143,1.33784,1.33921,1.33913,1.34163,1.33813,1.33938
2026-03-24 13:00:00+00:00,93773,1.33918,1.34246,1.33643,1.33821,1.33936,1.34265,1.33661,1.33842
2026-03-24 17:00:00+00:00,79546,1.33823,1.34312,1.33513,1.34082,1.33841,1.34333,1.33532,1.3415
2026-03-24 21:00:00+00:00,31435,1.34038,1.34352,1.34012,1.3428,1.34093,1.34371,1.34056,1.34299
2026-03-25 01:00:00+00:00,32879,1.34279,1.34319,1.33904,1.3391,1.34299,1.34341,1.33924,1.3393
2026-03-25 05:00:00+00:00,49128,1.33911,1.34235,1.3369,1.34066,1.3393,1.34254,1.33711,1.34088
2026-03-25 09:00:00+00:00,51915,1.34066,1.34261,1.33884,1.33927,1.34087,1.34281,1.33906,1.33948
2026-03-25 13:00:00+00:00,71020,1.33928,1.33999,1.33579,1.33779,1.33948,1.34021,1.336,1.33798
2026-03-25 17:00:00+00:00,36154,1.3378,1.33918,1.33575,1.33637,1.33798,1.33937,1.33594,1.33668
2026-03-25 21:00:00+00:00,14521,1.33636,1.3368,1.33533,1.33581,1.33678,1.33756,1.33554,1.33599
2026-03-26 01:00:00+00:00,22180,1.33581,1.33672,1.33476,1.33647,1.33598,1.33691,1.33493,1.33663
2026-03-26 05:00:00+00:00,35365,1.33647,1.33664,1.33357,1.33522,1.33665,1.33683,1.33377,1.33539
2026-03-26 09:00:00+00:00,37059,1.33521,1.33608,1.33208,1.33297,1.33539,1.33626,1.33229,1.33312
2026-03-26 13:00:00+00:00,67148,1.33296,1.33775,1.33294,1.33365,1.33312,1.33793,1.3331,1.33383
2026-03-26 17:00:00+00:00,47187,1.33365,1.33677,1.33094,1.33281,1.33382,1.33705,1.3311,1.33334
2026-03-26 21:00:00+00:00,19877,1.33273,1.33393,1.33211,1.33328,1.3336,1.33462,1.33232,1.33348
2026-03-27 01:00:00+00:00,25807,1.33329,1.3346,1.3331,1.33422,1.33348,1.33479,1.33328,1.3344
2026-03-27 05:00:00+00:00,38122,1.33422,1.33464,1.33084,1.3313,1.33439,1.33485,1.33104,1.33149
2026-03-27 09:00:00+00:00,38813,1.33128,1.33172,1.3271,1.32812,1.33144,1.3319,1.3273,1.32829
2026-03-27 13:00:00+00:00,71103,1.32811,1.33318,1.3273,1.32758,1.32829,1.33339,1.3275,1.32776
2026-03-27 17:00:00+00:00,36682,1.32755,1.32877,1.32587,1.32589,1.32777,1.32897,1.32612,1.32645
2026-03-29 21:00:00+00:00,31257,1.32569,1.32638,1.32315,1.32514,1.32657,1.32811,1.32336,1.32534
2026-03-30 01:00:00+00:00,36423,1.32514,1.32763,1.32443,1.32672,1.32535,1.32785,1.32464,1.3269
2026-03-30 05:00:00+00:00,36335,1.32672,1.32817,1.32318,1.32339,1.32691,1.32838,1.32337,1.3236
2026-03-30 09:00:00+00:00,41618,1.32341,1.3253,1.32195,1.3227,1.3236,1.32551,1.32215,1.3229
2026-03-30 13:00:00+00:00,67528,1.32271,1.32332,1.31728,1.31896,1.3229,1.32352,1.31748,1.31916
2026-03-30 17:00:00+00:00,31971,1.31896,1.31962,1.31732,1.31823,1.31918,1.31983,1.31752,1.31857
2026-03-30 21:00:00+00:00,24223,1.31745,1.32021,1.31586,1.31995,1.31945,1.3204,1.31604,1.32016
2026-03-31 01:00:00+00:00,35755,1.31996,1.32236,1.31951,1.31962,1.32016,1.32257,1.31971,1.31982
2026-03-31 05:00:00+00:00,37651,1.31962,1.32187,1.31904,1.3211,1.31981,1.32207,1.31921,1.32131
2026-03-31 09:00:00+00:00,50422,1.3211,1.32478,1.3191,1.32361,1.32129,1.32497,1.3193,1.3238
2026-03-31 13:00:00+00:00,104914,1.32361,1.32634,1.31713,1.32151,1.32383,1.32655,1.31731,1.32168
2026-03-31 17:00:00+00:00,68339,1.32152,1.32473,1.3215,1.32215,1.32168,1.32494,1.32165,1.3236
2026-03-31 21:00:00+00:00,16333,1.32181,1.32537,1.32153,1.32455,1.32381,1.32557,1.32225,1.32476
2026-04-01 01:00:00+00:00,33973,1.3246,1.3247,1.32189,1.3242,1.32477,1.32486,1.32208,1.32439
2026-04-01 05:00:00+00:00,57666,1.3242,1.33001,1.32407,1.32882,1.3244,1.3302,1.32424,1.32899
2026-04-01 09:00:00+00:00,56209,1.32879,1.33258,1.32764,1.33049,1.32899,1.33283,1.32784,1.33068
2026-04-01 13:00:00+00:00,80698,1.33049,1.33382,1.32921,1.33379,1.33071,1.334,1.32943,1.33399
2026-04-01 17:00:00+00:00,41717,1.33379,1.33455,1.32919,1.33057,1.334,1.33473,1.3294,1.33084
2026-04-01 21:00:00+00:00,23877,1.32944,1.33137,1.32893,1.33113,1.33144,1.33185,1.32985,1.33134
2026-04-02 01:00:00+00:00,74802,1.33111,1.33199,1.32289,1.32352,1.33131,1.33219,1.32306,1.3237
2026-04-02 05:00:00+00:00,45573,1.32352,1.32372,1.31952,1.32006,1.32372,1.32391,1.31971,1.32026
2026-04-02 09:00:00+00:00,34606,1.32006,1.32179,1.31808,1.32135,1.32027,1.322,1.31828,1.32155
2026-04-02 13:00:00+00:00,84807,1.32133,1.32506,1.32011,1.32306,1.32153,1.32526,1.32031,1.32325
2026-04-02 17:00:00+00:00,31172,1.32305,1.32416,1.32199,1.32257,1.32323,1.32438,1.3222,1.32282
2026-04-02 21:00:00+00:00,11350,1.3215,1.32372,1.32113,1.32338,1.3235,1.32396,1.32242,1.32357
2026-04-03 01:00:00+00:00,6827,1.32337,1.32341,1.32208,1.32257,1.32357,1.3236,1.32228,1.32278
2026-04-03 05:00:00+00:00,8634,1.32256,1.32419,1.32211,1.32374,1.32278,1.3244,1.32232,1.32395
2026-04-03 09:00:00+00:00,14897,1.32372,1.32384,1.31925,1.32117,1.32392,1.3244,1.32058,1.32139
2026-04-03 13:00:00+00:00,19334,1.32119,1.32189,1.31929,1.31961,1.3214,1.32258,1.3197,1.31991
2026-04-03 17:00:00+00:00,13627,1.3196,1.3202,1.31816,1.31884,1.31992,1.32209,1.31907,1.32084
2026-04-05 21:00:00+00:00,24041,1.31894,1.31973,1.31761,1.31961,1.31953,1.31995,1.3178,1.31978
2026-04-06 01:00:00+00:00,30814,1.31961,1.32175,1.31897,1.32116,1.31979,1.32193,1.31918,1.32135
2026-04-06 05:00:00+00:00,32827,1.32116,1.32585,1.32086,1.32481,1.32134,1.32604,1.32103,1.32502
2026-04-06 09:00:00+00:00,31075,1.32481,1.3255,1.32318,1.32446,1.32501,1.32571,1.32338,1.32467
2026-04-06 13:00:00+00:00,54670,1.32446,1.32677,1.32229,1.32338,1.32466,1.32697,1.32249,1.32361
2026-04-06 17:00:00+00:00,35854,1.32337,1.32434,1.32169,1.32348,1.32361,1.32457,1.32191,1.32392
2026-04-06 21:00:00+00:00,20694,1.32311,1.32413,1.32286,1.32301,1.32448,1.32483,1.32307,1.32324
2026-04-07 01:00:00+00:00,29861,1.32302,1.32345,1.32106,1.32318,1.32324,1.32364,1.32126,1.32338
2026-04-07 05:00:00+00:00,52260,1.3232,1.32844,1.32179,1.32824,1.32341,1.32864,1.32201,1.32843
2026-04-07 09:00:00+00:00,51901,1.32822,1.32834,1.32356,1.32497,1.3284,1.32853,1.32374,1.32517
2026-04-07 13:00:00+00:00,75971,1.325,1.32664,1.32351,1.32494,1.32519,1.32683,1.32369,1.32514
2026-04-07 17:00:00+00:00,58567,1.32494,1.32998,1.32464,1.32923,1.32515,1.3302,1.32486,1.3296
2026-04-07 21:00:00+00:00,81998,1.32867,1.34098,1.328,1.33872,1.32924,1.34116,1.32897,1.3389
2026-04-08 01:00:00+00:00,53808,1.33871,1.34166,1.3385,1.34152,1.33891,1.34187,1.33873,1.34173
2026-04-08 05:00:00+00:00,64765,1.34155,1.34451,1.34055,1.34271,1.34175,1.34471,1.34078,1.3429
2026-04-08 09:00:00+00:00,51768,1.3427,1.34836,1.34194,1.34725,1.3429,1.34857,1.34212,1.34744
2026-04-08 13:00:00+00:00,79145,1.34722,1.34816,1.34191,1.34237,1.34743,1.34835,1.34208,1.34255
2026-04-08 17:00:00+00:00,46181,1.34235,1.34273,1.33802,1.3394,1.34254,1.34293,1.33822,1.33971
2026-04-08 21:00:00+00:00,18300,1.33898,1.34023,1.33846,1.339,1.3404,1.34112,1.33863,1.33922
2026-04-09 01:00:00+00:00,27452,1.339,1.34056,1.33804,1.33984,1.33921,1.34076,1.33824,1.34003
2026-04-09 05:00:00+00:00,37669,1.33983,1.34067,1.33801,1.34028,1.34004,1.34089,1.33819,1.34046
2026-04-09 09:00:00+00:00,32730,1.34027,1.34295,1.33949,1.34153,1.34044,1.34314,1.33967,1.34173
2026-04-09 13:00:00+00:00,63765,1.34153,1.34551,1.34029,1.34439,1.34172,1.3457,1.34048,1.34457
2026-04-09 17:00:00+00:00,32776,1.34439,1.34577,1.34288,1.34354,1.34456,1.34598,1.34309,1.3438
2026-04-09 21:00:00+00:00,18247,1.34264,1.34355,1.34201,1.34242,1.34406,1.34442,1.34221,1.34264
2026-04-10 01:00:00+00:00,19883,1.34243,1.34312,1.34194,1.34205,1.34264,1.34332,1.34213,1.34225
2026-04-10 05:00:00+00:00,28248,1.34205,1.34277,1.34099,1.34201,1.34227,1.34298,1.34116,1.34219
2026-04-10 09:00:00+00:00,38019,1.34202,1.34666,1.34165,1.34576,1.34219,1.34746,1.34182,1.34595
2026-04-10 13:00:00+00:00,56598,1.34574,1.34782,1.3447,1.34553,1.34594,1.34803,1.34491,1.34568
2026-04-10 17:00:00+00:00,26731,1.34555,1.34711,1.34523,1.34568,1.34571,1.34731,1.34543,1.34632
2026-04-12 21:00:00+00:00,23791,1.33914,1.34067,1.33798,1.34016,1.33971,1.34179,1.33819,1.34036
2026-04-13 01:00:00+00:00,23149,1.34015,1.34085,1.33974,1.34042,1.34036,1.34107,1.33994,1.34061
2026-04-13 05:00:00+00:00,32932,1.34042,1.34335,1.34008,1.3427,1.3406,1.34354,1.3403,1.34289
2026-04-13 09:00:00+00:00,31861,1.34271,1.3442,1.34153,1.34352,1.34289,1.34441,1.3417,1.3437
2026-04-13 13:00:00+00:00,63554,1.34352,1.34819,1.34336,1.3473,1.34371,1.3484,1.34353,1.34749
2026-04-13 17:00:00+00:00,25016,1.34731,1.3508,1.3473,1.35041,1.34752,1.35098,1.34748,1.35071
2026-04-13 21:00:00+00:00,12223,1.34995,1.35158,1.3495,1.35138,1.35089,1.35177,1.35046,1.35158
2026-04-14 01:00:00+00:00,16674,1.35139,1.35209,1.35025,1.35182,1.35158,1.3523,1.35045,1.35203
2026-04-14 05:00:00+00:00,34381,1.35185,1.35385,1.35099,1.35368,1.35207,1.35403,1.35119,1.35389
2026-04-14 09:00:00+00:00,33851,1.35368,1.35887,1.3533,1.35862,1.35388,1.35914,1.35348,1.35879
2026-04-14 13:00:00+00:00,50901,1.3586,1.35879,1.35572,1.35666,1.35878,1.35899,1.35592,1.35685
2026-04-14 17:00:00+00:00,21872,1.35666,1.35721,1.35597,1.35646,1.35686,1.35739,1.35615,1.35682
2026-04-14 21:00:00+00:00,18314,1.35604,1.35786,1.35547,1.35724,1.35758,1.35807,1.35656,1.35743
2026-04-15 01:00:00+00:00,19468,1.35723,1.35766,1.35562,1.35664,1.35743,1.35787,1.3558,1.35686
2026-04-15 05:00:00+00:00,30294,1.35666,1.35778,1.35547,1.35635,1.35686,1.358,1.35567,1.35654
2026-04-15 09:00:00+00:00,41582,1.35635,1.35692,1.35425,1.35541,1.35653,1.3571,1.35444,1.35561
2026-04-15 13:00:00+00:00,53116,1.35541,1.35782,1.35519,1.35727,1.35562,1.35801,1.35537,1.35746
2026-04-15 17:00:00+00:00,23437,1.35724,1.35758,1.35582,1.35593,1.3574,1.35775,1.35601,1.35621
2026-04-15 21:00:00+00:00,13252,1.35561,1.35741,1.35544,1.35728,1.35721,1.35761,1.35621,1.35748
2026-04-16 01:00:00+00:00,20992,1.35725,1.3594,1.35602,1.35756,1.35747,1.35962,1.35622,1.35777
2026-04-16 05:00:00+00:00,32887,1.35758,1.35808,1.35465,1.35497,1.35776,1.35871,1.35483,1.35517
2026-04-16 09:00:00+00:00,29066,1.35497,1.35528,1.35307,1.35459,1.35516,1.35548,1.35327,1.35478
2026-04-16 13:00:00+00:00,59270,1.35463,1.35541,1.35155,1.35281,1.3548,1.35562,1.35175,1.35298
2026-04-16 17:00:00+00:00,26284,1.35282,1.35342,1.35206,1.35258,1.353,1.35361,1.35227,1.35283
2026-04-16 21:00:00+00:00,14347,1.35219,1.35361,1.35169,1.35198,1.35347,1.35379,1.35202,1.35217
2026-04-17 01:00:00+00:00,18653,1.35197,1.35265,1.35133,1.35216,1.35217,1.35285,1.35154,1.35236
2026-04-17 05:00:00+00:00,27389,1.35215,1.35332,1.35036,1.35302,1.35236,1.35352,1.35055,1.35321
2026-04-17 09:00:00+00:00,40297,1.35302,1.3585,1.35184,1.35826,1.35322,1.3587,1.35203,1.35845
2026-04-17 13:00:00+00:00,87747,1.35826,1.35985,1.35435,1.35531,1.35842,1.36006,1.35452,1.35548
2026-04-17 17:00:00+00:00,35930,1.35531,1.35539,1.35116,1.35135,1.35547,1.35559,1.35142,1.35234
2026-04-19 21:00:00+00:00,24111,1.34872,1.34953,1.34743,1.34946,1.34916,1.34973,1.34767,1.34966
2026-04-20 01:00:00+00:00,21643,1.34945,1.35078,1.34885,1.35045,1.34966,1.35098,1.34907,1.35064
2026-04-20 05:00:00+00:00,45110,1.35039,1.35181,1.3481,1.34967,1.35062,1.352,1.3483,1.34986
2026-04-20 09:00:00+00:00,37739,1.34967,1.35273,1.34957,1.35155,1.34985,1.35291,1.34978,1.35171
2026-04-20 13:00:00+00:00,65788,1.35156,1.35436,1.35056,1.35374,1.35171,1.35456,1.35082,1.35393
2026-04-20 17:00:00+00:00,25916,1.35375,1.35435,1.35293,1.35318,1.35393,1.35453,1.35314,1.35346
2026-04-20 21:00:00+00:00,13857,1.35237,1.35383,1.35215,1.35236,1.35437,1.35449,1.35233,1.35256
2026-04-21 01:00:00+00:00,19794,1.35236,1.35284,1.35138,1.35146,1.35255,1.35305,1.35158,1.35163
2026-04-21 05:00:00+00:00,47497,1.35144,1.35291,1.34816,1.35026,1.35163,1.35345,1.34834,1.35048
2026-04-21 09:00:00+00:00,34656,1.35027,1.35226,1.34948,1.35138,1.35048,1.35247,1.34968,1.35158
2026-04-21 13:00:00+00:00,53927,1.35142,1.35388,1.34965,1.34971,1.3516,1.35405,1.34983,1.34989
2026-04-21 17:00:00+00:00,67864,1.3497,1.35247,1.3474,1.3506,1.34989,1.3527,1.34756,1.3511
2026-04-21 21:00:00+00:00,16421,1.34963,1.35194,1.3492,1.35092,1.35163,1.35214,1.35006,1.35109
2026-04-22 01:00:00+00:00,20975,1.35093,1.35143,1.35023,1.35066,1.35109,1.3516,1.35042,1.35087
2026-04-22 05:00:00+00:00,36950,1.35067,1.35335,1.3506,1.35276,1.35087,1.35357,1.35082,1.35296
2026-04-22 09:00:00+00:00,33058,1.35277,1.35346,1.34916,1.34934,1.35296,1.35363,1.34935,1.34952
2026-04-22 13:00:00+00:00,55049,1.34932,1.35237,1.34911,1.35039,1.34952,1.35255,1.3493,1.35056
2026-04-22 17:00:00+00:00,23211,1.35038,1.35157,1.34974,1.35019,1.35056,1.35177,1.34995,1.35058
2026-04-22 21:00:00+00:00,22781,1.34986,1.35096,1.3478,1.35076,1.35095,1.35137,1.348,1.35097
2026-04-23 01:00:00+00:00,29776,1.35079,1.35096,1.34815,1.34897,1.35097,1.35114,1.34835,1.34913
2026-04-23 05:00:00+00:00,33869,1.34897,1.35068,1.34806,1.35041,1.34914,1.35087,1.34825,1.35056
2026-04-23 09:00:00+00:00,43434,1.35038,1.35123,1.34825,1.34869,1.35054,1.35143,1.34844,1.34888
2026-04-23 13:00:00+00:00,48646,1.34866,1.35174,1.34776,1.3491,1.34888,1.35193,1.34795,1.34929
2026-04-23 17:00:00+00:00,61108,1.34912,1.34927,1.34469,1.34657,1.34931,1.34947,1.34488,1.34678
2026-04-23 21:00:00+00:00,13152,1.34585,1.34704,1.34584,1.34669,1.34785,1.34816,1.34646,1.34691
2026-04-24 01:00:00+00:00,23896,1.3467,1.34723,1.34526,1.34619,1.34691,1.34742,1.34544,1.34639
2026-04-24 05:00:00+00:00,30570,1.3462,1.34836,1.34592,1.34759,1.34639,1.34854,1.34611,1.34776
2026-04-24 09:00:00+00:00,43789,1.3476,1.35038,1.34733,1.35006,1.34778,1.35057,1.34753,1.35025
2026-04-24 13:00:00+00:00,60143,1.35007,1.35208,1.34855,1.35201,1.35025,1.35226,1.34875,1.35221
2026-04-24 17:00:00+00:00,24131,1.35199,1.35369,1.35165,1.35245,1.3522,1.3539,1.35184,1.3537
2026-04-26 21:00:00+00:00,12072,1.35005,1.35223,1.34977,1.35208,1.35148,1.35242,1.35108,1.35226
2026-04-27 01:00:00+00:00,26050,1.3521,1.35478,1.3521,1.35399,1.35231,1.35496,1.35231,1.35418
2026-04-27 05:00:00+00:00,32979,1.35398,1.35569,1.35236,1.35532,1.35418,1.35585,1.35254,1.35551
2026-04-27 09:00:00+00:00,30192,1.35535,1.35754,1.35468,1.35479,1.35552,1.35772,1.35486,1.35498
2026-04-27 13:00:00+00:00,43225,1.35481,1.35636,1.35361,1.35424,1.35498,1.35657,1.35381,1.35441
2026-04-27 17:00:00+00:00,19263,1.35424,1.35439,1.35296,1.35321,1.35442,1.35459,1.35315,1.35347
2026-04-27 21:00:00+00:00,13051,1.35381,1.35406,1.353,1.35314,1.3543,1.35451,1.35323,1.35334
2026-04-28 01:00:00+00:00,23295,1.35313,1.35354,1.35199,1.35295,1.35334,1.35375,1.35219,1.35314
2026-04-28 05:00:00+00:00,36153,1.35294,1.35305,1.35013,1.35046,1.35314,1.35324,1.35033,1.35065
2026-04-28 09:00:00+00:00,44348,1.35043,1.35047,1.34623,1.34918,1.35063,1.35065,1.34641,1.34936
2026-04-28 13:00:00+00:00,56617,1.34916,1.35158,1.34803,1.35138,1.34935,1.35177,1.34821,1.35155
2026-04-28 17:00:00+00:00,22308,1.35138,1.35217,1.35072,1.35172,1.35154,1.35237,1.3509,1.35187
2026-04-28 21:00:00+00:00,9457,1.3511,1.35271,1.3507,1.35237,1.35227,1.35293,1.35166,1.35257
2026-04-29 01:00:00+00:00,20300,1.35239,1.35246,1.35093,1.35123,1.35256,1.35265,1.35113,1.35143
2026-04-29 05:00:00+00:00,30576,1.35124,1.35126,1.34938,1.34986,1.35143,1.35145,1.34957,1.35006
2026-04-29 09:00:00+00:00,31547,1.34985,1.35131,1.34953,1.34997,1.35006,1.35149,1.34972,1.35014
2026-04-29 13:00:00+00:00,62038,1.34997,1.35066,1.34704,1.34804,1.35016,1.35085,1.34723,1.34822
2026-04-29 17:00:00+00:00,49804,1.34804,1.34921,1.34568,1.34748,1.34823,1.34948,1.34588,1.3478
2026-04-29 21:00:00+00:00,23575,1.34674,1.34947,1.34652,1.34836,1.34868,1.34968,1.34733,1.34857
2026-04-30 01:00:00+00:00,37374,1.34836,1.34858,1.34543,1.34599,1.34856,1.34876,1.34563,1.34619
2026-04-30 05:00:00+00:00,52609,1.34599,1.34996,1.34533,1.3484,1.34621,1.35016,1.3455,1.34861
2026-04-30 09:00:00+00:00,86273,1.34838,1.35346,1.34782,1.35121,1.34861,1.35365,1.34803,1.3514
2026-04-30 13:00:00+00:00,82712,1.35118,1.3593,1.35037,1.3577,1.35139,1.35948,1.35057,1.35788
2026-04-30 17:00:00+00:00,31532,1.35771,1.36115,1.35753,1.36019,1.35788,1.36135,1.35772,1.36048
2026-04-30 21:00:00+00:00,14102,1.35992,1.36077,1.35985,1.36029,1.36088,1.36128,1.36003,1.36047
2026-05-01 01:00:00+00:00,21630,1.3603,1.36112,1.3595,1.35964,1.36047,1.36132,1.3597,1.35985
2026-05-01 05:00:00+00:00,41484,1.35963,1.36217,1.35858,1.36074,1.35985,1.36239,1.35878,1.36094
2026-05-01 09:00:00+00:00,30327,1.36077,1.36423,1.35909,1.3629,1.36096,1.36443,1.35928,1.36308
2026-05-01 13:00:00+00:00,67252,1.36287,1.36569,1.35981,1.35982,1.36306,1.36588,1.35997,1.35998
2026-05-01 17:00:00+00:00,30271,1.35982,1.3601,1.35663,1.35682,1.35999,1.36027,1.35699,1.35817
2026-05-03 21:00:00+00:00,14267,1.3597,1.3602,1.35741,1.35859,1.36036,1.36103,1.35761,1.35875
2026-05-04 01:00:00+00:00,29556,1.35858,1.36005,1.35755,1.35871,1.35875,1.36027,1.35774,1.35889
2026-05-04 05:00:00+00:00,32874,1.35871,1.35977,1.35583,1.35599,1.3589,1.35995,1.35604,1.35619
2026-05-04 09:00:00+00:00,47624,1.35601,1.35654,1.35225,1.35563,1.35622,1.35673,1.35244,1.35584
2026-05-04 13:00:00+00:00,70589,1.35563,1.35685,1.35111,1.35179,1.3558,1.35705,1.35133,1.35198
2026-05-04 17:00:00+00:00,34315,1.35179,1.35416,1.35178,1.35307,1.35199,1.35434,1.35197,1.35336
2026-05-04 21:00:00+00:00,12241,1.35303,1.35339,1.35169,1.35239,1.35336,1.35456,1.35241,1.35257
2026-05-05 01:00:00+00:00,18216,1.35242,1.35311,1.3514,1.35149,1.35259,1.35331,1.3516,1.3517
2026-05-05 05:00:00+00:00,36377,1.35147,1.35498,1.35128,1.35414,1.35168,1.35517,1.35149,1.35431
2026-05-05 09:00:00+00:00,36784,1.35412,1.35506,1.35302,1.3543,1.35431,1.35523,1.35318,1.35449
2026-05-05 13:00:00+00:00,50602,1.3543,1.35776,1.35428,1.35551,1.3545,1.35795,1.35443,1.3557
2026-05-05 17:00:00+00:00,18061,1.35551,1.35583,1.35368,1.35373,1.35571,1.35601,1.3539,1.35392
2026-05-05 21:00:00+00:00,25450,1.35366,1.35793,1.35338,1.35738,1.35527,1.35812,1.35398,1.35758
2026-05-06 01:00:00+00:00,39460,1.35738,1.35949,1.35625,1.35884,1.35757,1.35968,1.35643,1.35903
2026-05-06 05:00:00+00:00,49839,1.35885,1.36337,1.35802,1.3625,1.35905,1.36357,1.35822,1.36268
2026-05-06 09:00:00+00:00,64377,1.36249,1.36426,1.3607,1.36109,1.36268,1.36446,1.36088,1.36125
2026-05-06 13:00:00+00:00,57885,1.36107,1.36185,1.35779,1.35828,1.36125,1.36207,1.35797,1.35846
2026-05-06 17:00:00+00:00,22357,1.35828,1.35986,1.35806,1.35922,1.35847,1.36006,1.35826,1.35949
2026-05-06 21:00:00+00:00,15154,1.35846,1.35984,1.35838,1.35913,1.36046,1.36068,1.35908,1.35932
2026-05-07 01:00:00+00:00,25696,1.35915,1.36075,1.35894,1.35967,1.35932,1.36095,1.35913,1.35987
2026-05-07 05:00:00+00:00,41792,1.35965,1.3624,1.35901,1.36216,1.35984,1.36256,1.35921,1.36231
2026-05-07 09:00:00+00:00,36088,1.36216,1.36297,1.36086,1.36227,1.36232,1.36315,1.36106,1.36246
2026-05-07 13:00:00+00:00,57340,1.36227,1.36315,1.35898,1.35933,1.36245,1.36334,1.35917,1.35952
2026-05-07 17:00:00+00:00,46417,1.35934,1.35943,1.35467,1.35492,1.35955,1.35961,1.35496,1.3552
2026-05-07 21:00:00+00:00,16385,1.35475,1.35603,1.35451,1.355,1.35638,1.35688,1.35483,1.35518
2026-05-08 01:00:00+00:00,24666,1.35504,1.35677,1.35485,1.35644,1.35519,1.35696,1.35504,1.35663
2026-05-08 05:00:00+00:00,31846,1.35643,1.36145,1.35643,1.36128,1.35663,1.36163,1.35662,1.36145
2026-05-08 09:00:00+00:00,34604,1.36129,1.36236,1.35976,1.36131,1.36147,1.36256,1.36015,1.3615
2026-05-08 13:00:00+00:00,47857,1.36129,1.36299,1.36052,1.36165,1.36148,1.36319,1.36071,1.36181
2026-05-08 17:00:00+00:00,22665,1.36163,1.36361,1.36153,1.36295,1.36179,1.36385,1.36171,1.36353
2026-05-10 21:00:00+00:00,18820,1.35538,1.36002,1.35475,1.35981,1.3564,1.36022,1.3564,1.36002
2026-05-11 01:00:00+00:00,26019,1.3598,1.36,1.35782,1.35802,1.36002,1.36021,1.35802,1.35819
2026-05-11 05:00:00+00:00,31137,1.35802,1.36138,1.35792,1.36069,1.35818,1.36159,1.35813,1.36089
2026-05-11 09:00:00+00:00,33353,1.36066,1.36151,1.35849,1.36103,1.36086,1.36168,1.35867,1.36122
2026-05-11 13:00:00+00:00,43131,1.36103,1.36527,1.36099,1.36402,1.36121,1.36544,1.3612,1.36421
2026-05-11 17:00:00+00:00,21835,1.36402,1.36443,1.36059,1.36089,1.36422,1.36463,1.36081,1.36113
2026-05-11 21:00:00+00:00,12594,1.36076,1.36094,1.35921,1.35932,1.362,1.362,1.35941,1.3595
2026-05-12 01:00:00+00:00,30352,1.35931,1.35948,1.35789,1.35838,1.3595,1.35968,1.35809,1.35858
2026-05-12 05:00:00+00:00,47489,1.35839,1.35852,1.35014,1.35295,1.35857,1.3587,1.35033,1.35312
2026-05-12 09:00:00+00:00,52041,1.35294,1.35522,1.35121,1.35365,1.35312,1.35542,1.3514,1.35383
2026-05-12 13:00:00+00:00,66972,1.35364,1.3542,1.34992,1.35172,1.35384,1.35439,1.35012,1.35188
2026-05-12 17:00:00+00:00,27683,1.35171,1.35433,1.35157,1.354,1.35189,1.35453,1.35177,1.35421
2026-05-12 21:00:00+00:00,14144,1.35272,1.35415,1.35272,1.35359,1.35447,1.35478,1.35314,1.35377
2026-05-13 01:00:00+00:00,25422,1.35358,1.35453,1.35275,1.35332,1.35377,1.35473,1.35294,1.35353
2026-05-13 05:00:00+00:00,37591,1.3533,1.35504,1.3518,1.35232,1.35352,1.35524,1.35201,1.35253
2026-05-13 09:00:00+00:00,48455,1.35233,1.35241,1.34836,1.34895,1.35253,1.35262,1.34857,1.34912
2026-05-13 13:00:00+00:00,47614,1.34895,1.35283,1.34895,1.35144,1.34914,1.35304,1.34913,1.35163
2026-05-13 17:00:00+00:00,22859,1.35144,1.35258,1.35102,1.35229,1.35159,1.35278,1.35119,1.35249
2026-05-13 21:00:00+00:00,11615,1.3521,1.3532,1.35175,1.35287,1.35283,1.35339,1.35214,1.35308
2026-05-14 01:00:00+00:00,24241,1.35287,1.35318,1.35199,1.35275,1.35307,1.35339,1.35219,1.35293
2026-05-14 05:00:00+00:00,33270,1.35275,1.35317,1.35025,1.35191,1.35294,1.35336,1.35045,1.35209
2026-05-14 09:00:00+00:00,31219,1.35192,1.35199,1.34939,1.35069,1.35209,1.3522,1.34961,1.35087
2026-05-14 13:00:00+00:00,49844,1.35068,1.35122,1.34314,1.34423,1.35085,1.35139,1.3433,1.34442
2026-05-14 17:00:00+00:00,25456,1.34424,1.34454,1.33941,1.33999,1.34442,1.34473,1.3396,1.34022
2026-05-14 21:00:00+00:00,17864,1.33959,1.34048,1.33735,1.33797,1.34082,1.34082,1.33757,1.33815
2026-05-15 01:00:00+00:00,29119,1.33796,1.33813,1.33619,1.33626,1.33815,1.33834,1.33641,1.33645
2026-05-15 05:00:00+00:00,48966,1.33626,1.33747,1.3334,1.33452,1.33646,1.33767,1.33359,1.33471
2026-05-15 09:00:00+00:00,45532,1.33453,1.33926,1.33272,1.33526,1.33471,1.33946,1.33292,1.33544
2026-05-15 13:00:00+00:00,62369,1.33527,1.33624,1.33154,1.33299,1.33544,1.33643,1.33174,1.33317
2026-05-15 17:00:00+00:00,28218,1.33299,1.33378,1.33141,1.33219,1.33316,1.33396,1.33161,1.33266
2026-05-17 21:00:00+00:00,21174,1.33195,1.33231,1.3304,1.33081,1.33312,1.33346,1.33056,1.33099
2026-05-18 01:00:00+00:00,39919,1.33081,1.33187,1.33016,1.33145,1.331,1.33207,1.33035,1.33166
2026-05-18 05:00:00+00:00,42473,1.33145,1.33834,1.33121,1.33762,1.33165,1.33853,1.33143,1.33781
2026-05-18 09:00:00+00:00,47322,1.3376,1.34023,1.33455,1.33944,1.3378,1.34041,1.33473,1.33963
2026-05-18 13:00:00+00:00,67475,1.33943,1.34488,1.33794,1.34285,1.33963,1.34509,1.33811,1.34304
2026-05-18 17:00:00+00:00,44699,1.34287,1.34385,1.33996,1.34324,1.34304,1.34403,1.34016,1.34347
2026-05-18 21:00:00+00:00,17155,1.34268,1.34364,1.3418,1.34187,1.34365,1.34397,1.34198,1.34204
2026-05-19 01:00:00+00:00,35348,1.34185,1.34244,1.34052,1.34054,1.34204,1.34261,1.34071,1.34072
2026-05-19 05:00:00+00:00,43328,1.34054,1.3417,1.33883,1.33919,1.34073,1.3419,1.339,1.33938
2026-05-19 09:00:00+00:00,44991,1.33919,1.3419,1.33863,1.3406,1.33937,1.34209,1.33882,1.3408
2026-05-19 13:00:00+00:00,71017,1.3406,1.34068,1.33775,1.33986,1.34079,1.34086,1.33794,1.34005
2026-05-19 17:00:00+00:00,28696,1.33986,1.34113,1.33928,1.33936,1.34006,1.34132,1.33949,1.3396
2026-05-19 21:00:00+00:00,29118,1.33933,1.34035,1.33865,1.33885,1.34112,1.34112,1.33885,1.33902
2026-05-20 01:00:00+00:00,44775,1.33884,1.34056,1.33774,1.33898,1.339,1.34074,1.33792,1.33917
2026-05-20 05:00:00+00:00,49650,1.33897,1.3406,1.33741,1.33812,1.33917,1.34079,1.3376,1.33832
2026-05-20 09:00:00+00:00,35629,1.33812,1.34073,1.33794,1.33968,1.3383,1.34091,1.33815,1.33985
2026-05-20 13:00:00+00:00,93020,1.33966,1.34628,1.33823,1.3441,1.33985,1.34647,1.33842,1.34428
2026-05-20 17:00:00+00:00,38688,1.3441,1.34502,1.34312,1.34336,1.34431,1.3452,1.34337,1.34362
2026-05-20 21:00:00+00:00,13876,1.3433,1.34386,1.34276,1.34364,1.3444,1.34483,1.34293,1.34385
2026-05-21 01:00:00+00:00,28542,1.34362,1.34445,1.34181,1.34308,1.34385,1.34465,1.34202,1.34325
2026-05-21 05:00:00+00:00,57273,1.34307,1.34541,1.34144,1.34345,1.34325,1.34562,1.34166,1.34364
2026-05-21 09:00:00+00:00,51897,1.34345,1.34456,1.3411,1.34129,1.34362,1.34476,1.34128,1.34147
2026-05-21 13:00:00+00:00,67831,1.34127,1.342,1.33908,1.34073,1.34146,1.34219,1.33932,1.34092
2026-05-21 17:00:00+00:00,54965,1.34073,1.34483,1.34046,1.34284,1.34093,1.34503,1.34065,1.34307
2026-05-21 21:00:00+00:00,19734,1.34164,1.34335,1.34161,1.34246,1.34364,1.34443,1.34256,1.34265
2026-05-22 01:00:00+00:00,26987,1.34242,1.3431,1.34223,1.34296,1.34261,1.34329,1.34243,1.34316
2026-05-22 05:00:00+00:00,34898,1.34294,1.34378,1.34123,1.34253,1.34315,1.34397,1.34142,1.34272
2026-05-22 09:00:00+00:00,33931,1.3425,1.34364,1.34159,1.3436,1.3427,1.34381,1.34176,1.34377
2026-05-22 13:00:00+00:00,52462,1.34361,1.34623,1.34171,1.34433,1.34379,1.3464,1.3419,1.34453
2026-05-22 17:00:00+00:00,30091,1.34436,1.34528,1.34258,1.34262,1.34456,1.34547,1.34314,1.34362
2026-05-24 21:00:00+00:00,13471,1.34493,1.34876,1.34421,1.34781,1.34687,1.34895,1.34534,1.348
2026-05-25 01:00:00+00:00,19526,1.3478,1.34898,1.34731,1.34822,1.34801,1.34917,1.34753,1.34842
2026-05-25 05:00:00+00:00,24650,1.34821,1.34929,1.34697,1.34927,1.34842,1.3495,1.34716,1.34944
2026-05-25 09:00:00+00:00,16280,1.34927,1.35058,1.34866,1.34998,1.34946,1.35075,1.34886,1.35017
2026-05-25 13:00:00+00:00,18695,1.34996,1.35045,1.34918,1.35031,1.35017,1.35065,1.34936,1.3505
2026-05-25 17:00:00+00:00,6226,1.35031,1.35082,1.35025,1.35058,1.35049,1.35101,1.35045,1.35081
2026-05-25 21:00:00+00:00,14917,1.34963,1.35046,1.34871,1.34934,1.35085,1.35102,1.34891,1.34952
2026-05-26 01:00:00+00:00,19813,1.34933,1.34942,1.34797,1.34799,1.34952,1.34961,1.34815,1.34818
2026-05-26 05:00:00+00:00,32507,1.348,1.34844,1.34638,1.3474,1.34818,1.34861,1.34658,1.3476
2026-05-26 09:00:00+00:00,32376,1.34741,1.34885,1.34649,1.34661,1.3476,1.34905,1.34668,1.34679
2026-05-26 13:00:00+00:00,45236,1.34661,1.34694,1.34338,1.34403,1.3468,1.34713,1.34354,1.34422
2026-05-26 17:00:00+00:00,17055,1.34406,1.34527,1.34376,1.34459,1.34423,1.34548,1.34395,1.34483
2026-05-26 21:00:00+00:00,11776,1.3446,1.34582,1.34419,1.34546,1.345,1.346,1.34484,1.34566
2026-05-27 01:00:00+00:00,21356,1.34545,1.34576,1.34451,1.34532,1.34566,1.34596,1.34472,1.34552
2026-05-27 05:00:00+00:00,28652,1.34532,1.34559,1.34405,1.34456,1.3455,1.3458,1.34424,1.34474
2026-05-27 09:00:00+00:00,39498,1.34456,1.34559,1.34294,1.34392,1.34472,1.3458,1.34313,1.34411
2026-05-27 13:00:00+00:00,58740,1.34391,1.34573,1.34155,1.343,1.34408,1.34593,1.34173,1.3432
2026-05-27 17:00:00+00:00,21835,1.34301,1.34322,1.34165,1.34261,1.3432,1.34341,1.34182,1.34292
2026-05-27 21:00:00+00:00,14565,1.34179,1.34296,1.34086,1.34126,1.34276,1.3432,1.34106,1.34146
2026-05-28 01:00:00+00:00,32937,1.34127,1.34133,1.33666,1.33769,1.34145,1.34152,1.33685,1.33787
2026-05-28 05:00:00+00:00,42588,1.33768,1.34107,1.33744,1.34008,1.33787,1.34125,1.33764,1.34028
2026-05-28 09:00:00+00:00,40687,1.34008,1.34241,1.33855,1.34202,1.34026,1.34261,1.33875,1.34219
2026-05-28 13:00:00+00:00,66829,1.34202,1.34501,1.34067,1.34459,1.3422,1.34529,1.34083,1.34475
2026-05-28 17:00:00+00:00,30133,1.34459,1.34474,1.34355,1.34427,1.34476,1.34493,1.34374,1.34451
2026-05-28 21:00:00+00:00,11659,1.34414,1.3448,1.34364,1.34399,1.34502,1.34513,1.34405,1.34419
2026-05-29 01:00:00+00:00,22357,1.34401,1.34498,1.34296,1.34378,1.34419,1.34519,1.34315,1.34393
2026-05-29 05:00:00+00:00,33358,1.34378,1.34439,1.34074,1.34108,1.34395,1.34458,1.34094,1.34126
2026-05-29 09:00:00+00:00,37224,1.34107,1.34338,1.34085,1.34334,1.34126,1.34354,1.34105,1.34351
2026-05-29 13:00:00+00:00,67949,1.34335,1.34846,1.34287,1.34666,1.34351,1.34864,1.34306,1.34683
2026-05-29 17:00:00+00:00,30657,1.34666,1.34701,1.34508,1.3451,1.34684,1.34721,1.34544,1.34617
2026-05-31 21:00:00+00:00,29079,1.34498,1.3458,1.34445,1.34505,1.34649,1.34734,1.34467,1.34525
2026-06-01 01:00:00+00:00,21933,1.34504,1.34586,1.34476,1.34564,1.34526,1.34606,1.34495,1.34581
2026-06-01 05:00:00+00:00,36481,1.34564,1.34752,1.34546,1.34698,1.34582,1.34771,1.34563,1.34719
2026-06-01 09:00:00+00:00,35374,1.34698,1.34743,1.34546,1.34629,1.34718,1.34762,1.34564,1.34648
2026-06-01 13:00:00+00:00,70713,1.34629,1.34632,1.34059,1.34599,1.34646,1.3465,1.34079,1.34617
2026-06-01 17:00:00+00:00,26900,1.34598,1.34693,1.34526,1.3454,1.34617,1.34713,1.34542,1.34563
2026-06-01 21:00:00+00:00,19276,1.34496,1.34612,1.34443,1.34529,1.34696,1.34723,1.34534,1.34548
2026-06-02 01:00:00+00:00,22321,1.34532,1.34638,1.34499,1.3463,1.34549,1.34658,1.34518,1.34649
2026-06-02 05:00:00+00:00,37357,1.3463,1.34808,1.34599,1.34625,1.3465,1.34827,1.34618,1.34646
2026-06-02 09:00:00+00:00,30217,1.34625,1.34766,1.34599,1.34711,1.34647,1.34784,1.34615,1.34729
2026-06-02 13:00:00+00:00,42029,1.34714,1.34799,1.34618,1.34654,1.34731,1.34817,1.34644,1.34671
2026-06-02 17:00:00+00:00,20097,1.34656,1.34716,1.34525,1.34632,1.34672,1.34733,1.34543,1.34656
2026-06-02 21:00:00+00:00,15059,1.34609,1.34666,1.34496,1.34651,1.34743,1.34783,1.34515,1.34669
2026-06-03 01:00:00+00:00,19209,1.34651,1.3471,1.34578,1.34596,1.3467,1.3473,1.34597,1.34614
2026-06-03 05:00:00+00:00,37708,1.34595,1.34629,1.34359,1.34419,1.34611,1.34648,1.34378,1.34441
2026-06-03 09:00:00+00:00,38640,1.34419,1.34593,1.34267,1.34312,1.3444,1.34613,1.34287,1.34331
2026-06-03 13:00:00+00:00,57998,1.34312,1.34391,1.34147,1.34219,1.3433,1.34409,1.34167,1.34236
2026-06-03 17:00:00+00:00,17724,1.34219,1.34278,1.34117,1.34161,1.34237,1.34297,1.34134,1.34184
2026-06-03 21:00:00+00:00,16873,1.34107,1.3431,1.34103,1.34247,1.34265,1.34332,1.34133,1.34266
2026-06-04 01:00:00+00:00,20563,1.34247,1.34307,1.34164,1.34301,1.34265,1.34329,1.34183,1.34319
2026-06-04 05:00:00+00:00,32105,1.343,1.34349,1.34106,1.34292,1.34319,1.34367,1.34126,1.34312
2026-06-04 09:00:00+00:00,40728,1.34292,1.34617,1.3429,1.34551,1.34311,1.34636,1.34309,1.34569
2026-06-04 13:00:00+00:00,41548,1.34551,1.34565,1.3429,1.34343,1.34568,1.34585,1.34309,1.34363
2026-06-04 17:00:00+00:00,16306,1.34344,1.34357,1.34196,1.34229,1.34363,1.34374,1.34216,1.34252
2026-06-04 21:00:00+00:00,20280,1.34241,1.34281,1.34167,1.34228,1.34349,1.34406,1.34195,1.34244
2026-06-05 01:00:00+00:00,22973,1.34226,1.34307,1.3415,1.34284,1.34244,1.34326,1.3417,1.34304
2026-06-05 05:00:00+00:00,29955,1.34285,1.34573,1.3423,1.34545,1.34304,1.34593,1.3425,1.34564
2026-06-05 09:00:00+00:00,39996,1.34544,1.34823,1.34033,1.34038,1.34564,1.34841,1.34052,1.34056
2026-06-05 13:00:00+00:00,69197,1.34038,1.34212,1.33399,1.33551,1.34058,1.34231,1.33417,1.33569
2026-06-05 17:00:00+00:00,32330,1.33552,1.3356,1.33293,1.33359,1.33569,1.33579,1.33311,1.33423
2026-06-07 21:00:00+00:00,14259,1.33205,1.33483,1.33152,1.33482,1.33405,1.33502,1.33183,1.33501
2026-06-08 01:00:00+00:00,33447,1.33483,1.33495,1.33176,1.33388,1.33501,1.33515,1.33196,1.33408
2026-06-08 05:00:00+00:00,49086,1.33388,1.33481,1.33191,1.33206,1.33409,1.33498,1.33209,1.33225
2026-06-08 09:00:00+00:00,47539,1.33205,1.33688,1.33051,1.33497,1.33225,1.33708,1.33069,1.33516
2026-06-08 13:00:00+00:00,59589,1.33496,1.33644,1.33343,1.33423,1.33516,1.33663,1.33364,1.33443
2026-06-08 17:00:00+00:00,29887,1.33426,1.33516,1.33365,1.33375,1.33445,1.33535,1.33388,1.33404
2026-06-08 21:00:00+00:00,18887,1.33343,1.33435,1.33299,1.33354,1.33497,1.33575,1.3332,1.33375
2026-06-09 01:00:00+00:00,23752,1.33355,1.33622,1.33345,1.33593,1.33375,1.33641,1.33366,1.33614
2026-06-09 05:00:00+00:00,35799,1.33596,1.33819,1.33549,1.33791,1.33614,1.33837,1.33567,1.33809
2026-06-09 09:00:00+00:00,25412,1.33792,1.34068,1.33782,1.34031,1.33809,1.34087,1.33801,1.34048
2026-06-09 13:00:00+00:00,69927,1.34031,1.34103,1.33575,1.33707,1.34049,1.3412,1.33594,1.33725
2026-06-09 17:00:00+00:00,38215,1.3371,1.33898,1.33701,1.33776,1.33727,1.33916,1.33716,1.33801
2026-06-09 21:00:00+00:00,22635,1.33653,1.33797,1.33638,1.33779,1.33806,1.339,1.33693,1.33799
2026-06-10 01:00:00+00:00,28487,1.33778,1.33898,1.33716,1.33813,1.33799,1.33919,1.33736,1.33833
2026-06-10 05:00:00+00:00,34145,1.33813,1.33963,1.33789,1.33853,1.33832,1.33981,1.33809,1.33873
2026-06-10 09:00:00+00:00,49183,1.33854,1.34078,1.33751,1.33882,1.33873,1.34098,1.3377,1.33902
2026-06-10 13:00:00+00:00,75776,1.33883,1.34227,1.33703,1.33886,1.33902,1.34246,1.33724,1.33904
2026-06-10 17:00:00+00:00,34619,1.33886,1.33956,1.33661,1.33668,1.33905,1.33975,1.33682,1.33687
2026-06-10 21:00:00+00:00,44017,1.33669,1.33702,1.33489,1.33698,1.33776,1.33888,1.33507,1.33718
2026-06-11 01:00:00+00:00,30292,1.33701,1.3391,1.3369,1.33825,1.33719,1.3393,1.33709,1.33846
2026-06-11 05:00:00+00:00,31216,1.33825,1.33909,1.33604,1.33625,1.33845,1.33927,1.33621,1.33644
2026-06-11 09:00:00+00:00,40248,1.33626,1.33685,1.33394,1.33605,1.33644,1.33705,1.33415,1.33623
2026-06-11 13:00:00+00:00,61902,1.33606,1.33617,1.33237,1.33325,1.33623,1.33636,1.33256,1.33343
2026-06-11 17:00:00+00:00,69200,1.33325,1.34325,1.33255,1.34148,1.33341,1.34342,1.33274,1.3417
2026-06-11 21:00:00+00:00,24067,1.34148,1.34254,1.34002,1.34077,1.34171,1.34374,1.34068,1.34096
2026-06-12 01:00:00+00:00,38971,1.34078,1.34171,1.33989,1.34106,1.34096,1.3419,1.34009,1.34124
2026-06-12 05:00:00+00:00,50612,1.34104,1.34185,1.33826,1.34125,1.3412,1.34203,1.33846,1.34143
2026-06-12 09:00:00+00:00,44706,1.34125,1.34251,1.33889,1.33926,1.34144,1.3427,1.33907,1.33945
2026-06-12 13:00:00+00:00,70969,1.33926,1.34231,1.33895,1.34148,1.33946,1.34251,1.33914,1.34166
2026-06-12 17:00:00+00:00,26832,1.34148,1.34208,1.34005,1.34012,1.34165,1.34227,1.34031,1.34119
2026-06-14 21:00:00+00:00,21776,1.33992,1.346,1.33992,1.34429,1.34192,1.3462,1.34188,1.3445
2026-06-15 01:00:00+00:00,22711,1.34429,1.34502,1.34318,1.34495,1.34449,1.34523,1.34338,1.34513
2026-06-15 05:00:00+00:00,32822,1.34495,1.34593,1.34175,1.34219,1.34514,1.34613,1.34195,1.34238
2026-06-15 09:00:00+00:00,31370,1.34221,1.34334,1.34162,1.34291,1.34238,1.34352,1.34181,1.34308
2026-06-15 13:00:00+00:00,38562,1.34292,1.34437,1.34232,1.34285,1.3431,1.34456,1.34252,1.34304
2026-06-15 17:00:00+00:00,21834,1.34284,1.34306,1.34053,1.34105,1.34304,1.34325,1.34073,1.34134
2026-06-15 21:00:00+00:00,17646,1.3408,1.34161,1.3401,1.34128,1.3428,1.34319,1.34088,1.34144
2026-06-16 01:00:00+00:00,23250,1.34128,1.34171,1.33901,1.33964,1.34145,1.34191,1.3392,1.33982
2026-06-16 05:00:00+00:00,27965,1.33963,1.34235,1.33897,1.34233,1.33983,1.34252,1.33917,1.3425
2026-06-16 09:00:00+00:00,30885,1.34233,1.34308,1.34069,1.34151,1.34249,1.34327,1.34086,1.34168
2026-06-16 13:00:00+00:00,43747,1.3415,1.34424,1.34021,1.34284,1.34168,1.34444,1.3404,1.34302
2026-06-16 17:00:00+00:00,19330,1.34285,1.34321,1.34209,1.34257,1.34302,1.34339,1.34227,1.34283
2026-06-16 21:00:00+00:00,30398,1.34216,1.34314,1.34165,1.34297,1.34385,1.34386,1.34251,1.34316
2026-06-17 01:00:00+00:00,14084,1.34297,1.34329,1.34239,1.343,1.34317,1.34349,1.34258,1.34321
2026-06-17 05:00:00+00:00,27536,1.343,1.34364,1.34073,1.34162,1.3432,1.34487,1.34094,1.3418
2026-06-17 09:00:00+00:00,25796,1.34159,1.34188,1.33986,1.34142,1.34178,1.34208,1.34006,1.34162
2026-06-17 13:00:00+00:00,35925,1.34142,1.34177,1.33838,1.33955,1.34159,1.34196,1.33859,1.33975
2026-06-17 17:00:00+00:00,98130,1.33956,1.34029,1.32611,1.32912,1.33975,1.34071,1.3263,1.32972
2026-06-17 21:00:00+00:00,21096,1.32788,1.3317,1.32769,1.33056,1.32988,1.3319,1.32906,1.33074
2026-06-18 01:00:00+00:00,23527,1.33057,1.33188,1.3305,1.33136,1.33074,1.33209,1.3307,1.33155
2026-06-18 05:00:00+00:00,40800,1.33136,1.33241,1.32404,1.32445,1.33156,1.33259,1.32424,1.32461
2026-06-18 09:00:00+00:00,47130,1.32448,1.32493,1.32042,1.32324,1.32465,1.32512,1.3206,1.32344
2026-06-18 13:00:00+00:00,63275,1.32324,1.32528,1.32103,1.32205,1.32345,1.32545,1.32121,1.32223
2026-06-18 17:00:00+00:00,33386,1.32205,1.32294,1.3192,1.32039,1.32224,1.32313,1.31937,1.32061
2026-06-18 21:00:00+00:00,14377,1.31963,1.32116,1.31939,1.32081,1.32163,1.32316,1.32016,1.32101
2026-06-19 01:00:00+00:00,25997,1.32083,1.32099,1.31672,1.31689,1.32104,1.32118,1.31691,1.31708
2026-06-19 05:00:00+00:00,36240,1.31689,1.32318,1.31623,1.32315,1.31709,1.32339,1.31641,1.32336
2026-06-19 09:00:00+00:00,39643,1.32318,1.324,1.32223,1.32343,1.32337,1.3242,1.32241,1.32362
2026-06-19 13:00:00+00:00,31918,1.32343,1.32359,1.32128,1.32276,1.32363,1.32375,1.32146,1.32298
2026-06-19 17:00:00+00:00,31106,1.32276,1.32372,1.32172,1.32245,1.32297,1.32468,1.3228,1.32445
2026-06-21 21:00:00+00:00,14748,1.31851,1.32215,1.31847,1.32211,1.32051,1.32235,1.31942,1.32232
2026-06-22 01:00:00+00:00,28345,1.32213,1.32328,1.32029,1.32065,1.32232,1.32347,1.32049,1.32085
2026-06-22 05:00:00+00:00,39947,1.32065,1.32198,1.31826,1.3205,1.32084,1.32218,1.31845,1.32066
2026-06-22 09:00:00+00:00,47102,1.32051,1.32721,1.32044,1.32603,1.32066,1.32743,1.32063,1.32625
2026-06-22 13:00:00+00:00,66117,1.32604,1.32667,1.32371,1.32437,1.32625,1.32687,1.32388,1.32454
2026-06-22 17:00:00+00:00,23837,1.32437,1.32509,1.32396,1.32494,1.32456,1.3253,1.32412,1.32515
2026-06-22 21:00:00+00:00,14137,1.32408,1.32531,1.32385,1.32441,1.32608,1.32635,1.32405,1.3246
2026-06-23 01:00:00+00:00,32389,1.3244,1.3249,1.32335,1.3236,1.3246,1.32506,1.32354,1.32379
2026-06-23 05:00:00+00:00,46089,1.3236,1.32489,1.32117,1.32194,1.32378,1.32507,1.32137,1.32214
2026-06-23 09:00:00+00:00,36396,1.32194,1.32307,1.32059,1.32109,1.32213,1.32327,1.32078,1.32126
2026-06-23 13:00:00+00:00,44913,1.32111,1.32211,1.31841,1.31859,1.32127,1.3223,1.3186,1.31878
2026-06-23 17:00:00+00:00,16563,1.31857,1.32023,1.31813,1.3202,1.31875,1.32044,1.31832,1.32042
2026-06-23 21:00:00+00:00,14594,1.31902,1.3203,1.31873,1.31981,1.32102,1.32151,1.31948,1.32001
2026-06-24 01:00:00+00:00,31818,1.31982,1.32038,1.31862,1.31922,1.32001,1.32057,1.31882,1.31941
2026-06-24 05:00:00+00:00,42439,1.31921,1.32085,1.31704,1.3192,1.31941,1.32103,1.31722,1.31939
2026-06-24 09:00:00+00:00,39036,1.31919,1.31947,1.31408,1.31495,1.31936,1.31968,1.31426,1.31515
2026-06-24 13:00:00+00:00,50884,1.31495,1.31783,1.31392,1.31698,1.31514,1.318,1.31411,1.31715
2026-06-24 17:00:00+00:00,30574,1.31698,1.31713,1.31528,1.31669,1.31716,1.31732,1.31546,1.31693
2026-06-24 21:00:00+00:00,20211,1.31534,1.31677,1.31498,1.31621,1.31734,1.31798,1.31594,1.31638
2026-06-25 01:00:00+00:00,31538,1.31622,1.31847,1.31616,1.31815,1.3164,1.31866,1.31632,1.31834
2026-06-25 05:00:00+00:00,30703,1.31815,1.3196,1.31667,1.31898,1.31833,1.3198,1.31686,1.31916
2026-06-25 09:00:00+00:00,34581,1.319,1.31966,1.31503,1.31754,1.31918,1.31985,1.31521,1.31774
2026-06-25 13:00:00+00:00,64431,1.31754,1.32183,1.31727,1.3205,1.31772,1.32201,1.31747,1.32067
2026-06-25 17:00:00+00:00,25529,1.3205,1.32057,1.31891,1.31894,1.32066,1.32077,1.3191,1.31925
2026-06-25 21:00:00+00:00,25832,1.31901,1.31976,1.31796,1.31921,1.32101,1.32123,1.31856,1.31941
2026-06-26 01:00:00+00:00,38232,1.31922,1.32009,1.31794,1.32005,1.31941,1.3203,1.31813,1.32024
2026-06-26 05:00:00+00:00,39407,1.32006,1.32214,1.319,1.32155,1.32024,1.32234,1.31919,1.32174
2026-06-26 09:00:00+00:00,42324,1.32156,1.32278,1.31989,1.32098,1.32174,1.32297,1.32008,1.32116
2026-06-26 13:00:00+00:00,49061,1.32101,1.32312,1.31965,1.32049,1.32116,1.3233,1.31982,1.32069
2026-06-26 17:00:00+00:00,23240,1.32053,1.3209,1.31905,1.31907,1.3207,1.3211,1.31935,1.32041
2026-06-28 21:00:00+00:00,15348,1.31975,1.32006,1.3187,1.31981,1.32149,1.32157,1.31918,1.32001
2026-06-29 01:00:00+00:00,27125,1.3198,1.32091,1.3195,1.31983,1.31999,1.32112,1.3197,1.32
2026-06-29 05:00:00+00:00,27479,1.31982,1.32274,1.31979,1.32063,1.32,1.32292,1.31997,1.3208
2026-06-29 09:00:00+00:00,31268,1.32062,1.32395,1.32056,1.32327,1.3208,1.32414,1.32074,1.32345
2026-06-29 13:00:00+00:00,43445,1.32328,1.32581,1.32269,1.32537,1.32345,1.32599,1.32289,1.32555
2026-06-29 17:00:00+00:00,16942,1.32537,1.32617,1.32499,1.32584,1.32554,1.32635,1.32516,1.32605
2026-06-29 21:00:00+00:00,16066,1.32439,1.32611,1.32384,1.32445,1.32567,1.32637,1.32405,1.32463
2026-06-30 01:00:00+00:00,31272,1.32445,1.32471,1.32276,1.32277,1.32464,1.32491,1.32296,1.32298
2026-06-30 05:00:00+00:00,39519,1.32278,1.32464,1.32207,1.32294,1.32298,1.32481,1.32226,1.32314
2026-06-30 09:00:00+00:00,34657,1.32294,1.3239,1.32114,1.32147,1.32315,1.32409,1.3213,1.32165
2026-06-30 13:00:00+00:00,46806,1.32146,1.32759,1.32127,1.32501,1.32166,1.32779,1.32144,1.32519
2026-06-30 17:00:00+00:00,20082,1.32501,1.32653,1.32493,1.32593,1.32521,1.32671,1.32511,1.32628
2026-06-30 21:00:00+00:00,11841,1.32475,1.32593,1.32432,1.32446,1.32675,1.32737,1.32451,1.32467
2026-07-01 01:00:00+00:00,27398,1.32446,1.3245,1.3231,1.32408,1.32468,1.32469,1.32329,1.32426
2026-07-01 05:00:00+00:00,33938,1.32407,1.3252,1.32279,1.32458,1.32424,1.32539,1.32299,1.32478
2026-07-01 09:00:00+00:00,38664,1.32458,1.32561,1.3233,1.3236,1.32477,1.32582,1.32346,1.32381
2026-07-01 13:00:00+00:00,69481,1.3236,1.32914,1.32181,1.32806,1.32379,1.32932,1.322,1.32822
2026-07-01 17:00:00+00:00,23419,1.32808,1.32848,1.32677,1.32744,1.32825,1.32867,1.32697,1.32772
2026-07-01 21:00:00+00:00,14899,1.32669,1.32827,1.32622,1.32772,1.32869,1.32888,1.32717,1.32789
2026-07-02 01:00:00+00:00,24169,1.32774,1.32941,1.32762,1.32884,1.32789,1.32961,1.32778,1.32902
2026-07-02 05:00:00+00:00,52465,1.32887,1.33623,1.32856,1.33564,1.32905,1.33641,1.32873,1.33583
2026-07-02 09:00:00+00:00,62731,1.33561,1.33822,1.32962,1.33638,1.33581,1.33842,1.3298,1.33658
2026-07-02 13:00:00+00:00,82756,1.33639,1.3384,1.33484,1.33521,1.33658,1.33858,1.335,1.33541
2026-07-02 17:00:00+00:00,32798,1.33521,1.33531,1.33371,1.3346,1.33539,1.3355,1.33391,1.3348
2026-07-02 21:00:00+00:00,17137,1.33357,1.33483,1.3333,1.33469,1.33557,1.3362,1.33355,1.33487
2026-07-03 01:00:00+00:00,29423,1.33469,1.33656,1.33456,1.33644,1.33488,1.33677,1.33476,1.33662
2026-07-03 05:00:00+00:00,31991,1.33643,1.33804,1.33564,1.33594,1.33662,1.33822,1.3358,1.33614
2026-07-03 09:00:00+00:00,19663,1.33592,1.33631,1.33481,1.3355,1.33611,1.3365,1.33501,1.33568
2026-07-03 13:00:00+00:00,18131,1.33551,1.33578,1.33448,1.3354,1.33568,1.33597,1.33469,1.33559
2026-07-03 17:00:00+00:00,24538,1.33541,1.33575,1.33435,1.33436,1.33559,1.33636,1.33476,1.33636
2026-07-05 21:00:00+00:00,18130,1.33408,1.33557,1.33394,1.33522,1.33594,1.33656,1.33473,1.33541
2026-07-06 01:00:00+00:00,24442,1.33523,1.33534,1.33382,1.33421,1.3354,1.33554,1.33402,1.33441
2026-07-06 05:00:00+00:00,32349,1.33421,1.33494,1.33278,1.33368,1.3344,1.33513,1.33296,1.33384
2026-07-06 09:00:00+00:00,31502,1.33368,1.33509,1.33304,1.33414,1.33385,1.33528,1.33323,1.33433
2026-07-06 13:00:00+00:00,34754,1.33414,1.33758,1.33402,1.33748,1.33434,1.33777,1.3342,1.33766
2026-07-06 17:00:00+00:00,14994,1.33747,1.33964,1.3374,1.33885,1.33766,1.33983,1.33759,1.33909
2026-07-06 21:00:00+00:00,15215,1.338,1.34005,1.33795,1.33874,1.33975,1.34026,1.3388,1.33892
2026-07-07 01:00:00+00:00,21146,1.33874,1.3401,1.33872,1.3388,1.33891,1.34026,1.33889,1.339
2026-07-07 05:00:00+00:00,29599,1.33881,1.33929,1.33742,1.33907,1.339,1.33949,1.33761,1.33926
2026-07-07 09:00:00+00:00,27232,1.33907,1.33933,1.33685,1.33846,1.33924,1.33953,1.33704,1.33864
2026-07-07 13:00:00+00:00,38156,1.33846,1.33857,1.33599,1.33703,1.33866,1.33878,1.33617,1.33722
2026-07-07 17:00:00+00:00,23113,1.33705,1.33753,1.33479,1.33579,1.33724,1.33772,1.33498,1.33601
2026-07-07 21:00:00+00:00,19002,1.33453,1.3357,1.33422,1.33518,1.33616,1.33648,1.33439,1.33537
2026-07-08 01:00:00+00:00,34865,1.33518,1.33583,1.33413,1.33526,1.33538,1.33602,1.33432,1.33545
2026-07-08 05:00:00+00:00,47184,1.33526,1.33695,1.33367,1.33388,1.33544,1.33712,1.33385,1.33407
2026-07-08 09:00:00+00:00,53852,1.33389,1.33562,1.33212,1.33401,1.33407,1.33579,1.33232,1.33421
2026-07-08 13:00:00+00:00,57826,1.33398,1.33852,1.33396,1.33839,1.33419,1.33868,1.33414,1.33858
2026-07-08 17:00:00+00:00,31603,1.33839,1.34095,1.33839,1.33879,1.33857,1.34115,1.33856,1.33896
2026-07-08 21:00:00+00:00,13894,1.33896,1.34032,1.33801,1.33968,1.34014,1.34051,1.33896,1.33986
2026-07-09 01:00:00+00:00,23457,1.33968,1.34,1.33856,1.33982,1.33988,1.34018,1.33876,1.33999
2026-07-09 05:00:00+00:00,32599,1.33982,1.343,1.33979,1.34117,1.33998,1.34319,1.33995,1.34136
2026-07-09 09:00:00+00:00,29567,1.34118,1.34151,1.33798,1.33836,1.34136,1.34167,1.33818,1.33854
2026-07-09 13:00:00+00:00,34252,1.33836,1.34111,1.33836,1.34089,1.33856,1.3413,1.33854,1.34107
2026-07-09 17:00:00+00:00,16142,1.34087,1.34185,1.3404,1.34077,1.34107,1.34204,1.34059,1.341
2026-07-09 21:00:00+00:00,19395,1.33959,1.34241,1.33907,1.34216,1.34159,1.34261,1.34063,1.34235
2026-07-10 01:00:00+00:00,31730,1.34215,1.34509,1.34187,1.34295,1.34235,1.34529,1.34206,1.34314
2026-07-10 05:00:00+00:00,34595,1.34296,1.34354,1.34077,1.3409,1.34317,1.34371,1.34096,1.3411
2026-07-10 09:00:00+00:00,33377,1.3409,1.34368,1.34082,1.34204,1.34109,1.34384,1.34101,1.34219
2026-07-10 13:00:00+00:00,43338,1.34205,1.34224,1.33913,1.34103,1.34223,1.34242,1.3393,1.34121
2026-07-10 17:00:00+00:00,21456,1.341,1.34121,1.3392,1.33967,1.3412,1.34138,1.33938,1.34074
2026-07-12 21:00:00+00:00,27733,1.33877,1.33877,1.33679,1.3375,1.33904,1.33908,1.33705,1.33771
2026-07-13 01:00:00+00:00,49904,1.33751,1.33839,1.33657,1.33829,1.33771,1.33859,1.33679,1.33849
2026-07-13 05:00:00+00:00,56035,1.33829,1.34111,1.33734,1.33935,1.33848,1.34128,1.33754,1.33954
2026-07-13 09:00:00+00:00,42969,1.33934,1.34015,1.33808,1.33982,1.33954,1.34035,1.33828,1.34001
2026-07-13 13:00:00+00:00,64594,1.33984,1.34017,1.33565,1.33623,1.34003,1.34035,1.33585,1.33641
2026-07-13 17:00:00+00:00,32184,1.33627,1.33656,1.33416,1.33454,1.33644,1.33676,1.33435,1.33476
2026-07-13 21:00:00+00:00,27361,1.33459,1.33565,1.33415,1.33507,1.33652,1.33688,1.33433,1.33526
2026-07-14 01:00:00+00:00,41350,1.33504,1.33634,1.33498,1.33584,1.33524,1.33653,1.33517,1.33603
2026-07-14 05:00:00+00:00,45318,1.33584,1.33756,1.33505,1.33741,1.33602,1.33774,1.33522,1.33756
2026-07-14 09:00:00+00:00,60305,1.33744,1.34426,1.33653,1.34085,1.33759,1.3445,1.33671,1.34103
2026-07-14 13:00:00+00:00,72956,1.34085,1.34223,1.33747,1.3388,1.34104,1.34242,1.33766,1.339
2026-07-14 17:00:00+00:00,30107,1.33879,1.33911,1.33672,1.33903,1.339,1.33936,1.33691,1.33924
2026-07-14 21:00:00+00:00,15197,1.33789,1.34034,1.33705,1.34024,1.33938,1.34053,1.33882,1.34042
2026-07-15 01:00:00+00:00,25718,1.34022,1.34085,1.33975,1.34018,1.34042,1.34105,1.33996,1.34035
2026-07-15 05:00:00+00:00,33779,1.34019,1.34193,1.33903,1.33957,1.34035,1.3421,1.3392,1.33974
2026-07-15 09:00:00+00:00,37776,1.33959,1.34294,1.33797,1.34274,1.33975,1.3431,1.33816,1.34291
2026-07-15 13:00:00+00:00,55430,1.34277,1.35275,1.34209,1.3525,1.34293,1.35294,1.34229,1.35267
2026-07-15 17:00:00+00:00,34626,1.35251,1.35573,1.35249,1.35379,1.35271,1.35592,1.35268,1.35405
2026-07-15 21:00:00+00:00,22147,1.35271,1.35435,1.35252,1.35328,1.3546,1.3547,1.35284,1.35348
2026-07-16 01:00:00+00:00,30895,1.35331,1.35369,1.35188,1.35316,1.35351,1.3539,1.35208,1.35336
2026-07-16 05:00:00+00:00,36947,1.35317,1.35416,1.35181,1.35198,1.35336,1.35434,1.35198,1.35219
2026-07-16 09:00:00+00:00,38240,1.35199,1.35202,1.34929,1.34966,1.35218,1.35223,1.34945,1.34986
2026-07-16 13:00:00+00:00,48752,1.34969,1.35165,1.34645,1.34651,1.34986,1.35183,1.34662,1.34669
2026-07-16 17:00:00+00:00,26184,1.34651,1.34794,1.34588,1.34779,1.3467,1.34812,1.34605,1.34807
2026-07-16 21:00:00+00:00,13772,1.34704,1.34778,1.34687,1.34763,1.34863,1.34899,1.34706,1.34782
2026-07-17 01:00:00+00:00,35314,1.34762,1.34789,1.34561,1.3458,1.34783,1.34809,1.34582,1.34601
2026-07-17 05:00:00+00:00,39790,1.34583,1.348,1.34411,1.34422,1.34601,1.34819,1.3443,1.34442
2026-07-17 09:00:00+00:00,38464,1.34422,1.34459,1.34252,1.34308,1.34443,1.34478,1.34271,1.34325
2026-07-17 13:00:00+00:00,52446,1.34307,1.34551,1.34273,1.34551,1.34325,1.3457,1.34292,1.3457
2026-07-17 17:00:00+00:00,24805,1.34553,1.34591,1.34468,1.34476,1.34573,1.34612,1.34519,1.34567
2026-07-19 21:00:00+00:00,17099,1.34389,1.34512,1.34323,1.34499,1.34589,1.34596,1.34408,1.34519
2026-07-20 01:00:00+00:00,28385,1.34502,1.3467,1.34476,1.34653,1.34521,1.34691,1.34496,1.34674
2026-07-20 05:00:00+00:00,32563,1.34654,1.34805,1.34565,1.34687,1.34674,1.34823,1.34587,1.34706
2026-07-20 09:00:00+00:00,37229,1.34687,1.34778,1.34475,1.3454,1.34707,1.34798,1.34494,1.34558
2026-07-20 13:00:00+00:00,38115,1.3454,1.3458,1.34118,1.34196,1.34559,1.34597,1.34134,1.34213
2026-07-20 17:00:00+00:00,20693,1.34199,1.34387,1.34181,1.34298,1.34214,1.34407,1.34198,1.34316
2026-07-20 21:00:00+00:00,13818,1.34245,1.34341,1.34196,1.34304,1.34445,1.34446,1.34235,1.34325
2026-07-21 01:00:00+00:00,29482,1.34306,1.34399,1.34283,1.34392,1.34325,1.34417,1.34306,1.34412
2026-07-21 05:00:00+00:00,31465,1.34394,1.34547,1.34262,1.34282,1.34415,1.34567,1.34281,1.34301
2026-07-21 09:00:00+00:00,28227,1.34282,1.34331,1.33812,1.3388,1.34303,1.3435,1.33831,1.33898
2026-07-21 13:00:00+00:00,40693,1.3388,1.33983,1.33585,1.33817,1.33897,1.34002,1.33603,1.33835
2026-07-21 17:00:00+00:00,18235,1.33817,1.33866,1.33728,1.3374,1.33836,1.33884,1.3375,1.33762
2026-07-21 21:00:00+00:00,20228,1.3369,1.33864,1.33664,1.33843,1.33807,1.33881,1.33747,1.33861
2026-07-22 01:00:00+00:00,27117,1.33842,1.3389,1.33787,1.3383,1.33861,1.3391,1.33805,1.33848
2026-07-22 05:00:00+00:00,37937,1.3383,1.33945,1.33684,1.33728,1.33849,1.33964,1.33703,1.33747
2026-07-22 09:00:00+00:00,33958,1.33727,1.33741,1.33535,1.33582,1.33743,1.3376,1.33556,1.33601
2026-07-22 13:00:00+00:00,37482,1.33582,1.339,1.33581,1.33723,1.33602,1.33918,1.336,1.33739
2026-07-22 17:00:00+00:00,14893,1.33721,1.33763,1.33679,1.33745,1.33739,1.3378,1.33695,1.33767
2026-07-22 21:00:00+00:00,14126,1.33681,1.33809,1.33653,1.33803,1.33881,1.33902,1.33685,1.33822
2026-07-23 01:00:00+00:00,32878,1.33805,1.33924,1.33789,1.33861,1.33822,1.33945,1.33809,1.33879
2026-07-23 05:00:00+00:00,34412,1.3386,1.33902,1.33601,1.33675,1.33879,1.33921,1.33618,1.33696
2026-07-23 09:00:00+00:00,43095,1.33676,1.33768,1.3334,1.33416,1.33695,1.33786,1.3336,1.33432
2026-07-23 13:00:00+00:00,60504,1.33418,1.33441,1.32981,1.33229,1.33434,1.33458,1.32998,1.33246
2026-07-23 17:00:00+00:00,20922,1.33229,1.3324,1.33104,1.33134,1.33247,1.33256,1.33126,1.33154
2026-07-23 21:00:00+00:00,16293,1.33072,1.33237,1.32979,1.33237,1.33272,1.33295,1.3312,1.33254
2026-07-24 01:00:00+00:00,25241,1.33239,1.33258,1.33056,1.33095,1.33256,1.33278,1.33074,1.33115
2026-07-24 05:00:00+00:00,29049,1.33098,1.33435,1.33064,1.33204,1.33116,1.33455,1.33094,1.33222
2026-07-24 09:00:00+00:00,31729,1.33204,1.33279,1.33049,1.33092,1.33221,1.33297,1.33069,1.3311
2026-07-24 13:00:00+00:00,40220,1.33091,1.33481,1.3305,1.33316,1.33107,1.33502,1.33069,1.33336
2026-07-24 17:00:00+00:00,16663,1.33317,1.33319,1.33157,1.33192,1.33336,1.33338,1.33179,1.33286
2026-07-26 21:00:00+00:00,20730,1.33429,1.33624,1.3323,1.33501,1.33528,1.33641,1.33416,1.33521
2026-07-27 01:00:00+00:00,32561,1.335,1.33629,1.3349,1.33501,1.33521,1.33646,1.3351,1.3352
2026-07-27 05:00:00+00:00,34545,1.335,1.33601,1.33297,1.33369,1.3352,1.33623,1.33318,1.33387
2026-07-27 09:00:00+00:00,33508,1.33369,1.33403,1.33035,1.33128,1.33388,1.33419,1.33053,1.33147
2026-07-27 13:00:00+00:00,45534,1.33129,1.33203,1.32984,1.33024,1.33147,1.3322,1.33002,1.33041
2026-07-27 17:00:00+00:00,19762,1.33025,1.33026,1.32835,1.3287,1.33043,1.33045,1.32855,1.32894
2026-07-27 21:00:00+00:00,16384,1.32868,1.32929,1.32736,1.32921,1.32894,1.33112,1.3287,1.32939
2026-07-28 01:00:00+00:00,25871,1.32923,1.33035,1.32889,1.32932,1.3294,1.33054,1.32907,1.3295
2026-07-28 05:00:00+00:00,29490,1.32931,1.33043,1.32847,1.33019,1.3295,1.33063,1.32866,1.33036
2026-07-28 09:00:00+00:00,30170,1.33019,1.33024,1.32725,1.3297,1.33037,1.33041,1.32744,1.32987
2026-07-28 13:00:00+00:00,42920,1.32969,1.33104,1.32847,1.33004,1.32987,1.33122,1.32866,1.33022
2026-07-28 17:00:00+00:00,18531,1.33005,1.33049,1.32857,1.32884,1.33022,1.33069,1.32876,1.32905
2026-07-28 21:00:00+00:00,18175,1.32795,1.32936,1.32791,1.32915,1.32995,1.33015,1.32819,1.32935
2026-07-29 01:00:00+00:00,33866,1.32915,1.33006,1.32808,1.32969,1.32936,1.33024,1.32827,1.32986
2026-07-29 05:00:00+00:00,27125,1.32969,1.33083,1.32939,1.3305,1.32987,1.33101,1.32957,1.33069
2026-07-29 09:00:00+00:00,29562,1.33049,1.33051,1.32779,1.32832,1.33069,1.33069,1.32798,1.32849
2026-07-29 13:00:00+00:00,35796,1.32831,1.33035,1.3279,1.32881,1.3285,1.33054,1.32807,1.32897
2026-07-29 17:00:00+00:00,80099,1.32881,1.33864,1.3278,1.33652,1.32898,1.33885,1.32886,1.33688
2026-07-29 21:00:00+00:00,35786,1.3368,1.33746,1.33494,1.33543,1.33703,1.33776,1.3354,1.33563
2026-07-30 01:00:00+00:00,31175,1.33544,1.33584,1.33408,1.33435,1.33563,1.33603,1.33429,1.33453
2026-07-30 05:00:00+00:00,41037,1.33434,1.33612,1.3332,1.33549,1.33455,1.33632,1.33341,1.33569
2026-07-30 09:00:00+00:00,58634,1.3355,1.34062,1.33548,1.33704,1.33566,1.34081,1.33566,1.33723
2026-07-30 13:00:00+00:00,101767,1.33706,1.34697,1.3366,1.34638,1.33723,1.34715,1.33682,1.34657
2026-07-30 17:00:00+00:00,30192,1.34639,1.34759,1.34536,1.34636,1.34657,1.34778,1.34554,1.34653
2026-07-30 21:00:00+00:00,20167,1.34574,1.347,1.34521,1.34575,1.34774,1.34783,1.3454,1.34595
2026-07-31 01:00:00+00:00,41327,1.34575,1.3462,1.34412,1.34448,1.34594,1.34639,1.34431,1.34468
2026-07-31 05:00:00+00:00,50019,1.34448,1.34635,1.34344,1.34584,1.3447,1.34655,1.34362,1.34601
2026-07-31 09:00:00+00:00,44537,1.34582,1.34672,1.34131,1.342,1.34601,1.34691,1.34162,1.34217
2026-07-31 13:00:00+00:00,75471,1.34199,1.34719,1.33994,1.34638,1.34215,1.34737,1.34012,1.34657
2026-07-31 17:00:00+00:00,53894,1.34638,1.34941,1.34638,1.34789,1.34658,1.34966,1.34656,1.34887
2026-08-02 21:00:00+00:00,35875,1.34911,1.35054,1.34748,1.34866,1.34981,1.35076,1.3484,1.34882
2026-08-03 01:00:00+00:00,41577,1.34867,1.34907,1.34632,1.34711,1.34882,1.34926,1.34652,1.34732
2026-08-03 05:00:00+00:00,42893,1.34711,1.34772,1.34521,1.34539,1.34731,1.34789,1.3454,1.34558
2026-08-03 09:00:00+00:00,37709,1.34536,1.34704,1.34472,1.34633,1.34555,1.34722,1.3449,1.34651
2026-08-03 13:00:00+00:00,44478,1.34633,1.34662,1.34216,1.34244,1.3465,1.34681,1.34236,1.34263
2026-08-03 17:00:00+00:00,21334,1.34245,1.34336,1.34167,1.34323,1.34265,1.34356,1.34184,1.34343
2026-08-03 21:00:00+00:00,19975,1.34208,1.34321,1.34191,1.34235,1.34389,1.34396,1.3425,1.34254
2026-08-04 01:00:00+00:00,34965,1.34236,1.34323,1.34192,1.34251,1.34254,1.34345,1.34211,1.34269
2026-08-04 05:00:00+00:00,36004,1.3425,1.34417,1.34187,1.34414,1.3427,1.34434,1.34205,1.34433
2026-08-04 09:00:00+00:00,35792,1.34413,1.34541,1.34351,1.3442,1.34431,1.34559,1.3437,1.34437
2026-08-04 13:00:00+00:00,41571,1.34421,1.34552,1.34369,1.34454,1.34439,1.34572,1.34388,1.34471
2026-08-04 17:00:00+00:00,22842,1.34453,1.34537,1.34389,1.34514,1.34471,1.34556,1.34405,1.34534
2026-08-04 21:00:00+00:00,18860,1.3439,1.34552,1.3439,1.34499,1.34565,1.3458,1.34489,1.34518
2026-08-05 01:00:00+00:00,30198,1.345,1.3459,1.3443,1.34542,1.34518,1.3461,1.3445,1.34559
2026-08-05 05:00:00+00:00,37903,1.34542,1.34698,1.34501,1.34559,1.34558,1.34716,1.3452,1.34577
2026-08-05 09:00:00+00:00,31212,1.34558,1.34832,1.3454,1.34691,1.34579,1.34849,1.34559,1.34708
2026-08-05 13:00:00+00:00,45758,1.34692,1.34854,1.34562,1.34591,1.34711,1.34872,1.34578,1.34607
2026-08-05 17:00:00+00:00,18529,1.34593,1.34723,1.34544,1.3467,1.34608,1.34742,1.34561,1.34693
2026-08-05 21:00:00+00:00,21654,1.34565,1.34702,1.34519,1.34658,1.34765,1.34785,1.34659,1.34677
2026-08-06 01:00:00+00:00,30809,1.3466,1.34717,1.34571,1.34593,1.34677,1.34737,1.34591,1.34612
2026-08-06 05:00:00+00:00,28504,1.34592,1.3465,1.34538,1.34634,1.34612,1.34668,1.34557,1.34652
2026-08-06 09:00:00+00:00,26249,1.34632,1.34711,1.34511,1.34686,1.34651,1.34729,1.34531,1.34703
2026-08-06 13:00:00+00:00,39709,1.34686,1.34785,1.34487,1.34552,1.34705,1.34804,1.34505,1.34569
2026-08-06 17:00:00+00:00,18837,1.34553,1.34585,1.34476,1.34532,1.34571,1.34602,1.34494,1.34549
2026-08-06 21:00:00+00:00,18767,1.34463,1.34545,1.34382,1.3449,1.34663,1.34663,1.34485,1.34509
2026-08-07 01:00:00+00:00,28734,1.3449,1.34558,1.34476,1.34528,1.3451,1.34576,1.34494,1.34547
2026-08-07 05:00:00+00:00,28192,1.34528,1.34572,1.34419,1.3442,1.34548,1.34591,1.34438,1.34439
2026-08-07 09:00:00+00:00,39591,1.3442,1.35073,1.34334,1.34992,1.3444,1.35091,1.34353,1.35009
2026-08-07 13:00:00+00:00,52204,1.34992,1.35081,1.34818,1.34955,1.35008,1.351,1.34837,1.34972
2026-08-07 17:00:00+00:00,24837,1.34954,1.35027,1.34876,1.34881,1.34972,1.35047,1.34905,1.34975
2026-08-09 21:00:00+00:00,30140,1.34889,1.34959,1.34757,1.34894,1.35053,1.35059,1.34888,1.34914
2026-08-10 01:00:00+00:00,24854,1.34895,1.3491,1.34822,1.34875,1.34914,1.34929,1.34842,1.34894
2026-08-10 05:00:00+00:00,33936,1.34874,1.35046,1.34863,1.35025,1.34892,1.35067,1.34884,1.35044
2026-08-10 09:00:00+00:00,26957,1.35026,1.3506,1.34894,1.34941,1.35043,1.35077,1.34913,1.34958
2026-08-10 13:00:00+00:00,36409,1.34942,1.35299,1.34939,1.35128,1.34958,1.35318,1.34958,1.35148
2026-08-10 17:00:00+00:00,15533,1.35129,1.35139,1.35044,1.35067,1.35148,1.35159,1.35063,1.3509
2026-08-10 21:00:00+00:00,10461,1.35011,1.35145,1.34976,1.351,1.35126,1.35165,1.35076,1.35119
2026-08-11 01:00:00+00:00,26728,1.351,1.35143,1.35018,1.35108,1.3512,1.35161,1.35039,1.35128
2026-08-11 05:00:00+00:00,30924,1.3511,1.35149,1.34936,1.35033,1.35128,1.35169,1.34954,1.35052
2026-08-11 09:00:00+00:00,29311,1.35035,1.35057,1.34913,1.34983,1.35051,1.35077,1.3493,1.35
2026-08-11 13:00:00+00:00,31135,1.34982,1.35148,1.3496,1.3505,1.34998,1.35166,1.34977,1.35066
2026-08-11 17:00:00+00:00,14273,1.35054,1.35086,1.34956,1.35073,1.35071,1.35101,1.34974,1.35092
2026-08-11 21:00:00+00:00,12000,1.35018,1.35105,1.35009,1.3507,1.35092,1.35126,1.35043,1.35089
2026-08-12 01:00:00+00:00,21207,1.3507,1.35083,1.35007,1.35064,1.3509,1.35104,1.35025,1.35083
2026-08-12 05:00:00+00:00,22464,1.35065,1.35117,1.35015,1.35101,1.35082,1.35136,1.35035,1.35118
2026-08-12 09:00:00+00:00,48279,1.35104,1.35451,1.35056,1.3537,1.35121,1.35492,1.35089,1.35388
2026-08-12 13:00:00+00:00,49593,1.35366,1.35402,1.34936,1.34963,1.35386,1.35421,1.34954,1.34981
2026-08-12 17:00:00+00:00,15208,1.34962,1.35008,1.34869,1.34943,1.34981,1.35026,1.34887,1.34962
2026-08-12 21:00:00+00:00,10577,1.34879,1.34998,1.34864,1.34967,1.35003,1.35018,1.34929,1.34986
2026-08-13 01:00:00+00:00,25574,1.34968,1.34987,1.34858,1.34947,1.34986,1.35005,1.34877,1.34967
2026-08-13 05:00:00+00:00,28916,1.34948,1.34994,1.34735,1.34781,1.34967,1.35023,1.34751,1.34798
2026-08-13 09:00:00+00:00,25344,1.34779,1.3509,1.34745,1.35081,1.34795,1.35108,1.34761,1.35099
2026-08-13 13:00:00+00:00,41215,1.3508,1.35123,1.34821,1.34849,1.35099,1.35141,1.34836,1.34869
2026-08-13 17:00:00+00:00,15543,1.3485,1.34885,1.34788,1.34859,1.34869,1.34902,1.34806,1.34881
2026-08-13 21:00:00+00:00,14605,1.34784,1.34973,1.34767,1.34967,1.3494,1.34993,1.34858,1.34987
2026-08-14 01:00:00+00:00,25422,1.34966,1.34993,1.34876,1.34964,1.34985,1.35012,1.34896,1.34982
2026-08-14 05:00:00+00:00,27852,1.34965,1.35264,1.34962,1.35218,1.34982,1.35283,1.34978,1.35237
2026-08-14 09:00:00+00:00,29996,1.35217,1.355,1.35188,1.35374,1.35235,1.35522,1.35207,1.35392
2026-08-14 13:00:00+00:00,44444,1.35374,1.3561,1.35334,1.35385,1.35393,1.3563,1.35354,1.35403
2026-08-14 17:00:00+00:00,19804,1.35385,1.35388,1.3526,1.35305,1.35401,1.35405,1.35279,1.35364
2026-08-16 21:00:00+00:00,12388,1.35313,1.35551,1.35276,1.35541,1.35513,1.35568,1.35321,1.35561
2026-08-17 01:00:00+00:00,24783,1.35545,1.3556,1.35458,1.35503,1.35561,1.35577,1.35477,1.35523
2026-08-17 05:00:00+00:00,31341,1.35502,1.35702,1.35486,1.35529,1.35523,1.35722,1.35502,1.35547
2026-08-17 09:00:00+00:00,27633,1.35531,1.35643,1.35509,1.35599,1.35547,1.35661,1.35526,1.35616
2026-08-17 13:00:00+00:00,30205,1.35599,1.35679,1.35494,1.35579,1.35617,1.35696,1.35512,1.35598
2026-08-17 17:00:00+00:00,16944,1.35579,1.3559,1.3535,1.35416,1.35599,1.35609,1.35367,1.35434
2026-08-17 21:00:00+00:00,14579,1.35384,1.35532,1.35292,1.35496,1.35584,1.35593,1.35435,1.35513
2026-08-18 01:00:00+00:00,30376,1.35497,1.35527,1.35302,1.35344,1.35513,1.35547,1.3532,1.35362
2026-08-18 05:00:00+00:00,30010,1.35344,1.3542,1.35189,1.35312,1.35361,1.3544,1.35205,1.35332
2026-08-18 09:00:00+00:00,24849,1.35312,1.35335,1.35189,1.35305,1.35331,1.35352,1.35207,1.35323
2026-08-18 13:00:00+00:00,39405,1.35306,1.35502,1.35272,1.35398,1.35322,1.3552,1.3529,1.35416
2026-08-18 17:00:00+00:00,17562,1.35399,1.35406,1.35277,1.35307,1.35416,1.35424,1.35293,1.35331
2026-08-18 21:00:00+00:00,16513,1.35246,1.35411,1.35218,1.35282,1.35446,1.35458,1.35299,1.35301
2026-08-19 01:00:00+00:00,35588,1.35281,1.35429,1.35226,1.35409,1.35299,1.35447,1.35246,1.35427
2026-08-19 05:00:00+00:00,35624,1.35408,1.35651,1.35385,1.35523,1.35427,1.3567,1.35405,1.35544
2026-08-19 09:00:00+00:00,36564,1.35523,1.36026,1.35468,1.35941,1.35543,1.36043,1.35484,1.35957
2026-08-19 13:00:00+00:00,61384,1.35942,1.36297,1.35941,1.36094,1.35957,1.36316,1.35957,1.36111
2026-08-19 17:00:00+00:00,29354,1.36094,1.36151,1.35887,1.3605,1.36112,1.36168,1.35907,1.36073
2026-08-19 21:00:00+00:00,17810,1.35933,1.36094,1.35933,1.35986,1.36133,1.36187,1.35982,1.36006
2026-08-20 01:00:00+00:00,39350,1.35986,1.36157,1.35936,1.36065,1.36005,1.36177,1.35954,1.36084
2026-08-20 05:00:00+00:00,39224,1.36066,1.36367,1.35991,1.36346,1.36084,1.36383,1.36008,1.36365
2026-08-20 09:00:00+00:00,39963,1.36347,1.36589,1.36194,1.36414,1.36365,1.36607,1.36212,1.36431
2026-08-20 13:00:00+00:00,53957,1.36415,1.3652,1.36227,1.36299,1.36433,1.36539,1.36247,1.36316
2026-08-20 17:00:00+00:00,18629,1.36299,1.36321,1.36198,1.36299,1.36317,1.36341,1.36215,1.36317
2026-08-20 21:00:00+00:00,15374,1.3625,1.36457,1.36218,1.3637,1.36341,1.36478,1.36299,1.3639
2026-08-21 01:00:00+00:00,30457,1.36373,1.36546,1.36358,1.36425,1.36391,1.36566,1.36377,1.36444
2026-08-21 05:00:00+00:00,36379,1.36425,1.36644,1.36345,1.36637,1.36446,1.36663,1.36364,1.36656
2026-08-21 09:00:00+00:00,39716,1.36639,1.36748,1.36343,1.36425,1.36655,1.36768,1.3636,1.36442
2026-08-21 13:00:00+00:00,45362,1.36426,1.36464,1.36176,1.36413,1.36442,1.36481,1.36193,1.3643
2026-08-21 17:00:00+00:00,24597,1.36412,1.36531,1.36388,1.36423,1.3643,1.36548,1.36405,1.36486
2026-08-23 21:00:00+00:00,16617,1.36258,1.36549,1.3625,1.36538,1.3642,1.3657,1.36379,1.36559
2026-08-24 01:00:00+00:00,35558,1.36538,1.36552,1.36403,1.36467,1.36558,1.36573,1.36423,1.36485
2026-08-24 05:00:00+00:00,39232,1.36466,1.36483,1.36202,1.36208,1.36485,1.36502,1.36221,1.36227
2026-08-24 09:00:00+00:00,35209,1.36209,1.36467,1.36207,1.36419,1.36227,1.36485,1.36226,1.36436
2026-08-24 13:00:00+00:00,43306,1.36419,1.36489,1.36279,1.36338,1.36435,1.36508,1.36296,1.36353
2026-08-24 17:00:00+00:00,21259,1.36338,1.36362,1.36239,1.36294,1.36354,1.36379,1.36258,1.36317
2026-08-24 21:00:00+00:00,16743,1.36238,1.36396,1.36221,1.36385,1.36438,1.36454,1.36317,1.36404
2026-08-25 01:00:00+00:00,34369,1.36384,1.36391,1.36226,1.36254,1.36404,1.36408,1.36246,1.36273
2026-08-25 05:00:00+00:00,32133,1.36254,1.36436,1.36211,1.36406,1.36271,1.36454,1.3623,1.36423
2026-08-25 09:00:00+00:00,31316,1.36405,1.36487,1.36253,1.36349,1.36424,1.36506,1.36272,1.36367
2026-08-25 13:00:00+00:00,39611,1.36349,1.36521,1.36267,1.36342,1.36368,1.3654,1.36283,1.36359
2026-08-25 17:00:00+00:00,20290,1.36341,1.36539,1.36329,1.36475,1.36359,1.36559,1.36346,1.365
2026-08-25 21:00:00+00:00,14992,1.36359,1.3649,1.36342,1.36442,1.36559,1.36598,1.36449,1.36463
2026-08-26 01:00:00+00:00,26933,1.36441,1.36468,1.36308,1.36318,1.3646,1.36488,1.36328,1.36336
2026-08-26 05:00:00+00:00,27058,1.36317,1.36399,1.36241,1.36278,1.36336,1.36417,1.36259,1.36297
2026-08-26 09:00:00+00:00,27786,1.36277,1.36348,1.3606,1.36065,1.36297,1.36373,1.36076,1.36081
2026-08-26 13:00:00+00:00,42466,1.36062,1.36081,1.35821,1.35897,1.36079,1.36098,1.35841,1.35913
2026-08-26 17:00:00+00:00,16565,1.35897,1.35973,1.35878,1.3596,1.35914,1.35995,1.35896,1.35981
2026-08-26 21:00:00+00:00,29521,1.35843,1.35976,1.35827,1.35915,1.36043,1.3605,1.35909,1.35934
2026-08-27 01:00:00+00:00,26516,1.35914,1.35942,1.35857,1.35871,1.35934,1.35961,1.35876,1.35888
2026-08-27 05:00:00+00:00,27541,1.3587,1.3596,1.3579,1.35792,1.35888,1.35978,1.35807,1.35808
2026-08-27 09:00:00+00:00,32981,1.35792,1.35831,1.35697,1.35737,1.35809,1.35849,1.35717,1.35756
2026-08-27 13:00:00+00:00,41458,1.35738,1.36019,1.35726,1.35927,1.35756,1.36036,1.35745,1.35945
2026-08-27 17:00:00+00:00,15507,1.35929,1.35961,1.35826,1.35922,1.35946,1.35979,1.35842,1.35942
2026-08-27 21:00:00+00:00,13054,1.35823,1.35976,1.35821,1.35951,1.35987,1.36031,1.35937,1.3597
2026-08-28 01:00:00+00:00,23967,1.35952,1.35972,1.35867,1.35879,1.3597,1.35991,1.35885,1.35898
2026-08-28 05:00:00+00:00,30653,1.35879,1.35939,1.35795,1.35867,1.35897,1.35958,1.35814,1.35886
2026-08-28 09:00:00+00:00,26780,1.35867,1.35912,1.35728,1.35833,1.35885,1.35929,1.35746,1.35848
2026-08-28 13:00:00+00:00,79542,1.35833,1.35977,1.35282,1.35363,1.35849,1.35999,1.35302,1.35382
2026-08-28 17:00:00+00:00,24384,1.35363,1.35396,1.3526,1.35314,1.35381,1.35416,1.35276,1.3538
2026-08-30 21:00:00+00:00,15456,1.35297,1.35463,1.35247,1.35443,1.35373,1.35482,1.35309,1.35459
2026-08-31 01:00:00+00:00,34647,1.35445,1.35464,1.35362,1.35439,1.35461,1.35483,1.35382,1.35459
2026-08-31 05:00:00+00:00,31147,1.35441,1.3555,1.35359,1.35395,1.35459,1.35568,1.35377,1.35411
2026-08-31 09:00:00+00:00,32120,1.35396,1.35461,1.35348,1.35376,1.35413,1.35478,1.35366,1.35393
2026-08-31 13:00:00+00:00,42180,1.35377,1.35645,1.3535,1.35481,1.35395,1.35664,1.35368,1.35499
2026-08-31 17:00:00+00:00,16175,1.3548,1.35525,1.35452,1.35479,1.35496,1.35542,1.35472,1.35499
2026-08-31 21:00:00+00:00,17965,1.35405,1.35588,1.35399,1.3552,1.35566,1.35609,1.35448,1.35539
2026-09-01 01:00:00+00:00,33544,1.35521,1.35527,1.35373,1.3542,1.35539,1.35545,1.35393,1.35439
2026-09-01 05:00:00+00:00,34238,1.35419,1.35487,1.35282,1.35405,1.35439,1.35507,1.35302,1.35424
2026-09-01 09:00:00+00:00,34849,1.35406,1.35476,1.35283,1.3529,1.35427,1.35495,1.353,1.35307
2026-09-01 13:00:00+00:00,40928,1.3529,1.35514,1.35136,1.35139,1.35306,1.35532,1.35151,1.35156
2026-09-01 17:00:00+00:00,17453,1.35138,1.35203,1.35053,1.35151,1.35156,1.3522,1.35069,1.3517
2026-09-01 21:00:00+00:00,19232,1.35069,1.35183,1.35053,1.35059,1.35205,1.35261,1.35078,1.35078
2026-09-02 01:00:00+00:00,33626,1.35058,1.35078,1.34953,1.34957,1.35078,1.35096,1.34972,1.34977
2026-09-02 05:00:00+00:00,38790,1.34958,1.3514,1.34888,1.35001,1.34977,1.35158,1.34905,1.35019
2026-09-02 09:00:00+00:00,38850,1.35002,1.35061,1.34738,1.34743,1.35019,1.3508,1.34754,1.34758
2026-09-02 13:00:00+00:00,56991,1.34743,1.35128,1.34741,1.34934,1.34759,1.35149,1.34757,1.34952
2026-09-02 17:00:00+00:00,21241,1.34935,1.34948,1.34825,1.3484,1.34952,1.34965,1.34842,1.34879
2026-09-02 21:00:00+00:00,15490,1.34782,1.34891,1.34782,1.3487,1.34942,1.34971,1.34811,1.3489
2026-09-03 01:00:00+00:00,36907,1.34871,1.34978,1.34797,1.34928,1.3489,1.34997,1.34815,1.34947
2026-09-03 05:00:00+00:00,52289,1.34928,1.35069,1.34825,1.34992,1.34948,1.35084,1.34844,1.3501
2026-09-03 09:00:00+00:00,50760,1.34992,1.35212,1.34835,1.35175,1.35009,1.3523,1.34855,1.35192
2026-09-03 13:00:00+00:00,59296,1.35175,1.35474,1.34995,1.35435,1.35193,1.35493,1.35014,1.35452
2026-09-03 17:00:00+00:00,22259,1.35436,1.35465,1.35216,1.35232,1.35452,1.35481,1.35232,1.35255
2026-09-03 21:00:00+00:00,18415,1.35205,1.3533,1.35199,1.35293,1.35346,1.3535,1.35242,1.35311
2026-09-04 01:00:00+00:00,33781,1.35293,1.35369,1.35258,1.3531,1.35312,1.35388,1.35276,1.35328
2026-09-04 05:00:00+00:00,32537,1.35309,1.35482,1.35283,1.35322,1.35328,1.35501,1.35302,1.35339
2026-09-04 09:00:00+00:00,49137,1.35321,1.35379,1.34832,1.3503,1.35337,1.35435,1.34848,1.35049
2026-09-04 13:00:00+00:00,55846,1.3503,1.35245,1.34939,1.35192,1.3505,1.35262,1.34958,1.35209
2026-09-04 17:00:00+00:00,19629,1.3519,1.3521,1.35099,1.3514,1.35209,1.35227,1.35117,1.35185
2026-09-06 21:00:00+00:00,21300,1.35098,1.35214,1.35083,1.35191,1.35298,1.35299,1.35152,1.3521
2026-09-07 01:00:00+00:00,22401,1.35192,1.35196,1.35047,1.35116,1.3521,1.35216,1.35064,1.35131
2026-09-07 05:00:00+00:00,33151,1.35113,1.35442,1.35091,1.35348,1.35128,1.35461,1.35109,1.35367
2026-09-07 09:00:00+00:00,25276,1.35348,1.35428,1.35284,1.35368,1.35365,1.35449,1.353,1.35384
2026-09-07 13:00:00+00:00,18014,1.35368,1.35468,1.35347,1.35458,1.35385,1.35487,1.35364,1.35475
2026-09-07 17:00:00+00:00,3582,1.35458,1.35458,1.3538,1.35397,1.35476,1.35476,1.354,1.35419
2026-09-07 21:00:00+00:00,16417,1.35287,1.35481,1.35278,1.35418,1.35487,1.35523,1.35417,1.35438
2026-09-08 01:00:00+00:00,30901,1.35417,1.3549,1.35327,1.35388,1.35436,1.3551,1.35345,1.35408
2026-09-08 05:00:00+00:00,39822,1.35387,1.35521,1.35212,1.35248,1.35408,1.35539,1.3523,1.35266
2026-09-08 09:00:00+00:00,35301,1.35249,1.35549,1.35207,1.35535,1.35266,1.35566,1.35225,1.35551
2026-09-08 13:00:00+00:00,35324,1.35534,1.35611,1.35299,1.35357,1.35551,1.3563,1.35316,1.35374
2026-09-08 17:00:00+00:00,19527,1.35357,1.35499,1.35351,1.35389,1.35375,1.35515,1.35368,1.35406
2026-09-08 21:00:00+00:00,13448,1.35301,1.35472,1.35301,1.3547,1.35417,1.35492,1.354,1.3549
2026-09-09 01:00:00+00:00,27879,1.35473,1.35498,1.35407,1.35494,1.35491,1.35516,1.35424,1.35514
2026-09-09 05:00:00+00:00,36021,1.35495,1.35671,1.35411,1.35419,1.35514,1.35688,1.35429,1.35437
2026-09-09 09:00:00+00:00,35595,1.35418,1.35657,1.35295,1.35501,1.35437,1.35675,1.35314,1.35518
2026-09-09 13:00:00+00:00,53265,1.35502,1.35643,1.35337,1.3551,1.3552,1.35661,1.35354,1.35526
2026-09-09 17:00:00+00:00,17698,1.35508,1.35601,1.35407,1.35459,1.35525,1.35618,1.35425,1.35482
2026-09-09 21:00:00+00:00,17774,1.35405,1.3552,1.35353,1.35447,1.35526,1.35648,1.35456,1.35465
2026-09-10 01:00:00+00:00,26771,1.35448,1.35595,1.35443,1.35525,1.35467,1.35614,1.35462,1.35543
2026-09-10 05:00:00+00:00,27703,1.35525,1.35586,1.35462,1.35558,1.35544,1.35606,1.35479,1.35576
2026-09-10 09:00:00+00:00,45988,1.35559,1.35569,1.34904,1.35104,1.35576,1.35586,1.3492,1.35122
2026-09-10 13:00:00+00:00,60802,1.35105,1.35337,1.34954,1.35228,1.35122,1.35356,1.34972,1.35246
2026-09-10 17:00:00+00:00,27383,1.35229,1.35298,1.35035,1.35104,1.35246,1.35317,1.35055,1.35129
2026-09-10 21:00:00+00:00,15872,1.35011,1.35151,1.34961,1.35148,1.35211,1.35256,1.35092,1.35168
2026-09-11 01:00:00+00:00,38314,1.35149,1.35156,1.34947,1.35021,1.35168,1.35176,1.34967,1.35041
2026-09-11 05:00:00+00:00,39582,1.35022,1.35257,1.35012,1.35051,1.35041,1.35276,1.35028,1.35069
2026-09-11 09:00:00+00:00,53500,1.3505,1.35234,1.34746,1.35234,1.35069,1.35252,1.34829,1.35252
2026-09-11 13:00:00+00:00,62530,1.35232,1.3534,1.35128,1.35223,1.35249,1.3536,1.35146,1.35241
2026-09-11 17:00:00+00:00,22926,1.35223,1.35279,1.35165,1.35242,1.35242,1.35296,1.35181,1.35286
2026-09-13 21:00:00+00:00,33657,1.35202,1.35276,1.35083,1.35176,1.3532,1.35369,1.35164,1.35194
2026-09-14 01:00:00+00:00,35654,1.35175,1.35191,1.35007,1.35028,1.35194,1.3521,1.35025,1.35046
2026-09-14 05:00:00+00:00,41766,1.35026,1.35057,1.34786,1.34826,1.35046,1.35074,1.34803,1.34844
2026-09-14 09:00:00+00:00,41566,1.34827,1.34953,1.34658,1.34683,1.34844,1.34972,1.34675,1.34701
2026-09-14 13:00:00+00:00,55888,1.34683,1.3508,1.34631,1.35047,1.347,1.35097,1.3465,1.35064
2026-09-14 17:00:00+00:00,26134,1.35048,1.3513,1.34953,1.34995,1.35066,1.35147,1.3497,1.35015
2026-09-14 21:00:00+00:00,22179,1.34959,1.3504,1.34938,1.34947,1.35062,1.3508,1.34957,1.34966
2026-09-15 01:00:00+00:00,27888,1.34945,1.34955,1.34821,1.3483,1.34964,1.34975,1.34836,1.34849
2026-09-15 05:00:00+00:00,35702,1.34835,1.34857,1.34635,1.34735,1.3485,1.34877,1.34652,1.34751
2026-09-15 09:00:00+00:00,33548,1.34736,1.34891,1.34672,1.34812,1.34753,1.3491,1.3469,1.3483
2026-09-15 13:00:00+00:00,40800,1.34811,1.34958,1.34688,1.34804,1.3483,1.34976,1.34708,1.34823
2026-09-15 17:00:00+00:00,21139,1.34805,1.34817,1.34704,1.34755,1.34823,1.34836,1.3472,1.34777
2026-09-15 21:00:00+00:00,18759,1.34679,1.34786,1.34655,1.34684,1.34865,1.34865,1.34675,1.34704
2026-09-16 01:00:00+00:00,24485,1.34684,1.3485,1.34643,1.34836,1.34705,1.34868,1.34663,1.34856
2026-09-16 05:00:00+00:00,34528,1.34837,1.34977,1.34659,1.34696,1.34856,1.35021,1.34676,1.34714
2026-09-16 09:00:00+00:00,30475,1.34694,1.34727,1.3444,1.34567,1.34714,1.34745,1.34472,1.34586
2026-09-16 13:00:00+00:00,36402,1.34566,1.34623,1.34414,1.34444,1.34583,1.34643,1.34433,1.34461
2026-09-16 17:00:00+00:00,72416,1.34442,1.34608,1.33714,1.33793,1.34461,1.34682,1.33733,1.33814
2026-09-16 21:00:00+00:00,14079,1.33706,1.33864,1.33703,1.33718,1.33906,1.33996,1.33732,1.33737
2026-09-17 01:00:00+00:00,23485,1.33717,1.33803,1.33685,1.33802,1.33737,1.33822,1.33703,1.3382
2026-09-17 05:00:00+00:00,29020,1.33801,1.34014,1.3377,1.33943,1.3382,1.34032,1.33789,1.33961
2026-09-17 09:00:00+00:00,48556,1.33943,1.34056,1.33487,1.33856,1.33963,1.34075,1.33505,1.33874
2026-09-17 13:00:00+00:00,46301,1.33855,1.33874,1.33355,1.33477,1.33874,1.33893,1.33371,1.33496
2026-09-17 17:00:00+00:00,16817,1.33478,1.33583,1.33443,1.33579,1.33496,1.33602,1.33462,1.33598
2026-09-17 21:00:00+00:00,12870,1.335,1.33613,1.33444,1.33603,1.33626,1.33652,1.33562,1.33623
2026-09-18 01:00:00+00:00,30499,1.33603,1.33751,1.33552,1.33682,1.33624,1.3377,1.33571,1.33702
2026-09-18 05:00:00+00:00,35597,1.33682,1.33742,1.33596,1.33699,1.337,1.33762,1.33616,1.33717
2026-09-18 09:00:00+00:00,35902,1.33696,1.3372,1.33347,1.33479,1.33715,1.33738,1.33365,1.33494
2026-09-18 13:00:00+00:00,44715,1.33476,1.33853,1.33384,1.33815,1.33491,1.3387,1.33403,1.33834
2026-09-18 17:00:00+00:00,19881,1.33817,1.33973,1.33816,1.33918,1.33834,1.33992,1.33834,1.33968
2026-09-20 21:00:00+00:00,16915,1.33825,1.33929,1.33775,1.33869,1.33913,1.34,1.33883,1.33888
2026-09-21 01:00:00+00:00,23332,1.33869,1.33924,1.33728,1.33773,1.33887,1.33943,1.33747,1.3379
2026-09-21 05:00:00+00:00,24811,1.33772,1.33878,1.33677,1.33822,1.3379,1.33896,1.33696,1.33839
2026-09-21 09:00:00+00:00,23833,1.33823,1.33995,1.33787,1.33903,1.33839,1.34015,1.33804,1.33922
2026-09-21 13:00:00+00:00,32290,1.33904,1.33936,1.33665,1.33684,1.33922,1.33955,1.33682,1.33702
2026-09-21 17:00:00+00:00,12825,1.33684,1.33736,1.33642,1.33671,1.337,1.33755,1.33659,1.33691
2026-09-21 21:00:00+00:00,14865,1.33595,1.33749,1.33579,1.33732,1.33712,1.33781,1.33693,1.33752
2026-09-22 01:00:00+00:00,27434,1.33733,1.33863,1.33613,1.3386,1.33754,1.33883,1.33633,1.33878
2026-09-22 05:00:00+00:00,41571,1.3386,1.33864,1.33252,1.33563,1.3388,1.33883,1.33271,1.33582
2026-09-22 09:00:00+00:00,47561,1.33564,1.33728,1.33465,1.33544,1.33584,1.33749,1.33484,1.33564
2026-09-22 13:00:00+00:00,44997,1.33545,1.33656,1.33207,1.33299,1.33563,1.33674,1.33225,1.33316
2026-09-22 17:00:00+00:00,21582,1.33298,1.33487,1.33225,1.33426,1.33314,1.33508,1.33242,1.33449
2026-09-22 21:00:00+00:00,11892,1.3338,1.33463,1.33344,1.33367,1.33561,1.33574,1.33374,1.33386
2026-09-23 01:00:00+00:00,23278,1.33368,1.33368,1.33141,1.3315,1.33386,1.33388,1.33159,1.33169
2026-09-23 05:00:00+00:00,29808,1.33149,1.33218,1.32927,1.33002,1.3317,1.33237,1.32944,1.33019
2026-09-23 09:00:00+00:00,34687,1.33002,1.33017,1.32625,1.32751,1.3302,1.33036,1.32645,1.32768
2026-09-23 13:00:00+00:00,56584,1.32752,1.32881,1.32291,1.32326,1.32767,1.32901,1.32311,1.32343
2026-09-23 17:00:00+00:00,29375,1.32323,1.32536,1.32228,1.32393,1.32342,1.32555,1.32245,1.32417
2026-09-23 21:00:00+00:00,16224,1.3233,1.32436,1.32223,1.32283,1.3253,1.32536,1.32239,1.32303
2026-09-24 01:00:00+00:00,32321,1.32284,1.3244,1.32237,1.32408,1.32303,1.32459,1.32255,1.32427
2026-09-24 05:00:00+00:00,43935,1.3241,1.32553,1.32297,1.32366,1.32429,1.3257,1.32316,1.32383
2026-09-24 09:00:00+00:00,43571,1.32366,1.3241,1.32137,1.32309,1.32385,1.32429,1.32154,1.32327
2026-09-24 13:00:00+00:00,57486,1.32308,1.32395,1.32087,1.3228,1.32324,1.32414,1.32106,1.32298
2026-09-24 17:00:00+00:00,31462,1.32281,1.32349,1.32033,1.32176,1.32298,1.32368,1.32052,1.322
2026-09-24 21:00:00+00:00,17632,1.32101,1.32188,1.3208,1.32134,1.3221,1.3225,1.321,1.32154
2026-09-25 01:00:00+00:00,25346,1.32135,1.3223,1.32092,1.32121,1.32154,1.32247,1.32111,1.32141
2026-09-25 05:00:00+00:00,32526,1.3212,1.32402,1.32112,1.32325,1.32141,1.3242,1.32131,1.32342
2026-09-25 09:00:00+00:00,37989,1.32324,1.32587,1.32299,1.32562,1.32342,1.32607,1.32318,1.3258
2026-09-25 13:00:00+00:00,65768,1.32564,1.32628,1.32284,1.32416,1.32582,1.32647,1.32302,1.32434
2026-09-25 17:00:00+00:00,26703,1.32418,1.32537,1.32395,1.32433,1.32437,1.32557,1.32411,1.32477
2026-09-27 21:00:00+00:00,21156,1.32319,1.32385,1.32211,1.32359,1.32358,1.32451,1.32247,1.32379
