time,volume,bid_open,bid_high,bid_low,bid_close,ask_open,ask_high,ask_low,ask_close
2025-09-30 21:00:00+00:00,6040,0.57929,0.57984,0.57888,0.57903,0.58129,0.58129,0.57907,0.57918
2025-10-01 01:00:00+00:00,5407,0.57905,0.58019,0.57856,0.58018,0.5792,0.58033,0.57871,0.58032
2025-10-01 05:00:00+00:00,12256,0.58018,0.58201,0.57983,0.58146,0.58034,0.58216,0.57996,0.58161
2025-10-01 09:00:00+00:00,16508,0.58146,0.5828,0.58026,0.58249,0.58159,0.58293,0.5804,0.58261
2025-10-01 13:00:00+00:00,17778,0.58249,0.58306,0.58074,0.58132,0.58262,0.58319,0.58089,0.58146
2025-10-01 17:00:00+00:00,3356,0.58133,0.58196,0.5811,0.58158,0.58146,0.58209,0.58124,0.58184
2025-10-01 21:00:00+00:00,7210,0.58157,0.58211,0.57964,0.58147,0.5818,0.58234,0.58126,0.5816
2025-10-02 01:00:00+00:00,6203,0.58149,0.58353,0.58122,0.58292,0.58162,0.58366,0.58136,0.58307
2025-10-02 05:00:00+00:00,10496,0.58291,0.58423,0.58291,0.58385,0.58303,0.58436,0.58303,0.58398
2025-10-02 09:00:00+00:00,9148,0.58385,0.58394,0.5819,0.58212,0.58397,0.58409,0.58204,0.58226
2025-10-02 13:00:00+00:00,14457,0.58214,0.58259,0.58022,0.58181,0.58227,0.58272,0.58036,0.58195
2025-10-02 17:00:00+00:00,2988,0.58181,0.58214,0.58149,0.58163,0.58193,0.58228,0.58163,0.58181
2025-10-02 21:00:00+00:00,3606,0.58162,0.58219,0.58019,0.582,0.58181,0.58242,0.58156,0.58212
2025-10-03 01:00:00+00:00,5542,0.58199,0.58247,0.58132,0.58139,0.58213,0.5826,0.58148,0.58155
2025-10-03 05:00:00+00:00,8871,0.5814,0.58331,0.58132,0.58311,0.58155,0.58345,0.58145,0.58324
2025-10-03 09:00:00+00:00,5851,0.58309,0.5836,0.58249,0.58333,0.58323,0.58374,0.58263,0.58349
2025-10-03 13:00:00+00:00,13066,0.58335,0.58377,0.5824,0.5833,0.58351,0.58391,0.58253,0.58344
2025-10-03 17:00:00+00:00,3770,0.58329,0.5835,0.58255,0.58282,0.58344,0.58362,0.58267,0.5834
2025-10-05 21:00:00+00:00,8223,0.58132,0.58281,0.58117,0.58277,0.58202,0.58295,0.58157,0.58289
2025-10-06 01:00:00+00:00,6330,0.58278,0.58396,0.58233,0.58301,0.58291,0.58413,0.58248,0.58315
2025-10-06 05:00:00+00:00,13484,0.583,0.58391,0.5816,0.58199,0.58315,0.58406,0.58173,0.58213
2025-10-06 09:00:00+00:00,10125,0.58197,0.58312,0.58099,0.58309,0.58213,0.58324,0.58112,0.58321
2025-10-06 13:00:00+00:00,10491,0.58307,0.58411,0.58275,0.58389,0.58321,0.58426,0.58288,0.58402
2025-10-06 17:00:00+00:00,2876,0.58388,0.58443,0.58383,0.58413,0.58402,0.58459,0.58397,0.58437
2025-10-06 21:00:00+00:00,5307,0.58354,0.58416,0.58248,0.58292,0.58483,0.58487,0.58295,0.58305
2025-10-07 01:00:00+00:00,6477,0.58292,0.58376,0.58233,0.58259,0.58306,0.58391,0.58249,0.58275
2025-10-07 05:00:00+00:00,10056,0.58256,0.58263,0.58043,0.5807,0.58272,0.58279,0.58058,0.58083
2025-10-07 09:00:00+00:00,8675,0.58068,0.58128,0.58006,0.58073,0.5808,0.58141,0.58021,0.58088
2025-10-07 13:00:00+00:00,14695,0.58074,0.58159,0.58022,0.58043,0.58088,0.58171,0.58036,0.58056
2025-10-07 17:00:00+00:00,4690,0.58042,0.58084,0.57935,0.57983,0.58057,0.58099,0.57949,0.58
2025-10-07 21:00:00+00:00,4563,0.57947,0.58011,0.5791,0.57949,0.58034,0.58039,0.57926,0.57969
2025-10-08 01:00:00+00:00,17451,0.57941,0.57941,0.57382,0.57436,0.57969,0.57969,0.57397,0.5745
2025-10-08 05:00:00+00:00,13867,0.57435,0.5766,0.57363,0.57565,0.57448,0.57675,0.57377,0.57579
2025-10-08 09:00:00+00:00,10974,0.57567,0.57807,0.57563,0.57782,0.57581,0.57821,0.57578,0.57796
2025-10-08 13:00:00+00:00,13152,0.57782,0.57865,0.5772,0.57766,0.57798,0.57879,0.57734,0.57778
2025-10-08 17:00:00+00:00,5472,0.57764,0.57868,0.57735,0.57861,0.57778,0.57892,0.57749,0.57889
2025-10-08 21:00:00+00:00,8090,0.57811,0.5793,0.57767,0.57908,0.57908,0.57944,0.57825,0.57921
2025-10-09 01:00:00+00:00,7167,0.57905,0.58057,0.57885,0.58035,0.5792,0.5807,0.579,0.58047
2025-10-09 05:00:00+00:00,13774,0.58032,0.58056,0.57597,0.57673,0.58046,0.5807,0.57613,0.57686
2025-10-09 09:00:00+00:00,10720,0.57674,0.57861,0.57671,0.57809,0.57686,0.57873,0.57685,0.57823
2025-10-09 13:00:00+00:00,20423,0.57811,0.57865,0.5737,0.57402,0.57825,0.57881,0.57384,0.57416
2025-10-09 17:00:00+00:00,6186,0.57401,0.57474,0.57334,0.5744,0.57414,0.57488,0.57346,0.57462
2025-10-09 21:00:00+00:00,6088,0.57419,0.57527,0.57416,0.57525,0.57573,0.57573,0.57432,0.5754
2025-10-10 01:00:00+00:00,6094,0.57525,0.57573,0.57495,0.57548,0.57539,0.57589,0.57509,0.57564
2025-10-10 05:00:00+00:00,11802,0.57548,0.57577,0.5739,0.57559,0.57563,0.57591,0.57407,0.57571
2025-10-10 09:00:00+00:00,9904,0.57558,0.57567,0.57468,0.57515,0.57572,0.57579,0.57483,0.5753
2025-10-10 13:00:00+00:00,27100,0.57515,0.57521,0.57193,0.57213,0.57529,0.57536,0.57207,0.57228
2025-10-10 17:00:00+00:00,8749,0.57213,0.57275,0.57146,0.57174,0.57227,0.57291,0.57174,0.57239
2025-10-12 21:00:00+00:00,13302,0.57359,0.57446,0.57173,0.57343,0.57474,0.57504,0.57231,0.57356
2025-10-13 01:00:00+00:00,9044,0.57344,0.57445,0.57312,0.57378,0.57358,0.57461,0.57326,0.57393
2025-10-13 05:00:00+00:00,15631,0.57381,0.57408,0.57237,0.57306,0.57395,0.57424,0.57253,0.57319
2025-10-13 09:00:00+00:00,12792,0.57306,0.57358,0.57183,0.5721,0.57321,0.57374,0.57197,0.57225
2025-10-13 13:00:00+00:00,13662,0.57209,0.57352,0.57183,0.57338,0.57226,0.57368,0.57198,0.57351
2025-10-13 17:00:00+00:00,3388,0.57336,0.57346,0.57244,0.5725,0.5735,0.57362,0.57262,0.57267
2025-10-13 21:00:00+00:00,5837,0.57211,0.57277,0.57135,0.57219,0.57318,0.57329,0.5715,0.57234
2025-10-14 01:00:00+00:00,10979,0.57219,0.57258,0.5702,0.57066,0.57235,0.57273,0.57036,0.57082
2025-10-14 05:00:00+00:00,16213,0.57065,0.57065,0.56841,0.56902,0.57079,0.57079,0.56855,0.56917
2025-10-14 09:00:00+00:00,11391,0.56899,0.56932,0.56821,0.56912,0.56915,0.56946,0.56834,0.56926
2025-10-14 13:00:00+00:00,15690,0.56911,0.57232,0.56905,0.57185,0.56924,0.57247,0.56919,0.57198
2025-10-14 17:00:00+00:00,6102,0.57182,0.57192,0.57073,0.57144,0.57197,0.57206,0.57087,0.57158
2025-10-14 21:00:00+00:00,4210,0.57096,0.57169,0.57051,0.57109,0.57226,0.57242,0.57064,0.57123
2025-10-15 01:00:00+00:00,7492,0.57108,0.57268,0.57097,0.572,0.57121,0.57284,0.57111,0.57213
2025-10-15 05:00:00+00:00,10075,0.57202,0.57313,0.57143,0.57257,0.57214,0.57327,0.57156,0.57271
2025-10-15 09:00:00+00:00,9554,0.57256,0.57296,0.57152,0.57165,0.57271,0.57309,0.57168,0.57178
2025-10-15 13:00:00+00:00,14686,0.57165,0.57299,0.57131,0.57203,0.57179,0.57313,0.57146,0.57218
2025-10-15 17:00:00+00:00,6351,0.57205,0.57233,0.5705,0.57231,0.57217,0.57251,0.57064,0.57249
2025-10-15 21:00:00+00:00,8919,0.5713,0.57332,0.5711,0.57287,0.5733,0.57348,0.57123,0.57303
2025-10-16 01:00:00+00:00,10770,0.57289,0.57548,0.57282,0.57433,0.57303,0.57563,0.57295,0.57447
2025-10-16 05:00:00+00:00,12511,0.57431,0.57488,0.57333,0.57368,0.57447,0.57502,0.57346,0.57383
2025-10-16 09:00:00+00:00,9950,0.57369,0.57403,0.57306,0.57375,0.57383,0.57418,0.57321,0.57387
2025-10-16 13:00:00+00:00,18658,0.57377,0.57398,0.57224,0.57307,0.57389,0.57413,0.57237,0.5732
2025-10-16 17:00:00+00:00,8654,0.57306,0.57365,0.57175,0.57234,0.57322,0.57379,0.57191,0.57258
2025-10-16 21:00:00+00:00,4937,0.57208,0.57299,0.57199,0.57271,0.57252,0.57314,0.57231,0.57287
2025-10-17 01:00:00+00:00,8899,0.57272,0.57352,0.57151,0.57323,0.57286,0.57366,0.57163,0.57336
2025-10-17 05:00:00+00:00,17918,0.57323,0.57365,0.57119,0.57194,0.57337,0.5738,0.57135,0.57209
2025-10-17 09:00:00+00:00,18887,0.57194,0.57423,0.57111,0.57163,0.5721,0.57438,0.57127,0.57177
2025-10-17 13:00:00+00:00,18730,0.57163,0.57261,0.57114,0.57223,0.57175,0.57275,0.57127,0.57238
2025-10-17 17:00:00+00:00,4974,0.57221,0.5738,0.57193,0.57201,0.57235,0.57396,0.57219,0.57269
2025-10-19 21:00:00+00:00,6066,0.57202,0.57362,0.57172,0.57355,0.57364,0.57447,0.57206,0.57371
2025-10-20 01:00:00+00:00,7577,0.57356,0.57427,0.57321,0.57352,0.5737,0.57442,0.57335,0.57364
2025-10-20 05:00:00+00:00,10913,0.57349,0.5742,0.57285,0.57379,0.57362,0.57435,0.57299,0.57393
2025-10-20 09:00:00+00:00,10387,0.57379,0.57389,0.57246,0.57322,0.57392,0.57404,0.57261,0.57335
2025-10-20 13:00:00+00:00,12841,0.57322,0.57526,0.57297,0.57479,0.57337,0.5754,0.57311,0.57493
2025-10-20 17:00:00+00:00,3970,0.57479,0.57501,0.57425,0.57428,0.57492,0.57515,0.57439,0.57449
2025-10-20 21:00:00+00:00,4856,0.57327,0.57514,0.57327,0.57499,0.57465,0.57556,0.57426,0.57514
2025-10-21 01:00:00+00:00,8742,0.575,0.57501,0.5725,0.57287,0.57513,0.57515,0.57267,0.57301
2025-10-21 05:00:00+00:00,16030,0.57288,0.57298,0.57088,0.5715,0.57304,0.57312,0.57104,0.57163
2025-10-21 09:00:00+00:00,12058,0.57149,0.57289,0.57104,0.57287,0.57161,0.57304,0.57119,0.57303
2025-10-21 13:00:00+00:00,17188,0.57287,0.57492,0.57187,0.57418,0.57302,0.57505,0.57202,0.57433
2025-10-21 17:00:00+00:00,4124,0.57417,0.57462,0.57382,0.57409,0.57433,0.57476,0.57396,0.57425
2025-10-21 21:00:00+00:00,5316,0.5734,0.57462,0.57338,0.57404,0.57413,0.57478,0.57395,0.57419
2025-10-22 01:00:00+00:00,7867,0.57405,0.57513,0.57379,0.57512,0.57421,0.57527,0.57392,0.57527
2025-10-22 05:00:00+00:00,13409,0.57513,0.57603,0.57436,0.57469,0.57527,0.57617,0.5745,0.57483
2025-10-22 09:00:00+00:00,11119,0.57467,0.57493,0.57372,0.57417,0.5748,0.57507,0.57386,0.57429
2025-10-22 13:00:00+00:00,21275,0.57414,0.57515,0.57373,0.57472,0.57428,0.57529,0.57386,0.57488
2025-10-22 17:00:00+00:00,7847,0.57475,0.57477,0.57341,0.57379,0.57489,0.57492,0.57356,0.57401
2025-10-22 21:00:00+00:00,4902,0.57362,0.57413,0.57328,0.57401,0.57429,0.57454,0.57344,0.57415
2025-10-23 01:00:00+00:00,7125,0.57401,0.57421,0.57238,0.57299,0.57417,0.57435,0.57253,0.57314
2025-10-23 05:00:00+00:00,9763,0.57297,0.57509,0.57278,0.57444,0.57313,0.57522,0.57293,0.57456
2025-10-23 09:00:00+00:00,7706,0.57445,0.57496,0.57383,0.57439,0.57459,0.57511,0.57397,0.57452
2025-10-23 13:00:00+00:00,11646,0.57436,0.57533,0.57433,0.5747,0.5745,0.57547,0.57448,0.57485
2025-10-23 17:00:00+00:00,4049,0.57469,0.57546,0.57436,0.5751,0.57483,0.5756,0.57452,0.57533
2025-10-23 21:00:00+00:00,5481,0.57474,0.57582,0.57463,0.57556,0.57565,0.57598,0.57505,0.57571
2025-10-24 01:00:00+00:00,7636,0.57556,0.5757,0.57444,0.57472,0.5757,0.57586,0.57458,0.57487
2025-10-24 05:00:00+00:00,9906,0.57474,0.57561,0.57408,0.5743,0.57488,0.57576,0.57422,0.57443
2025-10-24 09:00:00+00:00,13079,0.57428,0.57784,0.57378,0.57575,0.57442,0.57837,0.57393,0.57589
2025-10-24 13:00:00+00:00,17455,0.57576,0.57616,0.57376,0.57457,0.57589,0.5763,0.57389,0.57471
2025-10-24 17:00:00+00:00,2686,0.57457,0.57501,0.57438,0.57454,0.5747,0.57518,0.57461,0.57511
2025-10-26 21:00:00+00:00,6676,0.57732,0.57747,0.5755,0.57606,0.57824,0.57824,0.57588,0.57621
2025-10-27 01:00:00+00:00,7335,0.57606,0.57695,0.57527,0.57559,0.57619,0.57708,0.57541,0.57575
2025-10-27 05:00:00+00:00,10405,0.57561,0.57701,0.5751,0.57584,0.57575,0.57716,0.57525,0.57599
2025-10-27 09:00:00+00:00,9672,0.57582,0.57674,0.57557,0.57632,0.57598,0.57687,0.5757,0.57647
2025-10-27 13:00:00+00:00,11001,0.57632,0.5768,0.57544,0.57648,0.57646,0.57693,0.57558,0.57662
2025-10-27 17:00:00+00:00,3670,0.57648,0.57735,0.57622,0.57681,0.57661,0.57749,0.57637,0.577
2025-10-27 21:00:00+00:00,6092,0.57672,0.57796,0.57666,0.57758,0.57702,0.57808,0.57695,0.5777
2025-10-28 01:00:00+00:00,8300,0.57758,0.57835,0.57703,0.57823,0.57772,0.5785,0.57717,0.57837
2025-10-28 05:00:00+00:00,10021,0.57821,0.57831,0.57617,0.57625,0.57837,0.57845,0.5763,0.57641
2025-10-28 09:00:00+00:00,8201,0.57625,0.57752,0.57614,0.57659,0.57639,0.57767,0.5763,0.57673
2025-10-28 13:00:00+00:00,15041,0.57659,0.57877,0.57582,0.57875,0.57674,0.57892,0.57595,0.57891
2025-10-28 17:00:00+00:00,4012,0.57877,0.57886,0.57786,0.57802,0.57892,0.57903,0.57802,0.57825
2025-10-28 21:00:00+00:00,9302,0.57798,0.5789,0.57749,0.57791,0.57818,0.57933,0.57772,0.57807
2025-10-29 01:00:00+00:00,9401,0.5779,0.57857,0.57712,0.57797,0.57807,0.57872,0.57727,0.57811
2025-10-29 05:00:00+00:00,12077,0.57797,0.57956,0.57744,0.57744,0.57813,0.5797,0.57758,0.57758
2025-10-29 09:00:00+00:00,10727,0.57743,0.57862,0.57725,0.57794,0.57756,0.57876,0.5774,0.57808
2025-10-29 13:00:00+00:00,13377,0.57797,0.58007,0.57785,0.57961,0.5781,0.58023,0.57799,0.57975
2025-10-29 17:00:00+00:00,22778,0.57958,0.57978,0.57482,0.57624,0.57974,0.57992,0.57497,0.57645
2025-10-29 21:00:00+00:00,5299,0.57609,0.57754,0.57555,0.57744,0.57638,0.57768,0.57605,0.57756
2025-10-30 01:00:00+00:00,14751,0.57741,0.57878,0.5767,0.57858,0.57754,0.57892,0.57684,0.57872
2025-10-30 05:00:00+00:00,15333,0.57858,0.57866,0.5766,0.57721,0.57871,0.5788,0.57675,0.57737
2025-10-30 09:00:00+00:00,11216,0.5772,0.57732,0.57293,0.573,0.57738,0.57746,0.57306,0.57312
2025-10-30 13:00:00+00:00,15877,0.57298,0.57478,0.57251,0.57444,0.57312,0.57493,0.57267,0.57458
2025-10-30 17:00:00+00:00,4780,0.57443,0.57461,0.5736,0.57409,0.57459,0.57476,0.57373,0.57427
2025-10-30 21:00:00+00:00,4074,0.57412,0.57443,0.57378,0.57404,0.57432,0.57457,0.57393,0.57418
2025-10-31 01:00:00+00:00,8394,0.57403,0.57424,0.57268,0.57325,0.57419,0.57438,0.57283,0.57338
2025-10-31 05:00:00+00:00,9573,0.57324,0.57326,0.57134,0.57212,0.57338,0.57338,0.57148,0.57227
2025-10-31 09:00:00+00:00,9127,0.57209,0.57265,0.57141,0.5715,0.57221,0.57279,0.57154,0.57165
2025-10-31 13:00:00+00:00,17167,0.57149,0.57318,0.57133,0.57197,0.57163,0.57332,0.57146,0.57212
2025-10-31 17:00:00+00:00,3935,0.57197,0.57255,0.57148,0.57224,0.5721,0.57299,0.57162,0.5728
2025-11-02 22:00:00+00:00,5868,0.57166,0.57243,0.57121,0.57141,0.57257,0.5726,0.57136,0.57156
2025-11-03 02:00:00+00:00,5572,0.57142,0.57293,0.57132,0.57274,0.57156,0.57308,0.57145,0.57288
2025-11-03 06:00:00+00:00,9378,0.57273,0.57294,0.57152,0.57158,0.57288,0.57309,0.57166,0.57173
2025-11-03 10:00:00+00:00,8442,0.57157,0.57196,0.57071,0.57084,0.5717,0.5721,0.57085,0.57098
2025-11-03 14:00:00+00:00,11508,0.57083,0.57116,0.56916,0.57075,0.57098,0.5713,0.56931,0.57088
2025-11-03 18:00:00+00:00,3210,0.57075,0.57098,0.57042,0.57063,0.57088,0.57114,0.57058,0.57082
2025-11-03 22:00:00+00:00,7545,0.56968,0.57089,0.56851,0.56926,0.57161,0.57161,0.56865,0.5694
2025-11-04 02:00:00+00:00,9963,0.56926,0.56989,0.56785,0.56798,0.56938,0.57006,0.56798,0.56811
2025-11-04 06:00:00+00:00,13404,0.568,0.56888,0.56601,0.56609,0.56814,0.56901,0.56617,0.56624
2025-11-04 10:00:00+00:00,9141,0.56609,0.56701,0.5657,0.56602,0.56625,0.56714,0.56584,0.56615
2025-11-04 14:00:00+00:00,11224,0.56602,0.56669,0.56544,0.56555,0.56617,0.56684,0.56558,0.5657
2025-11-04 18:00:00+00:00,4282,0.56555,0.56567,0.56346,0.5642,0.5657,0.56582,0.5636,0.56442
2025-11-04 22:00:00+00:00,9702,0.56478,0.56498,0.56298,0.56354,0.56614,0.56698,0.56313,0.56368
2025-11-05 02:00:00+00:00,7715,0.56354,0.56603,0.56354,0.5652,0.5637,0.56617,0.56368,0.56533
2025-11-05 06:00:00+00:00,8490,0.56522,0.56582,0.56463,0.5647,0.56535,0.56596,0.56476,0.56483
2025-11-05 10:00:00+00:00,9578,0.56468,0.56493,0.56379,0.56429,0.56483,0.5652,0.56394,0.56443
2025-11-05 14:00:00+00:00,14887,0.56429,0.56628,0.56348,0.56594,0.56441,0.56644,0.56402,0.56609
2025-11-05 18:00:00+00:00,2925,0.56594,0.56647,0.56589,0.56616,0.56609,0.56663,0.56603,0.56632
2025-11-05 22:00:00+00:00,5671,0.56474,0.5666,0.56463,0.56648,0.56674,0.56684,0.5657,0.56662
2025-11-06 02:00:00+00:00,5687,0.56649,0.56681,0.56582,0.56588,0.56662,0.56697,0.56598,0.56602
2025-11-06 06:00:00+00:00,7909,0.56585,0.56657,0.56502,0.56593,0.56601,0.56671,0.56516,0.56606
2025-11-06 10:00:00+00:00,7742,0.56596,0.56695,0.56557,0.56608,0.56609,0.56709,0.56571,0.56621
2025-11-06 14:00:00+00:00,16193,0.56606,0.5661,0.56251,0.56336,0.5662,0.56622,0.56266,0.5635
2025-11-06 18:00:00+00:00,5697,0.56336,0.56429,0.56289,0.56343,0.5635,0.56443,0.56306,0.56361
2025-11-06 22:00:00+00:00,5900,0.56331,0.56399,0.56247,0.56282,0.56401,0.56414,0.56262,0.56297
2025-11-07 02:00:00+00:00,6659,0.56284,0.5631,0.56142,0.56182,0.56296,0.56325,0.56157,0.56196
2025-11-07 06:00:00+00:00,8254,0.56183,0.56212,0.56054,0.56156,0.56196,0.56227,0.5607,0.56172
2025-11-07 10:00:00+00:00,9997,0.56156,0.56281,0.56118,0.56211,0.5617,0.56297,0.5613,0.56225
2025-11-07 14:00:00+00:00,16419,0.56213,0.5624,0.56085,0.56219,0.56225,0.56254,0.561,0.56233
2025-11-07 18:00:00+00:00,4560,0.56218,0.56322,0.56203,0.56231,0.56234,0.56338,0.56217,0.56302
2025-11-09 22:00:00+00:00,8468,0.56229,0.56319,0.56197,0.56283,0.56335,0.56349,0.56212,0.56297
2025-11-10 02:00:00+00:00,6664,0.56284,0.5638,0.56241,0.56356,0.56296,0.56394,0.56256,0.56371
2025-11-10 06:00:00+00:00,9026,0.56356,0.56498,0.56289,0.56492,0.5637,0.56513,0.56302,0.56505
2025-11-10 10:00:00+00:00,6959,0.56491,0.56491,0.56372,0.56398,0.56506,0.56506,0.56386,0.56413
2025-11-10 14:00:00+00:00,11372,0.56395,0.56462,0.56266,0.56452,0.5641,0.56478,0.5628,0.56467
2025-11-10 18:00:00+00:00,3171,0.56452,0.56478,0.56432,0.5644,0.56467,0.56494,0.56448,0.56459
2025-11-10 22:00:00+00:00,5846,0.5646,0.56468,0.56361,0.56388,0.56502,0.56544,0.56375,0.56401
2025-11-11 02:00:00+00:00,5927,0.5639,0.56466,0.56333,0.56333,0.56403,0.56481,0.56348,0.56349
2025-11-11 06:00:00+00:00,8542,0.56333,0.56459,0.56307,0.56426,0.56348,0.56473,0.56321,0.56439
2025-11-11 10:00:00+00:00,8875,0.56426,0.5665,0.56404,0.56636,0.5644,0.56663,0.56418,0.5665
2025-11-11 14:00:00+00:00,11054,0.56637,0.56683,0.56504,0.56588,0.5665,0.56697,0.56517,0.56603
2025-11-11 18:00:00+00:00,3434,0.56588,0.56619,0.56529,0.56534,0.56603,0.56635,0.56543,0.56554
2025-11-11 22:00:00+00:00,5508,0.5647,0.56567,0.56469,0.56554,0.56573,0.56582,0.56518,0.56568
2025-11-12 02:00:00+00:00,5574,0.56553,0.56596,0.56449,0.56527,0.56568,0.56612,0.56463,0.56539
2025-11-12 06:00:00+00:00,8872,0.56526,0.5659,0.56519,0.56544,0.56539,0.56603,0.56534,0.56558
2025-11-12 10:00:00+00:00,8660,0.56543,0.56659,0.56531,0.5659,0.56558,0.56674,0.56546,0.56604
2025-11-12 14:00:00+00:00,13177,0.56591,0.56648,0.56553,0.56635,0.56604,0.56664,0.56568,0.56648
2025-11-12 18:00:00+00:00,5076,0.56635,0.56701,0.56627,0.56653,0.56648,0.56717,0.56643,0.56678
2025-11-12 22:00:00+00:00,10137,0.56575,0.56663,0.56465,0.56564,0.56775,0.56793,0.56479,0.56577
2025-11-13 02:00:00+00:00,7914,0.56562,0.56606,0.56439,0.56445,0.56577,0.56622,0.56454,0.56461
2025-11-13 06:00:00+00:00,12011,0.56447,0.56819,0.56339,0.56747,0.56461,0.56835,0.56354,0.5676
2025-11-13 10:00:00+00:00,10808,0.56745,0.56752,0.56582,0.56637,0.56759,0.56766,0.56596,0.56652
2025-11-13 14:00:00+00:00,18753,0.56638,0.56774,0.56598,0.56712,0.56654,0.56787,0.56612,0.56728
2025-11-13 18:00:00+00:00,8380,0.56712,0.56712,0.56512,0.56529,0.56728,0.56728,0.56527,0.5655
2025-11-13 22:00:00+00:00,7431,0.5648,0.56768,0.5645,0.56753,0.5668,0.56824,0.56464,0.56768
2025-11-14 02:00:00+00:00,7596,0.56754,0.56908,0.56727,0.56872,0.56768,0.56923,0.5674,0.56887
2025-11-14 06:00:00+00:00,14223,0.56871,0.56879,0.56675,0.56751,0.56885,0.56894,0.56688,0.56763
2025-11-14 10:00:00+00:00,12432,0.56747,0.56877,0.56686,0.56799,0.56762,0.56889,0.56699,0.56813
2025-11-14 14:00:00+00:00,15955,0.56801,0.56903,0.5677,0.56818,0.56813,0.56916,0.56784,0.56832
2025-11-14 18:00:00+00:00,5140,0.56817,0.56821,0.56746,0.56779,0.56832,0.56838,0.5676,0.56833
2025-11-16 22:00:00+00:00,6690,0.56764,0.56804,0.56602,0.5663,0.56823,0.5683,0.56616,0.56644
2025-11-17 02:00:00+00:00,5917,0.56632,0.56716,0.56571,0.56702,0.56645,0.56731,0.56586,0.56715
2025-11-17 06:00:00+00:00,9794,0.56704,0.56885,0.56665,0.56692,0.56716,0.56899,0.56679,0.56706
2025-11-17 10:00:00+00:00,9359,0.56691,0.56728,0.56595,0.56632,0.56704,0.56742,0.56609,0.56644
2025-11-17 14:00:00+00:00,15123,0.5663,0.56745,0.56583,0.56681,0.56642,0.56758,0.56597,0.56697
2025-11-17 18:00:00+00:00,7081,0.56681,0.56681,0.56481,0.56568,0.56697,0.56697,0.56497,0.56588
2025-11-17 22:00:00+00:00,6387,0.56567,0.56598,0.56484,0.56569,0.56624,0.56624,0.56498,0.56583
2025-11-18 02:00:00+00:00,9840,0.56568,0.5658,0.56376,0.56528,0.5658,0.56593,0.56391,0.56542
2025-11-18 06:00:00+00:00,10946,0.56526,0.56688,0.56481,0.5665,0.56542,0.56701,0.56496,0.56664
2025-11-18 10:00:00+00:00,10463,0.56649,0.56743,0.56591,0.56688,0.56662,0.56759,0.56605,0.56702
2025-11-18 14:00:00+00:00,20517,0.5669,0.56692,0.56465,0.56621,0.56702,0.56706,0.56478,0.56637
2025-11-18 18:00:00+00:00,6472,0.56621,0.56678,0.56545,0.56569,0.56637,0.56693,0.56561,0.56587
2025-11-18 22:00:00+00:00,6413,0.56589,0.56613,0.56357,0.56377,0.56616,0.56626,0.56372,0.5639
2025-11-19 02:00:00+00:00,8176,0.56377,0.56419,0.56273,0.56346,0.56392,0.56433,0.56288,0.5636
2025-11-19 06:00:00+00:00,9425,0.56344,0.56429,0.5627,0.56327,0.56358,0.56443,0.56282,0.56341
2025-11-19 10:00:00+00:00,9063,0.56327,0.56338,0.56209,0.56227,0.56342,0.56352,0.56223,0.56239
2025-11-19 14:00:00+00:00,17105,0.56226,0.56237,0.55892,0.5594,0.56239,0.56252,0.55907,0.55957
2025-11-19 18:00:00+00:00,9172,0.5594,0.56053,0.55898,0.56033,0.55956,0.56067,0.55914,0.56045
2025-11-19 22:00:00+00:00,7273,0.55993,0.56144,0.55982,0.56034,0.56074,0.5616,0.56031,0.56046
2025-11-20 02:00:00+00:00,7132,0.56032,0.56122,0.55945,0.56034,0.56046,0.56134,0.55959,0.56048
2025-11-20 06:00:00+00:00,9725,0.56032,0.5615,0.56022,0.5615,0.56048,0.56164,0.56036,0.56163
2025-11-20 10:00:00+00:00,14440,0.5615,0.56322,0.55904,0.56253,0.56164,0.56335,0.56066,0.56269
2025-11-20 14:00:00+00:00,24752,0.56254,0.56382,0.55887,0.55919,0.56269,0.56397,0.55902,0.55931
2025-11-20 18:00:00+00:00,9576,0.55919,0.56012,0.55819,0.55827,0.55931,0.56028,0.55836,0.55839
2025-11-20 22:00:00+00:00,10375,0.55822,0.55967,0.55755,0.55943,0.55979,0.5607,0.55819,0.55958
2025-11-21 02:00:00+00:00,7777,0.55944,0.56014,0.55896,0.55956,0.55958,0.56028,0.5591,0.5597
2025-11-21 06:00:00+00:00,12656,0.55958,0.56066,0.55909,0.5594,0.55973,0.56081,0.55925,0.55953
2025-11-21 10:00:00+00:00,17832,0.55938,0.56067,0.55821,0.56047,0.55952,0.56081,0.55835,0.56061
2025-11-21 14:00:00+00:00,22464,0.56047,0.56119,0.55867,0.56078,0.5606,0.56133,0.55882,0.56092
2025-11-21 18:00:00+00:00,8298,0.56078,0.56151,0.56007,0.56097,0.56093,0.56166,0.56022,0.56163
2025-11-23 22:00:00+00:00,4836,0.56074,0.56138,0.56022,0.56063,0.56134,0.56165,0.56036,0.56076
2025-11-24 02:00:00+00:00,5950,0.56061,0.56137,0.56042,0.56047,0.56076,0.56151,0.56056,0.5606
2025-11-24 06:00:00+00:00,10556,0.56046,0.56135,0.55948,0.55987,0.5606,0.56148,0.55962,0.56
2025-11-24 10:00:00+00:00,10477,0.55986,0.56139,0.5598,0.56075,0.55998,0.56154,0.55992,0.56088
2025-11-24 14:00:00+00:00,12731,0.56072,0.56119,0.55973,0.56078,0.56086,0.56134,0.55987,0.56095
2025-11-24 18:00:00+00:00,3741,0.56078,0.5613,0.56072,0.56102,0.56095,0.56144,0.56087,0.5612
2025-11-24 22:00:00+00:00,5753,0.56087,0.5621,0.56043,0.56135,0.56135,0.56225,0.56058,0.56148
2025-11-25 02:00:00+00:00,6847,0.56136,0.56142,0.55973,0.56033,0.5615,0.56155,0.55987,0.56048
2025-11-25 06:00:00+00:00,7733,0.56031,0.56081,0.55919,0.56067,0.56047,0.56093,0.55934,0.5608
2025-11-25 10:00:00+00:00,13294,0.56066,0.56143,0.55907,0.56066,0.56078,0.56195,0.55921,0.56079
2025-11-25 14:00:00+00:00,19725,0.56065,0.5628,0.55941,0.56254,0.56079,0.56294,0.55955,0.56269
2025-11-25 18:00:00+00:00,5435,0.56254,0.56258,0.56159,0.56189,0.56269,0.56271,0.56171,0.56209
2025-11-25 22:00:00+00:00,15336,0.56141,0.56816,0.56132,0.56677,0.5621,0.56832,0.56183,0.56691
2025-11-26 02:00:00+00:00,14090,0.56677,0.56959,0.56659,0.56903,0.56693,0.56974,0.56674,0.56918
2025-11-26 06:00:00+00:00,11812,0.56902,0.56938,0.56682,0.56755,0.56918,0.56952,0.56697,0.56769
2025-11-26 10:00:00+00:00,15049,0.56757,0.56825,0.56621,0.56701,0.5677,0.5684,0.56636,0.56715
2025-11-26 14:00:00+00:00,13668,0.567,0.56933,0.56661,0.56924,0.56715,0.56948,0.56674,0.56939
2025-11-26 18:00:00+00:00,5186,0.56924,0.5701,0.56912,0.56978,0.56939,0.57026,0.56926,0.57002
2025-11-26 22:00:00+00:00,6796,0.56982,0.57201,0.56872,0.57201,0.57038,0.57216,0.56995,0.57216
2025-11-27 02:00:00+00:00,8730,0.572,0.57312,0.57187,0.57242,0.57217,0.57328,0.57204,0.57256
2025-11-27 06:00:00+00:00,10159,0.57241,0.57251,0.57111,0.57145,0.57256,0.57265,0.57127,0.5716
2025-11-27 10:00:00+00:00,8484,0.57148,0.57196,0.57081,0.57179,0.57162,0.5721,0.57094,0.57193
2025-11-27 14:00:00+00:00,5957,0.57178,0.57294,0.57149,0.57228,0.57193,0.57308,0.57163,0.57242
2025-11-27 18:00:00+00:00,1921,0.57228,0.57284,0.572,0.57283,0.57242,0.57306,0.57216,0.57304
2025-11-27 22:00:00+00:00,6436,0.57203,0.57307,0.57154,0.57232,0.57312,0.57368,0.57234,0.57247
2025-11-28 02:00:00+00:00,59485,0.57232,0.57252,0.5715,0.57176,0.57246,0.57264,0.57166,0.57194
2025-11-28 06:00:00+00:00,82961,0.57177,0.57202,0.57062,0.57085,0.57196,0.57219,0.57078,0.571
2025-11-28 10:00:00+00:00,82256,0.57083,0.57203,0.57032,0.57197,0.571,0.57219,0.57045,0.57212
2025-11-28 14:00:00+00:00,15130,0.57195,0.57432,0.57168,0.57376,0.57212,0.57446,0.57183,0.57392
2025-11-28 18:00:00+00:00,26910,0.57377,0.57384,0.57289,0.57301,0.57391,0.57401,0.57336,0.57395
2025-11-30 22:00:00+00:00,12232,0.57248,0.57438,0.57241,0.57378,0.57288,0.57451,0.57285,0.57392
2025-12-01 02:00:00+00:00,8884,0.57379,0.57379,0.57249,0.57282,0.57392,0.57392,0.57264,0.57297
2025-12-01 06:00:00+00:00,11233,0.57283,0.57398,0.57253,0.57372,0.57299,0.57413,0.57267,0.57385
2025-12-01 10:00:00+00:00,11958,0.57371,0.57513,0.57277,0.5744,0.57386,0.57526,0.5729,0.57453
2025-12-01 14:00:00+00:00,15108,0.57439,0.57446,0.57328,0.57363,0.57453,0.5746,0.57343,0.57377
2025-12-01 18:00:00+00:00,4761,0.57363,0.57374,0.57239,0.57281,0.57377,0.57387,0.57254,0.57298
2025-12-01 22:00:00+00:00,4666,0.57197,0.57284,0.57178,0.57259,0.57291,0.57298,0.57194,0.57271
2025-12-02 02:00:00+00:00,5287,0.57257,0.57286,0.57214,0.57279,0.57271,0.57299,0.57228,0.57292
2025-12-02 06:00:00+00:00,6884,0.57278,0.57321,0.57146,0.5717,0.57292,0.57335,0.57161,0.57184
2025-12-02 10:00:00+00:00,7890,0.5717,0.57305,0.57103,0.57305,0.57186,0.5732,0.57118,0.57318
2025-12-02 14:00:00+00:00,15218,0.57305,0.57441,0.57227,0.57283,0.5732,0.57454,0.57242,0.57298
2025-12-02 18:00:00+00:00,3006,0.57283,0.57381,0.57243,0.57371,0.57298,0.57401,0.57256,0.57393
2025-12-02 22:00:00+00:00,7393,0.57335,0.57463,0.57334,0.57455,0.57382,0.57479,0.57356,0.57471
2025-12-03 02:00:00+00:00,7185,0.57455,0.5755,0.57452,0.57535,0.5747,0.57564,0.57467,0.5755
2025-12-03 06:00:00+00:00,9390,0.57536,0.57545,0.57387,0.57412,0.57552,0.57559,0.57402,0.57426
2025-12-03 10:00:00+00:00,10202,0.57413,0.57563,0.57412,0.57464,0.57426,0.5758,0.57425,0.57479
2025-12-03 14:00:00+00:00,16608,0.57463,0.57721,0.57338,0.5771,0.57479,0.57738,0.57353,0.57726
2025-12-03 18:00:00+00:00,3328,0.5771,0.57768,0.57705,0.57732,0.57726,0.57782,0.5772,0.57753
2025-12-03 22:00:00+00:00,6030,0.57694,0.57756,0.57654,0.57673,0.57734,0.57772,0.57666,0.57687
2025-12-04 02:00:00+00:00,8795,0.57674,0.57736,0.57606,0.57707,0.57687,0.57751,0.57622,0.57721
2025-12-04 06:00:00+00:00,9963,0.57709,0.57781,0.57646,0.57726,0.57722,0.57795,0.57661,0.5774
2025-12-04 10:00:00+00:00,10760,0.57727,0.57744,0.57571,0.57641,0.57742,0.57759,0.5759,0.57655
2025-12-04 14:00:00+00:00,13861,0.57643,0.57779,0.57616,0.57719,0.57655,0.57794,0.57631,0.57734
2025-12-04 18:00:00+00:00,3938,0.57719,0.57746,0.57607,0.5761,0.57734,0.57761,0.57623,0.57634
2025-12-04 22:00:00+00:00,12127,0.57608,0.57691,0.57575,0.57676,0.57674,0.57715,0.57591,0.57689
2025-12-05 02:00:00+00:00,6422,0.57677,0.57713,0.57615,0.57694,0.57691,0.57727,0.57628,0.57708
2025-12-05 06:00:00+00:00,9427,0.57696,0.57803,0.57684,0.5774,0.57709,0.57817,0.57698,0.57755
2025-12-05 10:00:00+00:00,11338,0.57741,0.57824,0.57666,0.57798,0.57757,0.57838,0.57681,0.57811
2025-12-05 14:00:00+00:00,17782,0.57796,0.57863,0.57624,0.57749,0.57811,0.57878,0.5764,0.57765
2025-12-05 18:00:00+00:00,3756,0.57751,0.57772,0.57707,0.57749,0.57765,0.57802,0.57723,0.57789
2025-12-07 22:00:00+00:00,11381,0.5773,0.57908,0.57609,0.5788,0.57847,0.57922,0.57706,0.57893
2025-12-08 02:00:00+00:00,7144,0.57881,0.57907,0.5781,0.57851,0.57896,0.5792,0.57824,0.57865
2025-12-08 06:00:00+00:00,11625,0.57852,0.57895,0.57736,0.57835,0.57865,0.5791,0.5775,0.57848
2025-12-08 10:00:00+00:00,10118,0.57833,0.5792,0.57739,0.57829,0.57846,0.57935,0.57754,0.57842
2025-12-08 14:00:00+00:00,14593,0.57828,0.57876,0.57579,0.57767,0.57843,0.57891,0.57595,0.57783
2025-12-08 18:00:00+00:00,4555,0.57767,0.57793,0.57694,0.57745,0.57783,0.57807,0.5771,0.57764
2025-12-08 22:00:00+00:00,6886,0.57675,0.5777,0.57667,0.57744,0.57833,0.57848,0.57681,0.57759
2025-12-09 02:00:00+00:00,12560,0.57745,0.57917,0.57721,0.57872,0.57762,0.57933,0.57737,0.57886
2025-12-09 06:00:00+00:00,12611,0.5787,0.5794,0.57767,0.57924,0.57886,0.57955,0.57781,0.57939
2025-12-09 10:00:00+00:00,9805,0.57922,0.57929,0.57794,0.57847,0.57936,0.57941,0.57809,0.57862
2025-12-09 14:00:00+00:00,17005,0.57846,0.57942,0.57727,0.57786,0.57862,0.57957,0.57742,0.57801
2025-12-09 18:00:00+00:00,4504,0.57786,0.57814,0.57746,0.57802,0.57801,0.57828,0.57762,0.57824
2025-12-09 22:00:00+00:00,7666,0.57705,0.57821,0.5766,0.57663,0.57861,0.57867,0.57675,0.57678
2025-12-10 02:00:00+00:00,9420,0.57661,0.57757,0.57607,0.57755,0.57677,0.57772,0.5762,0.57769
2025-12-10 06:00:00+00:00,11444,0.57755,0.57886,0.57748,0.57859,0.57768,0.57899,0.57762,0.57872
2025-12-10 10:00:00+00:00,11242,0.57858,0.57888,0.57739,0.57813,0.57873,0.57901,0.57751,0.57828
2025-12-10 14:00:00+00:00,14338,0.57812,0.5789,0.57748,0.57869,0.57828,0.57905,0.57761,0.57884
2025-12-10 18:00:00+00:00,23712,0.57869,0.58239,0.5774,0.58152,0.57884,0.58253,0.57813,0.58172
2025-12-10 22:00:00+00:00,9302,0.58139,0.58201,0.58102,0.58163,0.58161,0.58213,0.58119,0.58176
2025-12-11 02:00:00+00:00,10606,0.58164,0.58199,0.5791,0.57942,0.58179,0.58213,0.57925,0.57954
2025-12-11 06:00:00+00:00,12336,0.57942,0.5806,0.57874,0.58045,0.57956,0.58073,0.5789,0.5806
2025-12-11 10:00:00+00:00,11062,0.58046,0.5826,0.5801,0.58217,0.58062,0.58274,0.58024,0.58231
2025-12-11 14:00:00+00:00,16639,0.58218,0.58308,0.58102,0.58168,0.58231,0.5832,0.58117,0.58183
2025-12-11 18:00:00+00:00,6053,0.58168,0.58201,0.58044,0.58084,0.58183,0.58216,0.58058,0.58101
2025-12-11 22:00:00+00:00,7279,0.58058,0.582,0.58036,0.58117,0.58104,0.58213,0.58073,0.58131
2025-12-12 02:00:00+00:00,6715,0.58118,0.58153,0.5807,0.58132,0.58131,0.58169,0.58084,0.58146
2025-12-12 06:00:00+00:00,10957,0.58132,0.58189,0.58069,0.58144,0.58147,0.58203,0.58083,0.58157
2025-12-12 10:00:00+00:00,9568,0.58144,0.58149,0.58041,0.58081,0.58156,0.58163,0.58055,0.58095
2025-12-12 14:00:00+00:00,19099,0.5808,0.58151,0.57869,0.5803,0.58095,0.58166,0.57884,0.58045
2025-12-12 18:00:00+00:00,6416,0.5803,0.58074,0.57986,0.58014,0.58047,0.58088,0.58001,0.58072
2025-12-14 22:00:00+00:00,8676,0.57927,0.58082,0.57834,0.58074,0.58097,0.58113,0.57952,0.58088
2025-12-15 02:00:00+00:00,14129,0.58072,0.58073,0.57649,0.57806,0.58085,0.58088,0.57663,0.57819
2025-12-15 06:00:00+00:00,11697,0.57804,0.57874,0.57762,0.57856,0.57818,0.57888,0.57778,0.57868
2025-12-15 10:00:00+00:00,8844,0.57851,0.57983,0.57796,0.5791,0.57866,0.57997,0.5781,0.57924
2025-12-15 14:00:00+00:00,17992,0.57907,0.58024,0.57858,0.57866,0.57922,0.58037,0.57873,0.57878
2025-12-15 18:00:00+00:00,4557,0.57866,0.579,0.57817,0.57822,0.57878,0.57916,0.57832,0.57838
2025-12-15 22:00:00+00:00,9947,0.57764,0.57886,0.57575,0.57643,0.57853,0.57903,0.5759,0.57657
2025-12-16 02:00:00+00:00,10786,0.57643,0.57811,0.57627,0.57768,0.57656,0.57826,0.57644,0.57782
2025-12-16 06:00:00+00:00,8413,0.57768,0.57907,0.57746,0.57826,0.5778,0.57922,0.5776,0.5784
2025-12-16 10:00:00+00:00,15180,0.57826,0.58064,0.5767,0.57917,0.57839,0.58084,0.57797,0.57932
2025-12-16 14:00:00+00:00,23042,0.57915,0.58053,0.57848,0.57885,0.57929,0.5807,0.57861,0.57899
2025-12-16 18:00:00+00:00,7483,0.57885,0.57917,0.57714,0.57825,0.57899,0.5793,0.57735,0.57843
2025-12-16 22:00:00+00:00,7346,0.57757,0.57882,0.57748,0.57872,0.57896,0.57897,0.57769,0.57887
2025-12-17 02:00:00+00:00,11291,0.57874,0.57878,0.57707,0.57749,0.57889,0.57892,0.57722,0.57763
2025-12-17 06:00:00+00:00,13071,0.57749,0.57783,0.57665,0.57698,0.57764,0.57797,0.5768,0.57712
2025-12-17 10:00:00+00:00,10512,0.57699,0.57798,0.57683,0.57786,0.57711,0.57812,0.57699,0.578
2025-12-17 14:00:00+00:00,18742,0.57785,0.57936,0.57729,0.57757,0.578,0.5795,0.57745,0.57772
2025-12-17 18:00:00+00:00,7367,0.57757,0.57833,0.57712,0.57729,0.57772,0.57855,0.57728,0.57749
2025-12-17 22:00:00+00:00,8401,0.57717,0.57746,0.57601,0.57638,0.57754,0.57864,0.57614,0.57653
2025-12-18 02:00:00+00:00,8593,0.5764,0.57699,0.57538,0.57636,0.57655,0.57715,0.57553,0.57651
2025-12-18 06:00:00+00:00,11474,0.57637,0.57675,0.57578,0.57629,0.57651,0.5769,0.57592,0.57641
2025-12-18 10:00:00+00:00,13733,0.57627,0.57874,0.57602,0.57791,0.5764,0.57911,0.57617,0.57804
2025-12-18 14:00:00+00:00,21860,0.57789,0.57867,0.57657,0.57727,0.57804,0.57883,0.57672,0.57743
2025-12-18 18:00:00+00:00,6240,0.57727,0.57763,0.57702,0.57747,0.57743,0.57779,0.57716,0.57765
2025-12-18 22:00:00+00:00,7220,0.57687,0.57826,0.57687,0.57717,0.57752,0.57842,0.57714,0.57731
2025-12-19 02:00:00+00:00,8796,0.57716,0.57748,0.57578,0.57579,0.57729,0.57764,0.57591,0.57594
2025-12-19 06:00:00+00:00,11604,0.57578,0.5763,0.57442,0.57481,0.57595,0.57644,0.57456,0.57494
2025-12-19 10:00:00+00:00,9244,0.5748,0.57502,0.57353,0.57445,0.57494,0.57516,0.57367,0.57459
2025-12-19 14:00:00+00:00,14731,0.57447,0.57603,0.5744,0.57587,0.57461,0.57618,0.57453,0.57601
2025-12-19 18:00:00+00:00,5179,0.57587,0.5765,0.57521,0.57533,0.576,0.57664,0.57541,0.57583
2025-12-21 22:00:00+00:00,15328,0.57439,0.57689,0.57412,0.57622,0.57639,0.57703,0.57487,0.57635
2025-12-22 02:00:00+00:00,6469,0.57623,0.57708,0.57618,0.57684,0.57638,0.57723,0.57632,0.57696
2025-12-22 06:00:00+00:00,8319,0.57683,0.57842,0.57661,0.57821,0.57696,0.57857,0.57674,0.57836
2025-12-22 10:00:00+00:00,9121,0.5782,0.57918,0.57817,0.57881,0.57834,0.57933,0.57831,0.57894
2025-12-22 14:00:00+00:00,13079,0.57882,0.58009,0.57845,0.57972,0.57897,0.58022,0.57859,0.57988
2025-12-22 18:00:00+00:00,4334,0.57972,0.57975,0.57912,0.5794,0.57988,0.5799,0.57927,0.57964
2025-12-22 22:00:00+00:00,6005,0.5786,0.58091,0.5784,0.58063,0.57942,0.58106,0.57915,0.58078
2025-12-23 02:00:00+00:00,9373,0.58066,0.58162,0.58065,0.58115,0.5808,0.58177,0.58078,0.58128
2025-12-23 06:00:00+00:00,11197,0.58116,0.58374,0.58073,0.58373,0.58131,0.58388,0.58087,0.58388
2025-12-23 10:00:00+00:00,11413,0.58373,0.58426,0.58273,0.58279,0.58389,0.58442,0.58288,0.58293
2025-12-23 14:00:00+00:00,17333,0.58277,0.58332,0.5819,0.58283,0.58292,0.58346,0.58205,0.58295
2025-12-23 18:00:00+00:00,4642,0.58283,0.58421,0.58277,0.58406,0.58295,0.58435,0.58293,0.5842
2025-12-23 22:00:00+00:00,7341,0.58352,0.5848,0.58348,0.5848,0.58413,0.58495,0.58369,0.58495
2025-12-24 02:00:00+00:00,6891,0.58481,0.58526,0.58384,0.58439,0.58495,0.58541,0.58398,0.58455
2025-12-24 06:00:00+00:00,10013,0.58437,0.58475,0.58378,0.58458,0.58452,0.58488,0.58392,0.58472
2025-12-24 10:00:00+00:00,9403,0.58456,0.58463,0.58328,0.5836,0.58472,0.58477,0.58346,0.58375
2025-12-24 14:00:00+00:00,12780,0.58359,0.58419,0.58316,0.58325,0.58373,0.58434,0.58331,0.5834
2025-12-24 18:00:00+00:00,9384,0.58325,0.58361,0.58299,0.58327,0.5834,0.58377,0.58315,0.5837
2025-12-25 22:00:00+00:00,9186,0.58291,0.58411,0.58253,0.58342,0.58491,0.58513,0.58323,0.58356
2025-12-26 02:00:00+00:00,6206,0.58342,0.58398,0.58285,0.58341,0.58357,0.58414,0.58302,0.58357
2025-12-26 06:00:00+00:00,9348,0.58344,0.5836,0.58182,0.58184,0.58359,0.58376,0.58196,0.58197
2025-12-26 10:00:00+00:00,9410,0.58182,0.58329,0.58172,0.58312,0.58195,0.58344,0.58187,0.58327
2025-12-26 14:00:00+00:00,19985,0.58314,0.58418,0.58236,0.58289,0.58329,0.58432,0.5825,0.58306
2025-12-26 18:00:00+00:00,7619,0.58291,0.58324,0.58186,0.58206,0.58309,0.58406,0.58264,0.58406
2025-12-28 22:00:00+00:00,9218,0.58198,0.58325,0.5819,0.58286,0.58336,0.58353,0.58257,0.583
2025-12-29 02:00:00+00:00,7237,0.58283,0.58329,0.58188,0.58189,0.58298,0.58342,0.58202,0.58203
2025-12-29 06:00:00+00:00,13025,0.58189,0.58245,0.58022,0.58068,0.58202,0.58257,0.58037,0.58082
2025-12-29 10:00:00+00:00,10862,0.58068,0.58102,0.57895,0.57974,0.58084,0.58117,0.57909,0.57988
2025-12-29 14:00:00+00:00,17633,0.57975,0.581,0.57922,0.58025,0.57987,0.58115,0.57936,0.5804
2025-12-29 18:00:00+00:00,5448,0.58025,0.58069,0.57976,0.58025,0.5804,0.58084,0.5799,0.58049
2025-12-29 22:00:00+00:00,7220,0.57907,0.58091,0.57893,0.58084,0.58091,0.58178,0.58031,0.58099
2025-12-30 02:00:00+00:00,5916,0.58086,0.58174,0.58024,0.58158,0.581,0.58186,0.58036,0.58172
2025-12-30 06:00:00+00:00,7987,0.58159,0.58188,0.58059,0.58061,0.58172,0.58203,0.58073,0.58078
2025-12-30 10:00:00+00:00,9463,0.58062,0.58112,0.57934,0.57967,0.58078,0.58126,0.5795,0.57982
2025-12-30 14:00:00+00:00,12641,0.57966,0.58059,0.57895,0.58028,0.57983,0.58074,0.57909,0.58044
2025-12-30 18:00:00+00:00,4114,0.58028,0.58043,0.57878,0.57923,0.58044,0.58058,0.57893,0.5794
2025-12-30 22:00:00+00:00,5455,0.57901,0.57915,0.57801,0.57802,0.57925,0.57943,0.57816,0.57817
2025-12-31 02:00:00+00:00,6979,0.578,0.57834,0.57695,0.57719,0.57815,0.57848,0.5771,0.57732
2025-12-31 06:00:00+00:00,9072,0.57718,0.57737,0.57633,0.57654,0.57733,0.57752,0.57647,0.57667
2025-12-31 10:00:00+00:00,10019,0.57655,0.57728,0.57594,0.57679,0.5767,0.57743,0.5761,0.57692
2025-12-31 14:00:00+00:00,17134,0.57679,0.57682,0.57392,0.57539,0.57693,0.57696,0.57407,0.57553
2025-12-31 18:00:00+00:00,5435,0.57539,0.57578,0.57499,0.57548,0.57553,0.57595,0.57514,0.57571
2026-01-01 22:00:00+00:00,5357,0.57546,0.57696,0.57506,0.57665,0.57631,0.57713,0.57522,0.57679
2026-01-02 02:00:00+00:00,4691,0.57667,0.57702,0.5757,0.57583,0.5768,0.57715,0.57585,0.576
2026-01-02 06:00:00+00:00,10036,0.57582,0.57716,0.5755,0.57688,0.57597,0.57731,0.57563,0.57704
2026-01-02 10:00:00+00:00,8294,0.57689,0.57734,0.57636,0.5765,0.57704,0.57747,0.57649,0.57664
2026-01-02 14:00:00+00:00,16440,0.57649,0.57772,0.57631,0.57667,0.57664,0.57788,0.57645,0.5768
2026-01-02 18:00:00+00:00,4979,0.57667,0.57702,0.57585,0.57667,0.57681,0.57724,0.57598,0.5772
2026-01-04 22:00:00+00:00,13623,0.57597,0.57686,0.57376,0.57561,0.57708,0.57708,0.57495,0.57575
2026-01-05 02:00:00+00:00,11573,0.5756,0.57621,0.57417,0.57541,0.57576,0.57637,0.57432,0.57553
2026-01-05 06:00:00+00:00,12422,0.57541,0.57583,0.57446,0.57491,0.57554,0.57598,0.57462,0.57506
2026-01-05 10:00:00+00:00,13529,0.5749,0.57633,0.5741,0.57558,0.57506,0.57647,0.57426,0.57573
2026-01-05 14:00:00+00:00,20212,0.57559,0.57903,0.57549,0.57854,0.57573,0.57919,0.57562,0.57871
2026-01-05 18:00:00+00:00,3633,0.57854,0.57913,0.57851,0.5788,0.57871,0.57926,0.57866,0.57901
2026-01-05 22:00:00+00:00,8189,0.57848,0.57961,0.57785,0.5794,0.57886,0.57977,0.578,0.57952
2026-01-06 02:00:00+00:00,9396,0.57938,0.58057,0.5792,0.57989,0.57952,0.58072,0.57934,0.58004
2026-01-06 06:00:00+00:00,12638,0.57988,0.58098,0.57888,0.57909,0.58004,0.58112,0.57903,0.57923
2026-01-06 10:00:00+00:00,11454,0.57907,0.57947,0.57808,0.57896,0.57921,0.57962,0.57823,0.57912
2026-01-06 14:00:00+00:00,17566,0.57895,0.57972,0.57681,0.57823,0.57908,0.57986,0.57695,0.57835
2026-01-06 18:00:00+00:00,4267,0.57823,0.57862,0.57775,0.57835,0.57835,0.57879,0.57789,0.57855
2026-01-06 22:00:00+00:00,12384,0.57779,0.57919,0.57696,0.57868,0.57862,0.58063,0.5778,0.57884
2026-01-07 02:00:00+00:00,9681,0.57866,0.57913,0.57781,0.57803,0.57881,0.57929,0.57796,0.57818
2026-01-07 06:00:00+00:00,10593,0.57803,0.57877,0.57735,0.57867,0.57817,0.57892,0.57748,0.57881
2026-01-07 10:00:00+00:00,10003,0.57866,0.57925,0.57811,0.57914,0.57881,0.5794,0.57844,0.57927
2026-01-07 14:00:00+00:00,17761,0.57912,0.57925,0.57739,0.57812,0.57927,0.5794,0.57752,0.57825
2026-01-07 18:00:00+00:00,5126,0.57812,0.57842,0.57692,0.57718,0.57825,0.57857,0.57705,0.57738
2026-01-07 22:00:00+00:00,6703,0.57666,0.57752,0.5765,0.57692,0.57831,0.57831,0.57666,0.57706
2026-01-08 02:00:00+00:00,9480,0.57693,0.57703,0.57597,0.57619,0.57709,0.57718,0.57612,0.57633
2026-01-08 06:00:00+00:00,12691,0.57617,0.57618,0.574,0.5744,0.5763,0.57632,0.57414,0.57456
2026-01-08 10:00:00+00:00,10629,0.57441,0.57511,0.57416,0.57448,0.57458,0.57531,0.57431,0.57463
2026-01-08 14:00:00+00:00,19160,0.57448,0.57543,0.57368,0.57487,0.57461,0.57556,0.57383,0.57502
2026-01-08 18:00:00+00:00,4306,0.57487,0.57533,0.57419,0.57506,0.57502,0.57548,0.57435,0.57531
2026-01-08 22:00:00+00:00,6822,0.5747,0.57528,0.57378,0.57425,0.57549,0.57551,0.57391,0.57438
2026-01-09 02:00:00+00:00,8935,0.57424,0.57459,0.57388,0.57403,0.57438,0.57475,0.57403,0.57417
2026-01-09 06:00:00+00:00,9797,0.57403,0.57426,0.57265,0.57276,0.57419,0.5744,0.57279,0.5729
2026-01-09 10:00:00+00:00,13883,0.57278,0.5745,0.57123,0.57348,0.5729,0.57464,0.57178,0.57363
2026-01-09 14:00:00+00:00,23938,0.57347,0.57398,0.57105,0.57261,0.57364,0.57415,0.57119,0.57275
2026-01-09 18:00:00+00:00,3810,0.57259,0.57335,0.57254,0.5728,0.57275,0.57355,0.57268,0.57355
2026-01-11 22:00:00+00:00,9423,0.57223,0.57494,0.57223,0.57442,0.57323,0.57508,0.57271,0.57456
2026-01-12 02:00:00+00:00,7612,0.57441,0.57489,0.57394,0.57484,0.57456,0.57502,0.57408,0.575
2026-01-12 06:00:00+00:00,10176,0.57483,0.57595,0.57457,0.57543,0.57496,0.57609,0.57471,0.57556
2026-01-12 10:00:00+00:00,9655,0.57543,0.57682,0.5751,0.57655,0.57557,0.57698,0.57524,0.57668
2026-01-12 14:00:00+00:00,14768,0.57653,0.57676,0.57551,0.57673,0.57667,0.57689,0.57567,0.57687
2026-01-12 18:00:00+00:00,4009,0.57673,0.57742,0.57631,0.57713,0.57687,0.57757,0.57646,0.57728
2026-01-12 22:00:00+00:00,6348,0.57723,0.57786,0.57691,0.57748,0.57742,0.57801,0.57717,0.57764
2026-01-13 02:00:00+00:00,8266,0.57748,0.57798,0.5774,0.57763,0.57763,0.57813,0.57753,0.57779
2026-01-13 06:00:00+00:00,9782,0.57763,0.57769,0.57634,0.57698,0.57778,0.57784,0.57648,0.57713
2026-01-13 10:00:00+00:00,14191,0.57698,0.57818,0.57544,0.57646,0.57712,0.57836,0.5756,0.57661
2026-01-13 14:00:00+00:00,22283,0.57646,0.57698,0.57344,0.57393,0.57662,0.57713,0.57358,0.57408
2026-01-13 18:00:00+00:00,6236,0.57393,0.57419,0.57353,0.57361,0.57408,0.57436,0.57366,0.57381
2026-01-13 22:00:00+00:00,5651,0.57374,0.57426,0.57298,0.57336,0.57409,0.57442,0.57313,0.57348
2026-01-14 02:00:00+00:00,7920,0.57335,0.57476,0.57331,0.5742,0.57349,0.57489,0.57346,0.57433
2026-01-14 06:00:00+00:00,10063,0.57419,0.57503,0.57402,0.57468,0.57433,0.57518,0.57417,0.57482
2026-01-14 10:00:00+00:00,11276,0.57467,0.57477,0.57362,0.57416,0.5748,0.57492,0.57376,0.57431
2026-01-14 14:00:00+00:00,19857,0.57415,0.57552,0.57399,0.57413,0.57429,0.57568,0.57413,0.57426
2026-01-14 18:00:00+00:00,7005,0.57413,0.57493,0.57402,0.57465,0.57426,0.57509,0.57417,0.5749
2026-01-14 22:00:00+00:00,10792,0.5745,0.57503,0.57346,0.57382,0.57545,0.57545,0.57362,0.57398
2026-01-15 02:00:00+00:00,8958,0.5738,0.57389,0.57306,0.57335,0.57396,0.57404,0.57322,0.57349
2026-01-15 06:00:00+00:00,11452,0.57334,0.57516,0.57331,0.57489,0.57349,0.5753,0.57346,0.57503
2026-01-15 10:00:00+00:00,9824,0.57489,0.57517,0.57266,0.57293,0.57502,0.57531,0.57281,0.57306
2026-01-15 14:00:00+00:00,16891,0.57293,0.57466,0.57247,0.57424,0.57308,0.57481,0.57262,0.5744
2026-01-15 18:00:00+00:00,4891,0.57424,0.57467,0.57355,0.57417,0.5744,0.57481,0.57368,0.57438
2026-01-15 22:00:00+00:00,5695,0.57387,0.57499,0.57373,0.57464,0.57469,0.57516,0.57416,0.57479
2026-01-16 02:00:00+00:00,5075,0.57462,0.57576,0.57446,0.57539,0.57477,0.57594,0.57461,0.57554
2026-01-16 06:00:00+00:00,6039,0.57541,0.5763,0.57509,0.57586,0.57556,0.57645,0.57524,0.57601
2026-01-16 10:00:00+00:00,7455,0.57586,0.57667,0.57538,0.57559,0.57603,0.57682,0.57552,0.57573
2026-01-16 14:00:00+00:00,14890,0.57558,0.57595,0.57412,0.57491,0.57573,0.57611,0.57427,0.57507
2026-01-16 18:00:00+00:00,3757,0.57489,0.57548,0.57469,0.57499,0.57504,0.57564,0.57485,0.57555
2026-01-18 22:00:00+00:00,15659,0.5741,0.57722,0.57399,0.57636,0.57458,0.57737,0.57427,0.57654
2026-01-19 02:00:00+00:00,12769,0.57637,0.57791,0.57589,0.57735,0.57654,0.57805,0.57604,0.57748
2026-01-19 06:00:00+00:00,13872,0.57733,0.5779,0.57683,0.57756,0.57748,0.57804,0.57699,0.57768
2026-01-19 10:00:00+00:00,7390,0.57755,0.57888,0.57755,0.57843,0.57769,0.57902,0.57769,0.5786
2026-01-19 14:00:00+00:00,7421,0.57842,0.57962,0.57784,0.5795,0.57858,0.57978,0.57799,0.57965
2026-01-19 18:00:00+00:00,2360,0.5795,0.58026,0.57884,0.57976,0.57965,0.58043,0.579,0.57997
2026-01-19 22:00:00+00:00,6463,0.57965,0.58056,0.57882,0.58048,0.57999,0.58071,0.57895,0.58062
2026-01-20 02:00:00+00:00,8522,0.58051,0.58348,0.58033,0.58313,0.58065,0.58363,0.58048,0.58328
2026-01-20 06:00:00+00:00,15910,0.58312,0.58432,0.58246,0.58369,0.58328,0.58446,0.58259,0.58381
2026-01-20 10:00:00+00:00,16970,0.58368,0.58424,0.58282,0.58322,0.58381,0.58439,0.58295,0.58338
2026-01-20 14:00:00+00:00,19833,0.58321,0.58507,0.58291,0.58409,0.58335,0.5852,0.58304,0.58424
2026-01-20 18:00:00+00:00,6492,0.58409,0.58427,0.58268,0.58323,0.58424,0.58442,0.5828,0.58342
2026-01-20 22:00:00+00:00,7998,0.58278,0.58354,0.58202,0.58339,0.58316,0.58369,0.58218,0.58354
2026-01-21 02:00:00+00:00,7836,0.5834,0.58384,0.58271,0.58366,0.58353,0.58398,0.58285,0.58382
2026-01-21 06:00:00+00:00,11226,0.58368,0.58528,0.58354,0.58425,0.58383,0.58543,0.58368,0.58437
2026-01-21 10:00:00+00:00,12150,0.58424,0.58643,0.58401,0.58616,0.58438,0.58657,0.58415,0.58631
2026-01-21 14:00:00+00:00,25851,0.58615,0.58657,0.58384,0.58441,0.58631,0.58672,0.58399,0.58456
2026-01-21 18:00:00+00:00,9437,0.58441,0.58473,0.58375,0.58437,0.58456,0.58488,0.58391,0.58453
2026-01-21 22:00:00+00:00,9906,0.584,0.58522,0.58343,0.5851,0.58444,0.58538,0.58359,0.58524
2026-01-22 02:00:00+00:00,8426,0.58511,0.58625,0.58481,0.58576,0.58524,0.5864,0.58498,0.58591
2026-01-22 06:00:00+00:00,10514,0.58576,0.58694,0.58532,0.5865,0.5859,0.5871,0.58547,0.58665
2026-01-22 10:00:00+00:00,11179,0.58651,0.58878,0.58614,0.58866,0.58667,0.58893,0.58628,0.58881
2026-01-22 14:00:00+00:00,14615,0.58866,0.5907,0.58829,0.59062,0.58879,0.59086,0.58843,0.59076
2026-01-22 18:00:00+00:00,5597,0.59062,0.59278,0.59036,0.59254,0.59076,0.593,0.59049,0.59276
2026-01-22 22:00:00+00:00,7978,0.59247,0.5926,0.59097,0.59167,0.59288,0.59288,0.5911,0.59183
2026-01-23 02:00:00+00:00,8644,0.59165,0.59205,0.59053,0.59099,0.59181,0.59222,0.59068,0.59112
2026-01-23 06:00:00+00:00,15745,0.59099,0.5912,0.58956,0.58969,0.59113,0.59134,0.5897,0.58984
2026-01-23 10:00:00+00:00,12233,0.58967,0.59153,0.58907,0.59019,0.58981,0.59168,0.58922,0.59032
2026-01-23 14:00:00+00:00,17959,0.5902,0.5941,0.59004,0.59336,0.59034,0.59422,0.59018,0.5935
2026-01-23 18:00:00+00:00,8738,0.59336,0.59506,0.5925,0.59468,0.59349,0.59523,0.59264,0.5952
2026-01-25 22:00:00+00:00,15065,0.59397,0.59745,0.5935,0.596,0.59587,0.59763,0.59542,0.59614
2026-01-26 02:00:00+00:00,13104,0.59599,0.59714,0.59553,0.59599,0.59615,0.59729,0.59568,0.59615
2026-01-26 06:00:00+00:00,16327,0.596,0.59733,0.59512,0.59698,0.59614,0.59748,0.59526,0.59713
2026-01-26 10:00:00+00:00,12564,0.59698,0.59744,0.59534,0.59638,0.59712,0.59758,0.59549,0.59652
2026-01-26 14:00:00+00:00,17877,0.5964,0.59984,0.59631,0.59902,0.59654,0.59997,0.59644,0.59917
2026-01-26 18:00:00+00:00,7384,0.59902,0.59958,0.59711,0.59728,0.59917,0.59973,0.59725,0.59742
2026-01-26 22:00:00+00:00,7012,0.5971,0.59718,0.59583,0.59673,0.59753,0.59753,0.59599,0.59686
2026-01-27 02:00:00+00:00,9149,0.59671,0.59782,0.59601,0.59663,0.59685,0.59796,0.59616,0.59679
2026-01-27 06:00:00+00:00,11326,0.59663,0.59738,0.59541,0.59727,0.59678,0.59753,0.59557,0.59743
2026-01-27 10:00:00+00:00,17182,0.59727,0.59958,0.59634,0.59903,0.59742,0.59974,0.5965,0.59917
2026-01-27 14:00:00+00:00,21654,0.59906,0.60218,0.59882,0.60151,0.59919,0.60231,0.59897,0.60167
2026-01-27 18:00:00+00:00,18606,0.60151,0.60501,0.60116,0.6043,0.60167,0.60516,0.6013,0.60455
2026-01-27 22:00:00+00:00,16448,0.60408,0.60429,0.60102,0.60113,0.60442,0.60463,0.60118,0.60127
2026-01-28 02:00:00+00:00,12601,0.60115,0.60255,0.60071,0.60255,0.60129,0.60271,0.60085,0.60271
2026-01-28 06:00:00+00:00,20301,0.60257,0.60441,0.60207,0.60306,0.60273,0.60457,0.60221,0.60319
2026-01-28 10:00:00+00:00,17207,0.60306,0.60412,0.60217,0.60277,0.60321,0.60428,0.60232,0.60291
2026-01-28 14:00:00+00:00,30272,0.60279,0.60401,0.6015,0.6034,0.60291,0.60416,0.60165,0.60355
2026-01-28 18:00:00+00:00,18376,0.6034,0.60611,0.6014,0.60599,0.60355,0.60628,0.60157,0.60618
2026-01-28 22:00:00+00:00,16005,0.60531,0.60699,0.60437,0.6049,0.60631,0.60714,0.60451,0.60505
2026-01-29 02:00:00+00:00,17808,0.60489,0.6092,0.60439,0.60869,0.60506,0.60935,0.60454,0.60883
2026-01-29 06:00:00+00:00,18468,0.60868,0.60882,0.6061,0.60658,0.60884,0.60897,0.60624,0.60673
2026-01-29 10:00:00+00:00,18822,0.60659,0.60818,0.60481,0.60758,0.60672,0.60835,0.60495,0.60772
2026-01-29 14:00:00+00:00,59241,0.60761,0.60888,0.60219,0.60588,0.60774,0.60901,0.60233,0.60602
2026-01-29 18:00:00+00:00,17031,0.60588,0.60817,0.60588,0.60774,0.60602,0.60834,0.60602,0.60797
2026-01-29 22:00:00+00:00,19696,0.60711,0.60798,0.60473,0.60487,0.60779,0.60826,0.60489,0.605
2026-01-30 02:00:00+00:00,27475,0.60484,0.60548,0.60308,0.60472,0.60499,0.60561,0.60322,0.60487
2026-01-30 06:00:00+00:00,28777,0.60471,0.60604,0.60305,0.60356,0.60487,0.60618,0.60319,0.6037
2026-01-30 10:00:00+00:00,30312,0.60353,0.60783,0.6035,0.60533,0.60368,0.608,0.60366,0.6055
2026-01-30 14:00:00+00:00,43492,0.60532,0.60775,0.60284,0.60322,0.60547,0.6079,0.60299,0.60338
2026-01-30 18:00:00+00:00,25118,0.60321,0.60413,0.60093,0.60176,0.60336,0.60428,0.60108,0.60229
2026-02-01 22:00:00+00:00,33177,0.60092,0.6033,0.59925,0.60272,0.60161,0.60346,0.59939,0.60287
2026-02-02 02:00:00+00:00,35390,0.60274,0.60307,0.59958,0.60031,0.60288,0.60322,0.59973,0.60048
2026-02-02 06:00:00+00:00,30366,0.60033,0.60235,0.59898,0.60226,0.60048,0.60251,0.59914,0.60241
2026-02-02 10:00:00+00:00,25568,0.60226,0.60257,0.59985,0.60032,0.60239,0.60272,0.6,0.60048
2026-02-02 14:00:00+00:00,40594,0.60029,0.60149,0.599,0.60032,0.60046,0.60165,0.59914,0.60048
2026-02-02 18:00:00+00:00,10439,0.60032,0.60061,0.5992,0.59983,0.60048,0.60076,0.59935,0.60009
2026-02-02 22:00:00+00:00,9792,0.59962,0.60224,0.59941,0.60197,0.60024,0.60238,0.59983,0.6021
2026-02-03 02:00:00+00:00,23061,0.60196,0.60418,0.60054,0.6033,0.60211,0.60433,0.60071,0.60345
2026-02-03 06:00:00+00:00,25547,0.6033,0.60573,0.60312,0.60332,0.60344,0.6059,0.60327,0.60346
2026-02-03 10:00:00+00:00,20424,0.60334,0.60435,0.6026,0.60404,0.60348,0.60448,0.60275,0.60417
2026-02-03 14:00:00+00:00,34447,0.60404,0.60537,0.60189,0.60439,0.60418,0.60553,0.60204,0.60454
2026-02-03 18:00:00+00:00,14266,0.60439,0.60626,0.60333,0.60451,0.60454,0.60641,0.60348,0.60472
2026-02-03 22:00:00+00:00,12205,0.60398,0.605,0.60322,0.60411,0.6048,0.60573,0.60339,0.60424
2026-02-04 02:00:00+00:00,13513,0.60412,0.60457,0.60264,0.6039,0.60426,0.60472,0.6028,0.60402
2026-02-04 06:00:00+00:00,15458,0.6039,0.60467,0.60194,0.60231,0.60404,0.60483,0.60208,0.60244
2026-02-04 10:00:00+00:00,15519,0.60231,0.60336,0.60112,0.60289,0.60245,0.60351,0.60128,0.60303
2026-02-04 14:00:00+00:00,39338,0.60288,0.60295,0.59869,0.59907,0.60303,0.60309,0.59885,0.59924
2026-02-04 18:00:00+00:00,12804,0.59907,0.60069,0.59884,0.60015,0.59924,0.60082,0.59899,0.60039
2026-02-04 22:00:00+00:00,8913,0.6003,0.60082,0.59958,0.59985,0.60071,0.60199,0.59973,0.59999
2026-02-05 02:00:00+00:00,21649,0.59986,0.59993,0.59759,0.5986,0.60002,0.60007,0.59775,0.59876
2026-02-05 06:00:00+00:00,17621,0.59863,0.59972,0.598,0.59801,0.59878,0.59986,0.59815,0.59816
2026-02-05 10:00:00+00:00,26232,0.59801,0.60018,0.59794,0.59971,0.59815,0.60035,0.59809,0.59985
2026-02-05 14:00:00+00:00,44820,0.5997,0.60006,0.59681,0.59835,0.59982,0.6002,0.59696,0.59851
2026-02-05 18:00:00+00:00,12260,0.59835,0.59865,0.59473,0.59495,0.59851,0.5988,0.59489,0.59522
2026-02-05 22:00:00+00:00,14591,0.59468,0.59576,0.59277,0.5954,0.59502,0.59591,0.59292,0.59555
2026-02-06 02:00:00+00:00,15755,0.59543,0.5977,0.59541,0.59764,0.59557,0.59784,0.59555,0.59782
2026-02-06 06:00:00+00:00,14458,0.59764,0.59888,0.59711,0.5986,0.59781,0.59902,0.59726,0.59874
2026-02-06 10:00:00+00:00,16375,0.5986,0.60019,0.59814,0.60017,0.59873,0.60034,0.59829,0.60033
2026-02-06 14:00:00+00:00,23291,0.60018,0.60256,0.60003,0.60227,0.60033,0.60272,0.60017,0.60242
2026-02-06 18:00:00+00:00,5102,0.60227,0.60262,0.60128,0.60136,0.60243,0.60278,0.60167,0.60189
2026-02-08 22:00:00+00:00,14715,0.6006,0.60334,0.6006,0.60145,0.60258,0.60349,0.60139,0.60159
2026-02-09 02:00:00+00:00,8800,0.60143,0.60215,0.60107,0.60184,0.60157,0.60231,0.60124,0.602
2026-02-09 06:00:00+00:00,15875,0.60184,0.60262,0.60077,0.60104,0.60201,0.60278,0.60093,0.60118
2026-02-09 10:00:00+00:00,18414,0.60103,0.60417,0.59963,0.60365,0.60118,0.60433,0.59979,0.6038
2026-02-09 14:00:00+00:00,20992,0.60363,0.60562,0.60355,0.60491,0.60378,0.60576,0.60369,0.60506
2026-02-09 18:00:00+00:00,6425,0.60491,0.60594,0.60445,0.60557,0.60506,0.60608,0.60458,0.60576
2026-02-09 22:00:00+00:00,8513,0.60481,0.60553,0.6037,0.60487,0.60573,0.60581,0.60428,0.60501
2026-02-10 02:00:00+00:00,9669,0.60486,0.60514,0.60352,0.60382,0.60501,0.6053,0.60367,0.60396
2026-02-10 06:00:00+00:00,13377,0.60382,0.60494,0.6033,0.60448,0.60395,0.60508,0.60342,0.60462
2026-02-10 10:00:00+00:00,13869,0.60447,0.60533,0.60371,0.6048,0.60462,0.60549,0.60386,0.60495
2026-02-10 14:00:00+00:00,24717,0.60481,0.60609,0.60412,0.6043,0.60497,0.60623,0.60428,0.60448
2026-02-10 18:00:00+00:00,8094,0.60425,0.60506,0.60384,0.60427,0.60441,0.60519,0.60399,0.6045
2026-02-10 22:00:00+00:00,7051,0.60363,0.60507,0.60332,0.60482,0.60433,0.60521,0.60382,0.60497
2026-02-11 02:00:00+00:00,10349,0.60484,0.60653,0.60477,0.60607,0.60499,0.60667,0.6049,0.6062
2026-02-11 06:00:00+00:00,11911,0.60608,0.60662,0.60522,0.60637,0.60622,0.60675,0.60536,0.6065
2026-02-11 10:00:00+00:00,26077,0.60637,0.60726,0.6023,0.60517,0.60649,0.60743,0.60245,0.6053
2026-02-11 14:00:00+00:00,40906,0.60514,0.60645,0.60309,0.60576,0.60528,0.60662,0.60327,0.60592
2026-02-11 18:00:00+00:00,8627,0.60576,0.60628,0.60461,0.6047,0.60592,0.60644,0.60475,0.60494
2026-02-11 22:00:00+00:00,9034,0.60405,0.60584,0.60399,0.60582,0.60484,0.60599,0.60454,0.60599
2026-02-12 02:00:00+00:00,9363,0.60582,0.60609,0.60425,0.60479,0.60596,0.60625,0.60441,0.60494
2026-02-12 06:00:00+00:00,14045,0.60481,0.60711,0.60386,0.6071,0.60496,0.60724,0.604,0.60724
2026-02-12 10:00:00+00:00,12108,0.60711,0.60755,0.60588,0.60732,0.60723,0.60769,0.60601,0.60747
2026-02-12 14:00:00+00:00,37465,0.60732,0.60749,0.60325,0.60335,0.60749,0.60765,0.60339,0.6035
2026-02-12 18:00:00+00:00,11463,0.60335,0.60374,0.6025,0.60347,0.6035,0.6039,0.60265,0.60366
2026-02-12 22:00:00+00:00,10097,0.60315,0.60386,0.60242,0.60331,0.60361,0.60463,0.60291,0.60348
2026-02-13 02:00:00+00:00,10549,0.60332,0.60389,0.60231,0.60251,0.60347,0.60405,0.60248,0.60266
2026-02-13 06:00:00+00:00,13909,0.60251,0.60419,0.60138,0.60373,0.60267,0.60435,0.60152,0.60389
2026-02-13 10:00:00+00:00,20355,0.60374,0.60429,0.60145,0.60376,0.60389,0.60445,0.60184,0.60392
2026-02-13 14:00:00+00:00,36039,0.60377,0.60499,0.60215,0.60437,0.60391,0.60514,0.6023,0.60451
2026-02-13 18:00:00+00:00,8245,0.60437,0.60485,0.60349,0.60369,0.60453,0.60498,0.60365,0.60426
2026-02-15 22:00:00+00:00,7785,0.60211,0.60387,0.60202,0.60382,0.60371,0.60431,0.603,0.60396
2026-02-16 02:00:00+00:00,6606,0.60381,0.604,0.6027,0.6035,0.60396,0.60412,0.60283,0.60366
2026-02-16 06:00:00+00:00,8322,0.60348,0.60477,0.60343,0.60393,0.60365,0.60491,0.60359,0.60408
2026-02-16 10:00:00+00:00,7717,0.60394,0.60454,0.60367,0.60384,0.60408,0.60468,0.6038,0.604
2026-02-16 14:00:00+00:00,7327,0.60386,0.60424,0.60293,0.60314,0.604,0.60438,0.60308,0.60331
2026-02-16 18:00:00+00:00,1637,0.60314,0.60352,0.60312,0.60322,0.60331,0.60368,0.60328,0.60347
2026-02-16 22:00:00+00:00,7203,0.60312,0.60336,0.60216,0.60232,0.60332,0.60368,0.6023,0.60247
2026-02-17 02:00:00+00:00,10889,0.60229,0.60362,0.60185,0.60313,0.60245,0.60377,0.602,0.60327
2026-02-17 06:00:00+00:00,11921,0.60313,0.60418,0.60231,0.60415,0.60328,0.60433,0.60246,0.6043
2026-02-17 10:00:00+00:00,14762,0.60413,0.60494,0.60201,0.60231,0.60429,0.60509,0.60216,0.60247
2026-02-17 14:00:00+00:00,34420,0.60231,0.60336,0.60036,0.6029,0.60248,0.60349,0.6005,0.60306
2026-02-17 18:00:00+00:00,7122,0.60313,0.605,0.60312,0.60488,0.60328,0.60514,0.60328,0.60505
2026-02-17 22:00:00+00:00,8969,0.60479,0.60523,0.60093,0.60179,0.60505,0.60542,0.6011,0.60193
2026-02-18 02:00:00+00:00,8227,0.6018,0.6018,0.59949,0.59975,0.60192,0.60194,0.59964,0.59992
2026-02-18 06:00:00+00:00,11660,0.59977,0.60133,0.59886,0.60101,0.59994,0.60148,0.59901,0.60115
2026-02-18 10:00:00+00:00,11799,0.60101,0.60127,0.59865,0.59866,0.60116,0.60141,0.59881,0.59881
2026-02-18 14:00:00+00:00,18822,0.59867,0.59979,0.59757,0.5982,0.59881,0.59994,0.59775,0.59834
2026-02-18 18:00:00+00:00,9442,0.5982,0.5985,0.5961,0.5964,0.59834,0.59862,0.59622,0.59667
2026-02-18 22:00:00+00:00,7450,0.59592,0.59743,0.59573,0.59734,0.59668,0.59758,0.59589,0.59748
2026-02-19 02:00:00+00:00,8087,0.59734,0.59784,0.59639,0.59695,0.59747,0.59798,0.59656,0.5971
2026-02-19 06:00:00+00:00,9958,0.59695,0.59896,0.59681,0.59746,0.59708,0.59912,0.59698,0.5976
2026-02-19 10:00:00+00:00,13312,0.59744,0.59773,0.59556,0.59653,0.59757,0.59789,0.59572,0.59668
2026-02-19 14:00:00+00:00,29191,0.59655,0.59796,0.59451,0.59668,0.59668,0.59812,0.59466,0.59682
2026-02-19 18:00:00+00:00,8121,0.59668,0.5975,0.59617,0.59717,0.59682,0.59764,0.59633,0.59737
2026-02-19 22:00:00+00:00,9035,0.59626,0.59743,0.59432,0.59508,0.59802,0.59802,0.59448,0.59521
2026-02-20 02:00:00+00:00,10563,0.59509,0.59565,0.59372,0.59528,0.59523,0.59578,0.59389,0.59541
2026-02-20 06:00:00+00:00,12338,0.59526,0.59643,0.59436,0.59572,0.59541,0.59658,0.59451,0.59586
2026-02-20 10:00:00+00:00,14871,0.59571,0.59594,0.59446,0.59529,0.59586,0.59628,0.5946,0.59542
2026-02-20 14:00:00+00:00,49926,0.59526,0.59846,0.59442,0.59695,0.59542,0.59861,0.59456,0.59711
2026-02-20 18:00:00+00:00,14495,0.59696,0.59833,0.59652,0.59724,0.59711,0.59849,0.59669,0.59779
2026-02-22 22:00:00+00:00,16306,0.59747,0.60028,0.5972,0.59889,0.59798,0.60043,0.59761,0.59905
2026-02-23 02:00:00+00:00,12441,0.59888,0.59904,0.59787,0.59838,0.59905,0.5992,0.59803,0.59852
2026-02-23 06:00:00+00:00,14128,0.59838,0.59897,0.59748,0.59794,0.59854,0.59913,0.59763,0.59807
2026-02-23 10:00:00+00:00,12451,0.59793,0.59796,0.59564,0.59693,0.59807,0.59811,0.59578,0.5971
2026-02-23 14:00:00+00:00,25716,0.59693,0.59784,0.59546,0.59612,0.59708,0.59797,0.59561,0.59628
2026-02-23 18:00:00+00:00,6294,0.59612,0.59655,0.5951,0.5955,0.59628,0.5967,0.59522,0.59565
2026-02-23 22:00:00+00:00,12814,0.59495,0.59623,0.59492,0.59581,0.59561,0.59647,0.59508,0.59595
2026-02-24 02:00:00+00:00,10680,0.59581,0.59708,0.59553,0.59619,0.59596,0.59723,0.59568,0.59633
2026-02-24 06:00:00+00:00,15011,0.59618,0.59707,0.59556,0.59666,0.59634,0.59722,0.59572,0.59682
2026-02-24 10:00:00+00:00,11544,0.59667,0.59684,0.59463,0.59476,0.59682,0.59699,0.59478,0.59491
2026-02-24 14:00:00+00:00,20641,0.59473,0.59733,0.59417,0.5969,0.59489,0.59748,0.59433,0.59706
2026-02-24 18:00:00+00:00,4892,0.5969,0.59729,0.59633,0.59652,0.59706,0.59743,0.59647,0.59676
2026-02-24 22:00:00+00:00,10392,0.59554,0.59749,0.59547,0.59686,0.59642,0.59765,0.59627,0.59702
2026-02-25 02:00:00+00:00,15738,0.59685,0.59848,0.59681,0.59827,0.597,0.59863,0.59695,0.59842
2026-02-25 06:00:00+00:00,12338,0.59825,0.5991,0.59709,0.59709,0.59842,0.59926,0.59725,0.59725
2026-02-25 10:00:00+00:00,10772,0.59709,0.59787,0.59588,0.59679,0.59726,0.59801,0.59603,0.59693
2026-02-25 14:00:00+00:00,16159,0.59679,0.59994,0.59667,0.59942,0.59694,0.6001,0.59682,0.59955
2026-02-25 18:00:00+00:00,3957,0.59942,0.60019,0.59942,0.6,0.59955,0.60032,0.59955,0.60023
2026-02-25 22:00:00+00:00,9720,0.59941,0.6011,0.59919,0.60098,0.60008,0.60126,0.59963,0.60112
2026-02-26 02:00:00+00:00,9627,0.60098,0.60121,0.59967,0.60082,0.60113,0.60138,0.59982,0.60097
2026-02-26 06:00:00+00:00,11593,0.6008,0.60092,0.59847,0.59875,0.60096,0.60109,0.59864,0.59888
2026-02-26 10:00:00+00:00,9189,0.59874,0.59947,0.59803,0.59838,0.59886,0.59963,0.59818,0.59851
2026-02-26 14:00:00+00:00,25348,0.59837,0.59868,0.59566,0.59581,0.59851,0.59884,0.59581,0.59598
2026-02-26 18:00:00+00:00,5998,0.59581,0.59865,0.59569,0.59791,0.59598,0.59879,0.59585,0.5981
2026-02-26 22:00:00+00:00,12707,0.5967,0.59835,0.5967,0.59771,0.5987,0.60001,0.59747,0.59787
2026-02-27 02:00:00+00:00,9298,0.59774,0.59942,0.59763,0.59891,0.59789,0.59957,0.59777,0.59907
2026-02-27 06:00:00+00:00,10849,0.59891,0.59933,0.59836,0.59868,0.59904,0.59947,0.59848,0.59882
2026-02-27 10:00:00+00:00,12831,0.59868,0.59875,0.59698,0.59761,0.59884,0.59895,0.59713,0.59775
2026-02-27 14:00:00+00:00,21630,0.59762,0.60043,0.59745,0.59973,0.59775,0.60055,0.5976,0.59988
2026-02-27 18:00:00+00:00,5904,0.59972,0.60018,0.5992,0.59936,0.59989,0.60033,0.59938,0.60004
2026-03-01 22:00:00+00:00,22440,0.59503,0.59906,0.59471,0.59872,0.59558,0.59922,0.59498,0.59887
2026-03-02 02:00:00+00:00,16017,0.59872,0.5994,0.59586,0.59588,0.59889,0.59956,0.59601,0.59605
2026-03-02 06:00:00+00:00,23353,0.59588,0.59605,0.59273,0.59526,0.59606,0.5962,0.5929,0.59542
2026-03-02 10:00:00+00:00,18435,0.59529,0.59669,0.59329,0.59339,0.59544,0.59684,0.59345,0.59356
2026-03-02 14:00:00+00:00,28076,0.59338,0.59524,0.59153,0.59393,0.59354,0.59538,0.59169,0.5941
2026-03-02 18:00:00+00:00,11825,0.59369,0.59563,0.59301,0.59398,0.59386,0.59577,0.59317,0.59417
2026-03-02 22:00:00+00:00,12200,0.59369,0.59548,0.59286,0.59446,0.59569,0.59569,0.59365,0.59462
2026-03-03 02:00:00+00:00,17444,0.59446,0.59494,0.59244,0.59265,0.59461,0.59509,0.59259,0.5928
2026-03-03 06:00:00+00:00,24239,0.59266,0.59313,0.5885,0.58882,0.59283,0.59328,0.58867,0.58898
2026-03-03 10:00:00+00:00,34057,0.58885,0.59028,0.58625,0.58871,0.58899,0.59045,0.58641,0.58887
2026-03-03 14:00:00+00:00,55443,0.58871,0.58933,0.58353,0.58767,0.58885,0.5895,0.58369,0.58783
2026-03-03 18:00:00+00:00,19592,0.58767,0.59063,0.58767,0.58861,0.58783,0.59079,0.58783,0.58897
2026-03-03 22:00:00+00:00,20095,0.58811,0.58954,0.58606,0.5877,0.59011,0.59098,0.58622,0.58785
2026-03-04 02:00:00+00:00,24534,0.5877,0.5905,0.58737,0.58929,0.58786,0.59065,0.58752,0.58946
2026-03-04 06:00:00+00:00,23008,0.58928,0.59145,0.58851,0.59086,0.58944,0.5916,0.58866,0.59103
2026-03-04 10:00:00+00:00,29779,0.59086,0.59324,0.59045,0.59099,0.59102,0.59341,0.59061,0.59115
2026-03-04 14:00:00+00:00,29847,0.59099,0.59356,0.59001,0.59296,0.59113,0.59372,0.59018,0.59311
2026-03-04 18:00:00+00:00,7073,0.59296,0.59417,0.59254,0.59392,0.59311,0.59432,0.59268,0.59415
2026-03-04 22:00:00+00:00,11691,0.59378,0.59479,0.59305,0.59315,0.59407,0.59495,0.59321,0.5933
2026-03-05 02:00:00+00:00,17586,0.59315,0.59404,0.59141,0.59146,0.59329,0.5942,0.59156,0.59161
2026-03-05 06:00:00+00:00,29581,0.59147,0.59454,0.59013,0.59201,0.5916,0.59471,0.59028,0.59215
2026-03-05 10:00:00+00:00,20632,0.59199,0.59317,0.59056,0.59079,0.59214,0.59332,0.59072,0.59094
2026-03-05 14:00:00+00:00,34334,0.59076,0.59167,0.58737,0.58794,0.59091,0.59182,0.58752,0.58812
2026-03-05 18:00:00+00:00,15988,0.58794,0.59015,0.58722,0.58951,0.58812,0.5903,0.58739,0.58976
2026-03-05 22:00:00+00:00,9885,0.58928,0.59124,0.58911,0.59088,0.59128,0.59139,0.58945,0.59103
2026-03-06 02:00:00+00:00,13137,0.59089,0.59141,0.59005,0.59008,0.59103,0.59155,0.59021,0.59025
2026-03-06 06:00:00+00:00,16660,0.5901,0.5915,0.58702,0.58714,0.59025,0.59163,0.58719,0.5873
2026-03-06 10:00:00+00:00,32826,0.58716,0.58892,0.58567,0.58591,0.58733,0.59084,0.58584,0.58608
2026-03-06 14:00:00+00:00,45584,0.58596,0.59069,0.58583,0.58925,0.58608,0.59084,0.586,0.58939
2026-03-06 18:00:00+00:00,13098,0.58925,0.59095,0.58918,0.58954,0.5894,0.59109,0.58932,0.59056
2026-03-08 21:00:00+00:00,19245,0.5864,0.5875,0.58476,0.58549,0.5869,0.58855,0.58492,0.58565
2026-03-09 01:00:00+00:00,27099,0.58551,0.5879,0.58496,0.58698,0.58566,0.58807,0.58512,0.58715
2026-03-09 05:00:00+00:00,36038,0.58699,0.5897,0.58669,0.58868,0.58715,0.58986,0.58686,0.58882
2026-03-09 09:00:00+00:00,35791,0.58869,0.59155,0.58832,0.5899,0.58882,0.5917,0.58845,0.59003
2026-03-09 13:00:00+00:00,40345,0.58994,0.59278,0.58932,0.5923,0.59006,0.59293,0.58949,0.59245
2026-03-09 17:00:00+00:00,19870,0.59229,0.59345,0.59111,0.59328,0.59245,0.59368,0.59126,0.59353
2026-03-09 21:00:00+00:00,12578,0.59319,0.59385,0.59227,0.59255,0.59348,0.59406,0.59241,0.59271
2026-03-10 01:00:00+00:00,20203,0.59255,0.59269,0.59066,0.59097,0.59269,0.59286,0.59084,0.59112
2026-03-10 05:00:00+00:00,20658,0.59095,0.5943,0.59091,0.59242,0.59112,0.59447,0.59107,0.59254
2026-03-10 09:00:00+00:00,22832,0.59238,0.59448,0.59233,0.59371,0.59253,0.59465,0.59246,0.59383
2026-03-10 13:00:00+00:00,27779,0.59372,0.59615,0.59292,0.59517,0.59387,0.59631,0.59307,0.59532
2026-03-10 17:00:00+00:00,25555,0.59515,0.59637,0.59241,0.59279,0.5953,0.59653,0.59257,0.59304
2026-03-10 21:00:00+00:00,7082,0.59276,0.59345,0.59203,0.59268,0.59298,0.59362,0.5922,0.59285
2026-03-11 01:00:00+00:00,13144,0.59269,0.59475,0.59243,0.59457,0.59285,0.59491,0.59259,0.59472
2026-03-11 05:00:00+00:00,16447,0.59456,0.59477,0.59209,0.59269,0.59473,0.59494,0.59224,0.59282
2026-03-11 09:00:00+00:00,21226,0.59269,0.5933,0.59087,0.59136,0.59284,0.59343,0.59103,0.59152
2026-03-11 13:00:00+00:00,32069,0.59135,0.59403,0.5905,0.59152,0.5915,0.5942,0.59065,0.59164
2026-03-11 17:00:00+00:00,9788,0.59154,0.59192,0.59042,0.5913,0.59167,0.59207,0.59059,0.59149
2026-03-11 21:00:00+00:00,9675,0.59121,0.5913,0.58913,0.59046,0.59142,0.59213,0.58929,0.59061
2026-03-12 01:00:00+00:00,10936,0.59045,0.59132,0.58945,0.58988,0.59059,0.59147,0.58959,0.59003
2026-03-12 05:00:00+00:00,13827,0.58987,0.59109,0.58946,0.5901,0.59004,0.59125,0.58961,0.59024
2026-03-12 09:00:00+00:00,14815,0.59014,0.59109,0.58908,0.58928,0.59028,0.59123,0.58923,0.58942
2026-03-12 13:00:00+00:00,34671,0.5893,0.58974,0.58543,0.58581,0.58943,0.58989,0.58558,0.58597
2026-03-12 17:00:00+00:00,11597,0.58583,0.58648,0.58502,0.58528,0.58597,0.58662,0.58518,0.58552
2026-03-12 21:00:00+00:00,7418,0.58539,0.58584,0.58476,0.58533,0.58577,0.58598,0.58494,0.5855
2026-03-13 01:00:00+00:00,9839,0.58533,0.58614,0.58292,0.58294,0.58549,0.58628,0.58309,0.5831
2026-03-13 05:00:00+00:00,13311,0.58294,0.58329,0.58025,0.58173,0.58311,0.58344,0.58039,0.58187
2026-03-13 09:00:00+00:00,19175,0.58174,0.58387,0.58158,0.58344,0.5819,0.58404,0.58173,0.58359
2026-03-13 13:00:00+00:00,29410,0.58344,0.58398,0.57987,0.57997,0.58358,0.58414,0.58002,0.58009
2026-03-13 17:00:00+00:00,9994,0.57998,0.58052,0.57707,0.57722,0.58012,0.58068,0.57753,0.57772
2026-03-15 21:00:00+00:00,10971,0.57874,0.58064,0.57775,0.5803,0.57936,0.58079,0.57792,0.58044
2026-03-16 01:00:00+00:00,11861,0.58033,0.58145,0.57941,0.58044,0.58046,0.58159,0.57954,0.58059
2026-03-16 05:00:00+00:00,14030,0.58045,0.5817,0.57981,0.58163,0.58059,0.58185,0.57997,0.58179
2026-03-16 09:00:00+00:00,13321,0.58163,0.58479,0.58126,0.58404,0.58178,0.58494,0.58142,0.58418
2026-03-16 13:00:00+00:00,18789,0.58406,0.58576,0.58377,0.58438,0.58418,0.5859,0.58393,0.58451
2026-03-16 17:00:00+00:00,10343,0.5844,0.58686,0.5844,0.586,0.58453,0.58699,0.58453,0.58619
2026-03-16 21:00:00+00:00,6311,0.5858,0.58602,0.58427,0.58449,0.58614,0.58627,0.58441,0.58464
2026-03-17 01:00:00+00:00,12544,0.58449,0.58533,0.58404,0.5841,0.58463,0.58548,0.58419,0.58425
2026-03-17 05:00:00+00:00,15283,0.58409,0.58409,0.58161,0.58373,0.58423,0.58423,0.58175,0.58388
2026-03-17 09:00:00+00:00,12079,0.58372,0.58504,0.58348,0.58504,0.58385,0.58519,0.58362,0.58518
2026-03-17 13:00:00+00:00,19113,0.58504,0.58646,0.58459,0.58586,0.58517,0.58659,0.58471,0.58599
2026-03-17 17:00:00+00:00,5768,0.58585,0.58681,0.58546,0.58569,0.58599,0.58696,0.58562,0.58589
2026-03-17 21:00:00+00:00,9968,0.58564,0.58624,0.58427,0.58578,0.58593,0.58638,0.5854,0.58594
2026-03-18 01:00:00+00:00,7377,0.5858,0.58657,0.58522,0.58617,0.58595,0.58672,0.58538,0.58633
2026-03-18 05:00:00+00:00,8628,0.58618,0.58718,0.58524,0.58608,0.58633,0.58733,0.58539,0.58623
2026-03-18 09:00:00+00:00,15873,0.58607,0.58635,0.58204,0.58211,0.58623,0.58648,0.58218,0.58227
2026-03-18 13:00:00+00:00,24835,0.58215,0.58499,0.58124,0.58398,0.58228,0.58515,0.5814,0.58412
2026-03-18 17:00:00+00:00,18183,0.58396,0.58461,0.5788,0.57948,0.58412,0.58475,0.57896,0.57975
2026-03-18 21:00:00+00:00,11734,0.57967,0.58169,0.57844,0.58159,0.5808,0.58285,0.57859,0.58176
2026-03-19 01:00:00+00:00,11406,0.58159,0.58271,0.58083,0.58171,0.58175,0.58286,0.58099,0.58188
2026-03-19 05:00:00+00:00,18497,0.58173,0.58216,0.58034,0.58118,0.58188,0.5823,0.58049,0.58134
2026-03-19 09:00:00+00:00,25031,0.58119,0.58264,0.57977,0.58063,0.58133,0.58281,0.5799,0.58079
2026-03-19 13:00:00+00:00,50490,0.58063,0.58496,0.5799,0.58378,0.58075,0.58511,0.58004,0.58392
2026-03-19 17:00:00+00:00,22648,0.58378,0.58917,0.58346,0.58732,0.58394,0.58935,0.58361,0.58754
2026-03-19 21:00:00+00:00,8742,0.58716,0.58828,0.58651,0.58823,0.58749,0.58858,0.58667,0.58837
2026-03-20 01:00:00+00:00,11349,0.58823,0.58908,0.58782,0.58803,0.58839,0.58924,0.58798,0.58818
2026-03-20 05:00:00+00:00,13709,0.58803,0.58913,0.5871,0.58814,0.5882,0.58927,0.58725,0.58829
2026-03-20 09:00:00+00:00,20717,0.58815,0.58823,0.58517,0.5865,0.58831,0.58839,0.58533,0.58665
2026-03-20 13:00:00+00:00,30495,0.58653,0.58663,0.58291,0.58413,0.58665,0.58677,0.58306,0.58428
2026-03-20 17:00:00+00:00,16638,0.58414,0.58442,0.58171,0.58274,0.5843,0.58458,0.58187,0.58342
2026-03-22 21:00:00+00:00,13913,0.58137,0.58377,0.58036,0.58223,0.58202,0.58393,0.58136,0.58238
2026-03-23 01:00:00+00:00,21785,0.58221,0.5833,0.58086,0.58115,0.58236,0.58346,0.581,0.5813
2026-03-23 05:00:00+00:00,26883,0.58114,0.58126,0.57885,0.5796,0.5813,0.58141,0.57902,0.57975
2026-03-23 09:00:00+00:00,95838,0.57964,0.58535,0.57613,0.58513,0.57976,0.58552,0.5763,0.58527
2026-03-23 13:00:00+00:00,77982,0.58513,0.58868,0.583,0.58507,0.58529,0.58882,0.58316,0.5852
2026-03-23 17:00:00+00:00,23136,0.58507,0.58809,0.58488,0.58572,0.58522,0.58825,0.58503,0.58598
2026-03-23 21:00:00+00:00,17122,0.58504,0.58663,0.58312,0.58426,0.58704,0.588,0.58329,0.58442
2026-03-24 01:00:00+00:00,20394,0.58428,0.58454,0.5825,0.58289,0.58442,0.58469,0.58265,0.58303
2026-03-24 05:00:00+00:00,28434,0.58289,0.58601,0.58207,0.58226,0.58305,0.58617,0.58221,0.58243
2026-03-24 09:00:00+00:00,23897,0.58228,0.58407,0.5815,0.58242,0.58244,0.58419,0.58165,0.58256
2026-03-24 13:00:00+00:00,43185,0.58242,0.58406,0.5811,0.58136,0.58258,0.58422,0.58126,0.58151
2026-03-24 17:00:00+00:00,28251,0.58138,0.5851,0.5793,0.58356,0.58151,0.58525,0.57943,0.58378
2026-03-24 21:00:00+00:00,12551,0.58346,0.58427,0.58275,0.58384,0.58374,0.58442,0.58292,0.58399
2026-03-25 01:00:00+00:00,15166,0.58381,0.58428,0.58148,0.58155,0.58395,0.58444,0.58163,0.58172
2026-03-25 05:00:00+00:00,18002,0.58157,0.5832,0.58073,0.58276,0.58172,0.58334,0.58088,0.58291
2026-03-25 09:00:00+00:00,19300,0.58274,0.58306,0.58093,0.58163,0.58291,0.5832,0.58109,0.5818
2026-03-25 13:00:00+00:00,28284,0.58165,0.58228,0.58033,0.58164,0.5818,0.58243,0.58048,0.5818
2026-03-25 17:00:00+00:00,9731,0.58164,0.58254,0.58034,0.5805,0.58178,0.58269,0.58051,0.58071
2026-03-25 21:00:00+00:00,5124,0.58053,0.58096,0.57951,0.57993,0.58083,0.58155,0.57966,0.58009
2026-03-26 01:00:00+00:00,10312,0.57993,0.58081,0.57943,0.58063,0.58007,0.58096,0.57957,0.58078
2026-03-26 05:00:00+00:00,14365,0.58064,0.58069,0.57812,0.57864,0.58078,0.58083,0.57828,0.57878
2026-03-26 09:00:00+00:00,13966,0.57866,0.57921,0.57702,0.57768,0.57878,0.57935,0.57718,0.57783
2026-03-26 13:00:00+00:00,27132,0.57768,0.57928,0.57648,0.57672,0.57784,0.57943,0.57665,0.57686
2026-03-26 17:00:00+00:00,15266,0.57673,0.57821,0.57497,0.57602,0.57685,0.57838,0.57512,0.57636
2026-03-26 21:00:00+00:00,8661,0.57572,0.57681,0.57516,0.57557,0.57637,0.57855,0.57532,0.57574
2026-03-27 01:00:00+00:00,12257,0.57559,0.57748,0.57519,0.5774,0.57574,0.57763,0.57536,0.57754
2026-03-27 05:00:00+00:00,14057,0.5774,0.57772,0.57618,0.57663,0.57753,0.57786,0.57632,0.57678
2026-03-27 09:00:00+00:00,12698,0.5766,0.57743,0.57486,0.57529,0.57677,0.57759,0.57502,0.57542
2026-03-27 13:00:00+00:00,25444,0.5753,0.57676,0.57492,0.57516,0.57545,0.57692,0.57507,0.57532
2026-03-27 17:00:00+00:00,8998,0.57513,0.57577,0.57372,0.57424,0.57529,0.57593,0.57387,0.57475
2026-03-29 21:00:00+00:00,13879,0.5744,0.57447,0.57228,0.57312,0.57495,0.57559,0.57245,0.57328
2026-03-30 01:00:00+00:00,14379,0.57314,0.57408,0.57248,0.57348,0.57329,0.57422,0.57263,0.57365
2026-03-30 05:00:00+00:00,14452,0.57349,0.57489,0.5721,0.57221,0.57364,0.57503,0.57222,0.57234
2026-03-30 09:00:00+00:00,13909,0.57218,0.57302,0.57144,0.57227,0.57234,0.57315,0.57156,0.57243
2026-03-30 13:00:00+00:00,24354,0.57228,0.57257,0.56991,0.57168,0.57243,0.57271,0.57006,0.57182
2026-03-30 17:00:00+00:00,9052,0.5717,0.57211,0.57105,0.57204,0.57184,0.57229,0.57118,0.57224
2026-03-30 21:00:00+00:00,10546,0.57191,0.57276,0.57056,0.57217,0.57212,0.57288,0.57073,0.57233
2026-03-31 01:00:00+00:00,17285,0.57215,0.5735,0.57075,0.57075,0.57233,0.57364,0.57091,0.57092
2026-03-31 05:00:00+00:00,13325,0.57075,0.5718,0.57036,0.57135,0.5709,0.57194,0.57049,0.5715
2026-03-31 09:00:00+00:00,20265,0.57135,0.57327,0.56995,0.57225,0.57152,0.57343,0.57008,0.57243
2026-03-31 13:00:00+00:00,36825,0.57227,0.57377,0.56971,0.57287,0.57243,0.57393,0.56987,0.57302
2026-03-31 17:00:00+00:00,19737,0.57289,0.5748,0.57285,0.57457,0.57302,0.57496,0.57302,0.57479
2026-03-31 21:00:00+00:00,8855,0.57386,0.57591,0.57385,0.57532,0.57473,0.57604,0.57432,0.57548
2026-04-01 01:00:00+00:00,11522,0.57534,0.57537,0.57299,0.57368,0.57547,0.57553,0.57314,0.57383
2026-04-01 05:00:00+00:00,22280,0.5737,0.57722,0.57363,0.57635,0.57383,0.57737,0.57377,0.5765
2026-04-01 09:00:00+00:00,20237,0.57637,0.57768,0.57589,0.57616,0.57651,0.57786,0.57605,0.57631
2026-04-01 13:00:00+00:00,30348,0.57614,0.57728,0.57559,0.57722,0.57631,0.57743,0.57571,0.57738
2026-04-01 17:00:00+00:00,11003,0.57724,0.57754,0.57419,0.57522,0.57739,0.57767,0.57436,0.57546
2026-04-01 21:00:00+00:00,7812,0.57511,0.5756,0.57456,0.57547,0.57533,0.57624,0.57473,0.57564
2026-04-02 01:00:00+00:00,37671,0.57546,0.57585,0.57058,0.57091,0.57561,0.576,0.57075,0.57107
2026-04-02 05:00:00+00:00,14103,0.57091,0.57164,0.56989,0.57103,0.57108,0.5718,0.57004,0.57119
2026-04-02 09:00:00+00:00,13825,0.57103,0.57154,0.56998,0.57106,0.5712,0.57168,0.57013,0.5712
2026-04-02 13:00:00+00:00,35130,0.57108,0.57355,0.57062,0.57221,0.57122,0.57371,0.57075,0.57236
2026-04-02 17:00:00+00:00,8235,0.57219,0.57261,0.57131,0.57162,0.57235,0.57276,0.57145,0.57181
2026-04-02 21:00:00+00:00,3387,0.57021,0.57195,0.57007,0.5716,0.57221,0.5725,0.57164,0.57176
2026-04-03 01:00:00+00:00,1678,0.5716,0.57165,0.57066,0.57071,0.57175,0.57181,0.57082,0.57087
2026-04-03 05:00:00+00:00,2802,0.57071,0.57125,0.57029,0.57053,0.57088,0.57141,0.57046,0.57069
2026-04-03 09:00:00+00:00,5608,0.57053,0.5712,0.56963,0.57023,0.57071,0.57146,0.56985,0.57041
2026-04-03 13:00:00+00:00,5150,0.57022,0.57079,0.56917,0.56925,0.57041,0.57094,0.56934,0.56944
2026-04-03 17:00:00+00:00,3597,0.56927,0.56955,0.56774,0.56823,0.56944,0.57155,0.56846,0.57023
2026-04-05 21:00:00+00:00,8075,0.56849,0.5694,0.56804,0.56933,0.56978,0.56986,0.5682,0.56949
2026-04-06 01:00:00+00:00,9711,0.56935,0.57058,0.5688,0.57026,0.56951,0.57074,0.56895,0.5704
2026-04-06 05:00:00+00:00,12057,0.57025,0.57265,0.57,0.57231,0.57041,0.57281,0.57016,0.57246
2026-04-06 09:00:00+00:00,11673,0.57231,0.57255,0.57131,0.57202,0.57247,0.57271,0.57151,0.57218
2026-04-06 13:00:00+00:00,21326,0.57202,0.57291,0.57101,0.5714,0.57217,0.57306,0.57118,0.57157
2026-04-06 17:00:00+00:00,11309,0.5714,0.57184,0.5705,0.57113,0.57156,0.57199,0.57067,0.57134
2026-04-06 21:00:00+00:00,7699,0.57121,0.57156,0.57044,0.57045,0.57177,0.57302,0.57058,0.57061
2026-04-07 01:00:00+00:00,10767,0.57046,0.57085,0.56887,0.57019,0.5706,0.57101,0.56904,0.57034
2026-04-07 05:00:00+00:00,17045,0.5702,0.57217,0.56952,0.57194,0.57034,0.57233,0.56967,0.5721
2026-04-07 09:00:00+00:00,19892,0.57194,0.57211,0.56978,0.57012,0.57209,0.57225,0.56995,0.57027
2026-04-07 13:00:00+00:00,24629,0.57013,0.57139,0.56935,0.57064,0.57027,0.57153,0.56948,0.57079
2026-04-07 17:00:00+00:00,16592,0.57066,0.57325,0.57036,0.57316,0.57079,0.57347,0.5705,0.57345
2026-04-07 21:00:00+00:00,39287,0.57225,0.58179,0.5704,0.57872,0.5728,0.58198,0.5724,0.57886
2026-04-08 01:00:00+00:00,24330,0.5787,0.58337,0.57861,0.58323,0.57886,0.58353,0.57878,0.58339
2026-04-08 05:00:00+00:00,23411,0.58325,0.58493,0.58113,0.58164,0.58341,0.58509,0.58129,0.58179
2026-04-08 09:00:00+00:00,17656,0.58164,0.58535,0.58127,0.58513,0.58178,0.5855,0.58143,0.58526
2026-04-08 13:00:00+00:00,27923,0.58509,0.58583,0.58288,0.58354,0.58523,0.58599,0.58304,0.5837
2026-04-08 17:00:00+00:00,12590,0.58355,0.58372,0.581,0.58214,0.5837,0.58386,0.58113,0.58232
2026-04-08 21:00:00+00:00,7723,0.58205,0.58272,0.5807,0.58235,0.58231,0.58361,0.58171,0.5825
2026-04-09 01:00:00+00:00,10926,0.58235,0.58372,0.58216,0.58326,0.58249,0.58388,0.58231,0.58341
2026-04-09 05:00:00+00:00,13790,0.58329,0.58379,0.58251,0.58288,0.58342,0.58394,0.58267,0.58302
2026-04-09 09:00:00+00:00,11123,0.58285,0.58408,0.58252,0.58354,0.583,0.58423,0.58267,0.58369
2026-04-09 13:00:00+00:00,23540,0.58354,0.5873,0.58349,0.58661,0.58371,0.58743,0.58364,0.58676
2026-04-09 17:00:00+00:00,9841,0.58661,0.58727,0.58526,0.58585,0.58677,0.58742,0.58541,0.58608
2026-04-09 21:00:00+00:00,5926,0.58562,0.58623,0.58454,0.58493,0.58679,0.58681,0.58469,0.58508
2026-04-10 01:00:00+00:00,7235,0.58493,0.58545,0.58442,0.58459,0.5851,0.58561,0.58458,0.58475
2026-04-10 05:00:00+00:00,9093,0.5846,0.58505,0.58319,0.58343,0.58474,0.58519,0.58334,0.58359
2026-04-10 09:00:00+00:00,13601,0.58346,0.58557,0.58331,0.58507,0.5836,0.58616,0.58345,0.58521
2026-04-10 13:00:00+00:00,17638,0.58505,0.58684,0.58321,0.58377,0.5852,0.58699,0.58337,0.58393
2026-04-10 17:00:00+00:00,5880,0.58378,0.58472,0.58312,0.58331,0.58392,0.58488,0.58363,0.58395
2026-04-12 21:00:00+00:00,12779,0.57908,0.58175,0.57883,0.58174,0.58086,0.58233,0.57963,0.58189
2026-04-13 01:00:00+00:00,10947,0.58175,0.5827,0.58143,0.58245,0.58188,0.58285,0.58159,0.5826
2026-04-13 05:00:00+00:00,11314,0.58247,0.58407,0.58219,0.58295,0.58261,0.58422,0.58233,0.5831
2026-04-13 09:00:00+00:00,10289,0.58296,0.58355,0.58146,0.58258,0.5831,0.5837,0.58161,0.58273
2026-04-13 13:00:00+00:00,23634,0.58259,0.58595,0.58237,0.5857,0.58273,0.5861,0.58252,0.58583
2026-04-13 17:00:00+00:00,6091,0.58568,0.58725,0.58568,0.58659,0.58583,0.58739,0.58583,0.58678
2026-04-13 21:00:00+00:00,6739,0.58568,0.58725,0.58554,0.58656,0.58655,0.5876,0.58643,0.5867
2026-04-14 01:00:00+00:00,5841,0.58654,0.58717,0.58561,0.58712,0.5867,0.58733,0.58576,0.58726
2026-04-14 05:00:00+00:00,13095,0.58712,0.58934,0.58673,0.5892,0.58728,0.58949,0.58688,0.58935
2026-04-14 09:00:00+00:00,13244,0.58923,0.59096,0.58881,0.59095,0.58937,0.59111,0.58895,0.5911
2026-04-14 13:00:00+00:00,16058,0.59096,0.59194,0.59022,0.59048,0.5911,0.59209,0.59036,0.59064
2026-04-14 17:00:00+00:00,6024,0.59048,0.59096,0.58994,0.59002,0.59062,0.5911,0.59012,0.59024
2026-04-14 21:00:00+00:00,7335,0.58892,0.59055,0.58892,0.59003,0.59083,0.59083,0.58985,0.59017
2026-04-15 01:00:00+00:00,7648,0.59006,0.59032,0.5892,0.59002,0.59018,0.59047,0.58936,0.59018
2026-04-15 05:00:00+00:00,12326,0.59005,0.59086,0.58986,0.59055,0.59018,0.59101,0.59,0.5907
2026-04-15 09:00:00+00:00,14463,0.59056,0.59071,0.5891,0.58957,0.59069,0.59088,0.58926,0.58972
2026-04-15 13:00:00+00:00,16829,0.5896,0.59128,0.58912,0.59117,0.58973,0.59143,0.58927,0.59131
2026-04-15 17:00:00+00:00,6568,0.59115,0.59189,0.59058,0.59126,0.5913,0.59204,0.59074,0.59145
2026-04-15 21:00:00+00:00,6328,0.59058,0.59161,0.59048,0.5912,0.59138,0.59184,0.59102,0.59136
2026-04-16 01:00:00+00:00,8406,0.59121,0.59214,0.59032,0.59135,0.59136,0.59231,0.59048,0.5915
2026-04-16 05:00:00+00:00,12419,0.59134,0.59154,0.58928,0.58941,0.59151,0.59168,0.58943,0.58957
2026-04-16 09:00:00+00:00,9113,0.58941,0.58961,0.58852,0.58898,0.58956,0.58973,0.58867,0.58913
2026-04-16 13:00:00+00:00,19007,0.58898,0.58982,0.5882,0.58858,0.58915,0.58997,0.58836,0.58873
2026-04-16 17:00:00+00:00,7398,0.58859,0.58911,0.58815,0.58899,0.58875,0.58923,0.58831,0.58923
2026-04-16 21:00:00+00:00,6003,0.58898,0.58924,0.58819,0.58859,0.58923,0.59043,0.58834,0.58874
2026-04-17 01:00:00+00:00,7989,0.58861,0.58877,0.58792,0.58874,0.58877,0.58891,0.58807,0.58887
2026-04-17 05:00:00+00:00,9401,0.58872,0.58933,0.58797,0.58923,0.58887,0.58948,0.58812,0.58938
2026-04-17 09:00:00+00:00,14558,0.58925,0.59203,0.58801,0.59199,0.5894,0.59218,0.58815,0.59215
2026-04-17 13:00:00+00:00,31121,0.59201,0.59284,0.59028,0.59063,0.59217,0.59298,0.59043,0.59078
2026-04-17 17:00:00+00:00,14398,0.59061,0.59063,0.58775,0.58789,0.59078,0.59078,0.58822,0.58835
2026-04-19 21:00:00+00:00,10615,0.58532,0.58777,0.58487,0.58752,0.5866,0.58792,0.58499,0.58767
2026-04-20 01:00:00+00:00,8910,0.58749,0.58823,0.58728,0.5878,0.58763,0.58838,0.58742,0.58794
2026-04-20 05:00:00+00:00,16297,0.58779,0.58789,0.58624,0.58694,0.58791,0.58803,0.58639,0.58709
2026-04-20 09:00:00+00:00,12375,0.58693,0.58843,0.58693,0.58782,0.58709,0.58857,0.58707,0.58795
2026-04-20 13:00:00+00:00,22234,0.58785,0.58949,0.58744,0.58894,0.58797,0.58962,0.58762,0.58909
2026-04-20 17:00:00+00:00,5918,0.58896,0.58928,0.5887,0.58899,0.5891,0.58943,0.58885,0.5892
2026-04-20 21:00:00+00:00,9303,0.58737,0.59154,0.58731,0.59122,0.58927,0.59174,0.58871,0.59138
2026-04-21 01:00:00+00:00,7954,0.59122,0.59199,0.58988,0.59048,0.59137,0.59216,0.59004,0.59062
2026-04-21 05:00:00+00:00,14997,0.59049,0.5915,0.58953,0.59027,0.59064,0.59165,0.58968,0.59042
2026-04-21 09:00:00+00:00,11220,0.59027,0.59119,0.5898,0.59037,0.59043,0.59136,0.58993,0.5905
2026-04-21 13:00:00+00:00,19513,0.59036,0.59191,0.58924,0.58927,0.59051,0.59207,0.5894,0.58942
2026-04-21 17:00:00+00:00,26634,0.58927,0.59053,0.58713,0.5893,0.58941,0.59069,0.58728,0.58952
2026-04-21 21:00:00+00:00,8461,0.58927,0.59067,0.58774,0.59044,0.58951,0.59082,0.58888,0.59059
2026-04-22 01:00:00+00:00,8352,0.59044,0.59083,0.59002,0.59042,0.5906,0.59098,0.59017,0.59057
2026-04-22 05:00:00+00:00,12563,0.59041,0.59222,0.59039,0.59161,0.59058,0.59235,0.59054,0.59177
2026-04-22 09:00:00+00:00,10638,0.59162,0.59185,0.58978,0.58991,0.59177,0.59199,0.58993,0.59006
2026-04-22 13:00:00+00:00,16168,0.58994,0.59206,0.58978,0.59046,0.59008,0.59219,0.58993,0.59061
2026-04-22 17:00:00+00:00,6348,0.59046,0.59099,0.59015,0.59044,0.59059,0.59113,0.59032,0.59061
2026-04-22 21:00:00+00:00,12410,0.5905,0.59094,0.58871,0.5906,0.59143,0.59195,0.58885,0.59075
2026-04-23 01:00:00+00:00,14001,0.59063,0.5907,0.58756,0.58851,0.59077,0.59085,0.5877,0.58867
2026-04-23 05:00:00+00:00,10785,0.58852,0.58924,0.58837,0.58861,0.58867,0.58939,0.58851,0.58874
2026-04-23 09:00:00+00:00,13858,0.58856,0.58884,0.58715,0.58765,0.58872,0.58899,0.5873,0.5878
2026-04-23 13:00:00+00:00,16808,0.58764,0.58859,0.58677,0.58742,0.58778,0.58875,0.5869,0.58757
2026-04-23 17:00:00+00:00,23729,0.58744,0.58756,0.58396,0.58526,0.58757,0.58772,0.58412,0.58547
2026-04-23 21:00:00+00:00,9065,0.58525,0.58614,0.58423,0.5857,0.58545,0.58744,0.58521,0.58586
2026-04-24 01:00:00+00:00,11010,0.5857,0.58606,0.58395,0.58523,0.58585,0.58621,0.58409,0.58537
2026-04-24 05:00:00+00:00,11867,0.58523,0.58611,0.58447,0.58562,0.58538,0.58625,0.58462,0.58578
2026-04-24 09:00:00+00:00,14090,0.58564,0.58774,0.58539,0.58691,0.58578,0.5879,0.58554,0.58706
2026-04-24 13:00:00+00:00,20767,0.58694,0.58801,0.58612,0.58786,0.58708,0.58816,0.58625,0.58802
2026-04-24 17:00:00+00:00,6201,0.58788,0.58825,0.58731,0.58753,0.58804,0.58853,0.58766,0.58828
2026-04-26 21:00:00+00:00,9200,0.58557,0.58824,0.58552,0.58816,0.58757,0.5885,0.58653,0.58832
2026-04-27 01:00:00+00:00,10289,0.58818,0.58947,0.58818,0.58867,0.58834,0.58962,0.58834,0.58883
2026-04-27 05:00:00+00:00,10839,0.58869,0.59132,0.58783,0.59104,0.58883,0.59147,0.58798,0.59119
2026-04-27 09:00:00+00:00,8244,0.59104,0.59211,0.59071,0.59153,0.59121,0.59227,0.59086,0.59168
2026-04-27 13:00:00+00:00,15966,0.59156,0.59232,0.59085,0.59133,0.59168,0.59247,0.591,0.59145
2026-04-27 17:00:00+00:00,5565,0.59136,0.59164,0.59068,0.59068,0.59148,0.59178,0.59083,0.59093
2026-04-27 21:00:00+00:00,9971,0.59066,0.59172,0.58934,0.59112,0.5909,0.59214,0.59057,0.59127
2026-04-28 01:00:00+00:00,9953,0.59113,0.59119,0.58954,0.58985,0.59126,0.59135,0.58969,0.59001
2026-04-28 05:00:00+00:00,17319,0.58987,0.58996,0.58812,0.58902,0.59002,0.59013,0.58828,0.58916
2026-04-28 09:00:00+00:00,15335,0.58901,0.58906,0.58652,0.58772,0.58917,0.58921,0.58666,0.58788
2026-04-28 13:00:00+00:00,19429,0.58771,0.58894,0.58702,0.58844,0.58785,0.58909,0.58717,0.58859
2026-04-28 17:00:00+00:00,5381,0.58845,0.58884,0.58807,0.58845,0.58858,0.58897,0.58822,0.58866
2026-04-28 21:00:00+00:00,9064,0.58767,0.58914,0.58729,0.58874,0.5886,0.5893,0.58829,0.58888
2026-04-29 01:00:00+00:00,12364,0.58872,0.58901,0.58555,0.58622,0.58886,0.58916,0.58571,0.58638
2026-04-29 05:00:00+00:00,11519,0.58623,0.58691,0.58568,0.58578,0.58638,0.58705,0.58583,0.58594
2026-04-29 09:00:00+00:00,9182,0.58579,0.58608,0.58512,0.58514,0.58594,0.58623,0.58527,0.58527
2026-04-29 13:00:00+00:00,21911,0.58513,0.58556,0.58279,0.58335,0.58528,0.58571,0.58296,0.58348
2026-04-29 17:00:00+00:00,17524,0.58334,0.58387,0.58142,0.58283,0.58348,0.58424,0.58158,0.58307
2026-04-29 21:00:00+00:00,9613,0.58159,0.5845,0.58159,0.58371,0.58359,0.58467,0.58251,0.58387
2026-04-30 01:00:00+00:00,15597,0.58369,0.5837,0.58245,0.58258,0.58385,0.58385,0.58259,0.58274
2026-04-30 05:00:00+00:00,17458,0.5826,0.5847,0.58205,0.58389,0.58275,0.58484,0.58219,0.58402
2026-04-30 09:00:00+00:00,29621,0.58388,0.58763,0.58354,0.58664,0.58402,0.58778,0.58367,0.58679
2026-04-30 13:00:00+00:00,27744,0.58662,0.58947,0.58636,0.58904,0.58679,0.58962,0.58651,0.58916
2026-04-30 17:00:00+00:00,10324,0.58903,0.59099,0.58876,0.5908,0.58918,0.59113,0.5889,0.59101
2026-04-30 21:00:00+00:00,9051,0.58972,0.5908,0.58959,0.59039,0.59105,0.59131,0.5902,0.59054
2026-05-01 01:00:00+00:00,7143,0.5904,0.59083,0.58927,0.58929,0.59054,0.59098,0.58943,0.58944
2026-05-01 05:00:00+00:00,14379,0.58929,0.58998,0.58863,0.58959,0.58945,0.59012,0.58878,0.58974
2026-05-01 09:00:00+00:00,14433,0.58959,0.59064,0.58874,0.59005,0.58976,0.59079,0.58889,0.59018
2026-05-01 13:00:00+00:00,24833,0.59001,0.59243,0.58965,0.59093,0.59015,0.59257,0.58981,0.59109
2026-05-01 17:00:00+00:00,8901,0.59093,0.59109,0.58888,0.58917,0.59107,0.59122,0.58958,0.59029
2026-05-03 21:00:00+00:00,6206,0.58893,0.59124,0.58893,0.59036,0.59093,0.5918,0.59012,0.59051
2026-05-04 01:00:00+00:00,13883,0.59036,0.59257,0.58983,0.5918,0.59052,0.59274,0.58999,0.59193
2026-05-04 05:00:00+00:00,12260,0.5918,0.59199,0.58936,0.58998,0.59194,0.59214,0.58949,0.59012
2026-05-04 09:00:00+00:00,19656,0.58998,0.59033,0.58732,0.5892,0.59015,0.59048,0.58746,0.58934
2026-05-04 13:00:00+00:00,27223,0.5892,0.58981,0.58598,0.58642,0.58932,0.58993,0.58612,0.58657
2026-05-04 17:00:00+00:00,9836,0.58641,0.58775,0.58641,0.58713,0.58657,0.58792,0.58656,0.58732
2026-05-04 21:00:00+00:00,5781,0.58713,0.58737,0.58613,0.58624,0.58763,0.58766,0.58627,0.58638
2026-05-05 01:00:00+00:00,8849,0.58625,0.58701,0.58566,0.58573,0.58638,0.58714,0.5858,0.58588
2026-05-05 05:00:00+00:00,14368,0.5857,0.58836,0.5856,0.58784,0.58586,0.58852,0.58576,0.58799
2026-05-05 09:00:00+00:00,13591,0.58784,0.58906,0.58741,0.58823,0.58798,0.58918,0.58755,0.58837
2026-05-05 13:00:00+00:00,18255,0.58822,0.59053,0.58797,0.58911,0.58837,0.59066,0.58813,0.58925
2026-05-05 17:00:00+00:00,4917,0.5891,0.58946,0.58842,0.5885,0.58925,0.58958,0.58858,0.58869
2026-05-05 21:00:00+00:00,16511,0.58849,0.5919,0.58649,0.5919,0.58869,0.59205,0.5881,0.59203
2026-05-06 01:00:00+00:00,17910,0.59189,0.59517,0.59166,0.59468,0.59205,0.59532,0.5918,0.59482
2026-05-06 05:00:00+00:00,19780,0.59465,0.59759,0.59397,0.59691,0.59481,0.59775,0.59412,0.59707
2026-05-06 09:00:00+00:00,28483,0.59686,0.59902,0.59576,0.59597,0.59704,0.59918,0.5959,0.59613
2026-05-06 13:00:00+00:00,21792,0.59595,0.59689,0.59461,0.59485,0.5961,0.59706,0.59478,0.595
2026-05-06 17:00:00+00:00,6364,0.59483,0.59595,0.59469,0.59535,0.59499,0.59608,0.59484,0.59553
2026-05-06 21:00:00+00:00,13719,0.59448,0.59584,0.59448,0.59539,0.59648,0.59753,0.59513,0.59555
2026-05-07 01:00:00+00:00,10571,0.59538,0.5965,0.59498,0.5961,0.59553,0.59666,0.59512,0.59624
2026-05-07 05:00:00+00:00,14835,0.59609,0.59789,0.59534,0.59747,0.59625,0.59805,0.59549,0.59762
2026-05-07 09:00:00+00:00,11804,0.59746,0.59828,0.59698,0.59779,0.5976,0.59842,0.59713,0.59794
2026-05-07 13:00:00+00:00,20855,0.59779,0.59802,0.59557,0.59596,0.59792,0.59817,0.5957,0.5961
2026-05-07 17:00:00+00:00,16492,0.59597,0.5962,0.59357,0.59367,0.59612,0.59635,0.59378,0.59387
2026-05-07 21:00:00+00:00,8061,0.59382,0.59413,0.59309,0.59373,0.59453,0.59483,0.59326,0.59389
2026-05-08 01:00:00+00:00,13275,0.59375,0.59451,0.59299,0.59432,0.5939,0.59467,0.59315,0.59448
2026-05-08 05:00:00+00:00,14252,0.59433,0.59646,0.59423,0.59616,0.59448,0.59662,0.59437,0.5963
2026-05-08 09:00:00+00:00,13123,0.59619,0.59682,0.59406,0.59582,0.59633,0.59697,0.59539,0.59596
2026-05-08 13:00:00+00:00,19349,0.59582,0.59651,0.59481,0.59571,0.59595,0.59665,0.59497,0.59585
2026-05-08 17:00:00+00:00,6729,0.59568,0.59648,0.59563,0.59629,0.59584,0.59681,0.59578,0.59678
2026-05-10 21:00:00+00:00,8683,0.5935,0.59559,0.59293,0.59555,0.59425,0.5968,0.59419,0.5957
2026-05-11 01:00:00+00:00,9010,0.59553,0.59568,0.59393,0.594,0.59569,0.59585,0.59409,0.59415
2026-05-11 05:00:00+00:00,11134,0.59401,0.59553,0.5938,0.59488,0.59415,0.59569,0.59395,0.59501
2026-05-11 09:00:00+00:00,10280,0.59487,0.59528,0.59423,0.59511,0.59502,0.59543,0.59437,0.59525
2026-05-11 13:00:00+00:00,14487,0.59514,0.59682,0.59506,0.59621,0.59526,0.59698,0.59521,0.59636
2026-05-11 17:00:00+00:00,6139,0.59623,0.5966,0.59568,0.59627,0.59636,0.59674,0.59583,0.59644
2026-05-11 21:00:00+00:00,10589,0.59531,0.59683,0.59503,0.59548,0.59723,0.59723,0.5956,0.59565
2026-05-12 01:00:00+00:00,12371,0.59548,0.59613,0.59468,0.59557,0.59564,0.59628,0.59483,0.59571
2026-05-12 05:00:00+00:00,15541,0.59554,0.5958,0.59367,0.5944,0.5957,0.59596,0.59381,0.59456
2026-05-12 09:00:00+00:00,13644,0.59441,0.59578,0.59419,0.5956,0.59455,0.59592,0.59434,0.59576
2026-05-12 13:00:00+00:00,20911,0.59559,0.5957,0.59333,0.59368,0.59576,0.59585,0.59349,0.59383
2026-05-12 17:00:00+00:00,6973,0.59369,0.59548,0.59369,0.59513,0.59383,0.59564,0.59383,0.5953
2026-05-12 21:00:00+00:00,13929,0.59433,0.5955,0.59377,0.59549,0.59633,0.59644,0.59491,0.59564
2026-05-13 01:00:00+00:00,13243,0.59549,0.59652,0.59374,0.59387,0.59565,0.59667,0.59388,0.59402
2026-05-13 05:00:00+00:00,12084,0.59386,0.59445,0.59278,0.59291,0.594,0.5946,0.59293,0.59305
2026-05-13 09:00:00+00:00,12660,0.59292,0.5933,0.59191,0.5923,0.59304,0.59345,0.59208,0.59244
2026-05-13 13:00:00+00:00,18015,0.5923,0.59421,0.59208,0.59355,0.59245,0.59436,0.59222,0.5937
2026-05-13 17:00:00+00:00,6958,0.59355,0.59372,0.59279,0.59352,0.59368,0.59388,0.59293,0.59374
2026-05-13 21:00:00+00:00,6772,0.5925,0.59373,0.59249,0.59313,0.5945,0.5946,0.59287,0.59326
2026-05-14 01:00:00+00:00,12072,0.59312,0.59343,0.59259,0.5932,0.59326,0.59358,0.59275,0.59332
2026-05-14 05:00:00+00:00,14147,0.59318,0.59413,0.59268,0.59387,0.59332,0.59428,0.59284,0.59403
2026-05-14 09:00:00+00:00,11274,0.59391,0.59402,0.59276,0.59279,0.59405,0.59417,0.5929,0.59293
2026-05-14 13:00:00+00:00,17725,0.5928,0.59294,0.59136,0.59179,0.59295,0.5931,0.59151,0.59194
2026-05-14 17:00:00+00:00,7974,0.59181,0.59211,0.59086,0.59106,0.59197,0.59227,0.59098,0.59126
2026-05-14 21:00:00+00:00,6520,0.59109,0.5914,0.58883,0.5891,0.59174,0.59216,0.58899,0.58926
2026-05-15 01:00:00+00:00,13276,0.58908,0.58924,0.5872,0.58729,0.58924,0.58941,0.58735,0.58743
2026-05-15 05:00:00+00:00,19382,0.58729,0.5873,0.58471,0.58489,0.58745,0.58745,0.58486,0.58503
2026-05-15 09:00:00+00:00,17208,0.5849,0.58664,0.58376,0.58439,0.58506,0.58678,0.58389,0.58454
2026-05-15 13:00:00+00:00,22623,0.58439,0.58513,0.58356,0.58436,0.58455,0.58528,0.58371,0.5845
2026-05-15 17:00:00+00:00,9080,0.58435,0.58492,0.5835,0.58369,0.58452,0.58506,0.58366,0.58413
2026-05-17 21:00:00+00:00,13114,0.58347,0.58414,0.58244,0.58257,0.58544,0.58555,0.58258,0.58273
2026-05-18 01:00:00+00:00,15099,0.58259,0.58414,0.58225,0.5836,0.58273,0.5843,0.58239,0.58374
2026-05-18 05:00:00+00:00,16380,0.58362,0.58621,0.58323,0.586,0.58375,0.58636,0.58339,0.58615
2026-05-18 09:00:00+00:00,17374,0.58598,0.58808,0.58512,0.5877,0.58614,0.58823,0.58527,0.58783
2026-05-18 13:00:00+00:00,26583,0.58769,0.58806,0.58559,0.58704,0.58784,0.5882,0.58573,0.5872
2026-05-18 17:00:00+00:00,13062,0.58705,0.58794,0.58589,0.58743,0.58718,0.58811,0.58605,0.58763
2026-05-18 21:00:00+00:00,12569,0.58618,0.58786,0.58589,0.58594,0.58818,0.5884,0.58605,0.5861
2026-05-19 01:00:00+00:00,16349,0.58594,0.58621,0.585,0.58509,0.58611,0.58636,0.58515,0.58524
2026-05-19 05:00:00+00:00,16727,0.58511,0.58592,0.58426,0.5845,0.58524,0.58608,0.58441,0.58465
2026-05-19 09:00:00+00:00,15543,0.58448,0.58481,0.5836,0.584,0.58463,0.58494,0.58375,0.58415
2026-05-19 13:00:00+00:00,24467,0.58397,0.58402,0.58169,0.58363,0.58413,0.58416,0.58183,0.58379
2026-05-19 17:00:00+00:00,8701,0.58364,0.58406,0.58326,0.58339,0.58379,0.58421,0.58341,0.58366
2026-05-19 21:00:00+00:00,10004,0.58276,0.58391,0.58201,0.58206,0.58476,0.58498,0.58217,0.58223
2026-05-20 01:00:00+00:00,19371,0.58206,0.58381,0.58143,0.58273,0.58221,0.58396,0.58159,0.5829
2026-05-20 05:00:00+00:00,16283,0.58273,0.58416,0.58251,0.58383,0.58287,0.58431,0.58266,0.58399
2026-05-20 09:00:00+00:00,10092,0.58381,0.58504,0.58344,0.58404,0.58399,0.58519,0.58358,0.58417
2026-05-20 13:00:00+00:00,32320,0.58406,0.58874,0.58346,0.58702,0.58419,0.58888,0.5836,0.58718
2026-05-20 17:00:00+00:00,10464,0.58703,0.58771,0.58647,0.58693,0.58718,0.58786,0.58668,0.5871
2026-05-20 21:00:00+00:00,7213,0.58591,0.58705,0.58584,0.58624,0.58761,0.58761,0.5861,0.5864
2026-05-21 01:00:00+00:00,17280,0.58624,0.58738,0.58495,0.58626,0.58639,0.58753,0.5851,0.58642
2026-05-21 05:00:00+00:00,20525,0.58628,0.5873,0.5849,0.58645,0.58643,0.58745,0.58505,0.58661
2026-05-21 09:00:00+00:00,20684,0.58643,0.58737,0.58484,0.58528,0.58659,0.58752,0.58499,0.58543
2026-05-21 13:00:00+00:00,23999,0.58527,0.58629,0.58447,0.58595,0.58543,0.58645,0.58473,0.58609
2026-05-21 17:00:00+00:00,19453,0.58596,0.58874,0.58575,0.58734,0.58609,0.5889,0.58589,0.58758
2026-05-21 21:00:00+00:00,7556,0.58721,0.58791,0.58658,0.58721,0.58832,0.58853,0.58719,0.58737
2026-05-22 01:00:00+00:00,8798,0.58721,0.58776,0.58687,0.58734,0.58735,0.58791,0.58703,0.58748
2026-05-22 05:00:00+00:00,13105,0.58732,0.58763,0.58578,0.58606,0.58747,0.58778,0.58594,0.5862
2026-05-22 09:00:00+00:00,12951,0.58605,0.58606,0.58494,0.58583,0.5862,0.5862,0.58508,0.58599
2026-05-22 13:00:00+00:00,17511,0.58585,0.58672,0.58438,0.58575,0.58601,0.58687,0.58451,0.58591
2026-05-22 17:00:00+00:00,8218,0.58577,0.58641,0.58459,0.58463,0.58592,0.58655,0.5848,0.5852
2026-05-24 21:00:00+00:00,6776,0.58751,0.58797,0.5867,0.58719,0.58868,0.58868,0.58705,0.58734
2026-05-25 01:00:00+00:00,9223,0.58718,0.58811,0.58681,0.5876,0.58732,0.58827,0.58696,0.58772
2026-05-25 05:00:00+00:00,9047,0.58758,0.58778,0.58615,0.58714,0.58772,0.58792,0.58631,0.5873
2026-05-25 09:00:00+00:00,5369,0.58715,0.5878,0.58669,0.58746,0.58729,0.58796,0.58684,0.58762
2026-05-25 13:00:00+00:00,5558,0.58747,0.58772,0.58682,0.58717,0.58762,0.58788,0.58698,0.58732
2026-05-25 17:00:00+00:00,1571,0.58716,0.58737,0.58707,0.58718,0.58733,0.58752,0.58723,0.58744
2026-05-25 21:00:00+00:00,9361,0.58623,0.58716,0.58546,0.58587,0.58823,0.58843,0.58561,0.58602
2026-05-26 01:00:00+00:00,9851,0.58587,0.58599,0.58472,0.58491,0.586,0.58615,0.58487,0.58506
2026-05-26 05:00:00+00:00,11479,0.5849,0.58538,0.58425,0.58443,0.58506,0.58553,0.58439,0.58458
2026-05-26 09:00:00+00:00,9193,0.58442,0.58479,0.58386,0.58393,0.58456,0.58494,0.58402,0.58406
2026-05-26 13:00:00+00:00,13669,0.58392,0.5845,0.58322,0.58336,0.58407,0.58463,0.58339,0.58352
2026-05-26 17:00:00+00:00,4255,0.58337,0.58382,0.58312,0.58361,0.58352,0.58398,0.58326,0.5838
2026-05-26 21:00:00+00:00,5634,0.58356,0.58473,0.58347,0.58449,0.58374,0.58487,0.58366,0.58463
2026-05-27 01:00:00+00:00,16149,0.58448,0.58777,0.58366,0.58766,0.58461,0.58792,0.5838,0.58781
2026-05-27 05:00:00+00:00,13261,0.58764,0.58799,0.58674,0.58769,0.58779,0.58814,0.5869,0.58784
2026-05-27 09:00:00+00:00,15580,0.58773,0.5904,0.58758,0.58952,0.58785,0.59054,0.58773,0.58967
2026-05-27 13:00:00+00:00,23162,0.58951,0.59112,0.58888,0.5893,0.58967,0.59128,0.58903,0.58945
2026-05-27 17:00:00+00:00,7403,0.58931,0.59023,0.58858,0.59016,0.58944,0.59042,0.58873,0.59036
2026-05-27 21:00:00+00:00,10282,0.58919,0.59038,0.58895,0.59004,0.59027,0.59085,0.58909,0.59021
2026-05-28 01:00:00+00:00,17655,0.59006,0.591,0.58636,0.58655,0.59022,0.59116,0.58651,0.58669
2026-05-28 05:00:00+00:00,14272,0.58657,0.58922,0.58657,0.58865,0.58671,0.58936,0.58671,0.5888
2026-05-28 09:00:00+00:00,14102,0.58862,0.59081,0.5884,0.59067,0.58879,0.59096,0.58854,0.59082
2026-05-28 13:00:00+00:00,25176,0.59069,0.5935,0.59005,0.59326,0.59082,0.59365,0.5902,0.5934
2026-05-28 17:00:00+00:00,7802,0.59325,0.59341,0.59265,0.5934,0.59341,0.59362,0.59279,0.59357
2026-05-28 21:00:00+00:00,10513,0.59254,0.59497,0.59234,0.59454,0.59361,0.59513,0.59312,0.59467
2026-05-29 01:00:00+00:00,11752,0.59454,0.59596,0.59449,0.59578,0.59469,0.59613,0.59463,0.59592
2026-05-29 05:00:00+00:00,12905,0.59581,0.59627,0.59537,0.59597,0.59594,0.59643,0.59552,0.59611
2026-05-29 09:00:00+00:00,13361,0.59597,0.59795,0.59596,0.59788,0.59613,0.59811,0.59612,0.59802
2026-05-29 13:00:00+00:00,22796,0.5979,0.59935,0.59776,0.5989,0.59803,0.59949,0.59791,0.59903
2026-05-29 17:00:00+00:00,8575,0.59891,0.599,0.59798,0.5986,0.59903,0.59928,0.59813,0.59922
2026-05-31 21:00:00+00:00,8554,0.5962,0.59859,0.5962,0.59773,0.5982,0.59962,0.59745,0.59787
2026-06-01 01:00:00+00:00,8068,0.59774,0.59783,0.59641,0.59687,0.59787,0.59797,0.59656,0.59702
2026-06-01 05:00:00+00:00,10375,0.5969,0.59728,0.59619,0.59653,0.59704,0.59742,0.59633,0.59669
2026-06-01 09:00:00+00:00,10676,0.59655,0.59658,0.59493,0.59543,0.5967,0.59674,0.59508,0.59556
2026-06-01 13:00:00+00:00,28532,0.59543,0.59547,0.59103,0.59363,0.59557,0.59562,0.59119,0.59378
2026-06-01 17:00:00+00:00,7997,0.59365,0.59439,0.59312,0.59322,0.5938,0.59455,0.59327,0.59342
2026-06-01 21:00:00+00:00,10143,0.5932,0.59365,0.59138,0.59191,0.5934,0.5952,0.59189,0.59207
2026-06-02 01:00:00+00:00,11449,0.59193,0.59341,0.59176,0.59326,0.5921,0.59357,0.59191,0.59342
2026-06-02 05:00:00+00:00,9939,0.59329,0.5945,0.59278,0.59285,0.59343,0.59463,0.59293,0.593
2026-06-02 09:00:00+00:00,9059,0.59285,0.5938,0.59227,0.59282,0.59301,0.59396,0.5924,0.59297
2026-06-02 13:00:00+00:00,13383,0.59284,0.59333,0.59204,0.59243,0.59298,0.59349,0.59229,0.59258
2026-06-02 17:00:00+00:00,4002,0.59242,0.59264,0.59178,0.59239,0.59258,0.59278,0.59192,0.59259
2026-06-02 21:00:00+00:00,7406,0.5926,0.59306,0.59175,0.59302,0.59354,0.59408,0.59207,0.59317
2026-06-03 01:00:00+00:00,8734,0.59302,0.59348,0.59117,0.59125,0.59318,0.59362,0.59132,0.5914
2026-06-03 05:00:00+00:00,12810,0.59124,0.59142,0.58925,0.58939,0.5914,0.59155,0.5894,0.58954
2026-06-03 09:00:00+00:00,11309,0.58939,0.59033,0.58812,0.58832,0.58955,0.59047,0.58827,0.58846
2026-06-03 13:00:00+00:00,16800,0.58829,0.58871,0.58605,0.58648,0.58843,0.58886,0.5862,0.58663
2026-06-03 17:00:00+00:00,5771,0.58648,0.58678,0.58573,0.58587,0.58664,0.58693,0.58585,0.58606
2026-06-03 21:00:00+00:00,8945,0.58604,0.58744,0.58568,0.58698,0.58649,0.5876,0.58603,0.58713
2026-06-04 01:00:00+00:00,11134,0.58695,0.58759,0.58648,0.58723,0.58711,0.58775,0.58663,0.58737
2026-06-04 05:00:00+00:00,11463,0.58723,0.58762,0.58617,0.58654,0.58738,0.58778,0.58632,0.58669
2026-06-04 09:00:00+00:00,12702,0.58656,0.58862,0.58651,0.58794,0.58671,0.58877,0.58665,0.58808
2026-06-04 13:00:00+00:00,12808,0.58794,0.58865,0.58739,0.58754,0.5881,0.58881,0.58751,0.5877
2026-06-04 17:00:00+00:00,3841,0.58752,0.58761,0.58653,0.58659,0.58767,0.58775,0.58669,0.58677
2026-06-04 21:00:00+00:00,6935,0.58623,0.58728,0.58616,0.58651,0.58727,0.58744,0.58659,0.58667
2026-06-05 01:00:00+00:00,12013,0.58652,0.58687,0.58502,0.58669,0.58667,0.58702,0.58517,0.58683
2026-06-05 05:00:00+00:00,10641,0.58668,0.58768,0.5859,0.58707,0.58683,0.58782,0.58604,0.58724
2026-06-05 09:00:00+00:00,13902,0.58708,0.5884,0.58424,0.58425,0.58724,0.58854,0.58439,0.58439
2026-06-05 13:00:00+00:00,26378,0.58425,0.58489,0.57999,0.58091,0.5844,0.58504,0.58014,0.58106
2026-06-05 17:00:00+00:00,12594,0.58093,0.58096,0.57889,0.57923,0.58109,0.58111,0.57905,0.5798
2026-06-07 21:00:00+00:00,7830,0.57788,0.58067,0.57782,0.58059,0.57869,0.58083,0.57844,0.58074
2026-06-08 01:00:00+00:00,16573,0.5806,0.58075,0.57884,0.58014,0.58076,0.58092,0.57898,0.58028
2026-06-08 05:00:00+00:00,17928,0.58015,0.58082,0.57935,0.58019,0.58028,0.58096,0.5795,0.58034
2026-06-08 09:00:00+00:00,17710,0.58017,0.58364,0.57967,0.58285,0.58033,0.5838,0.57981,0.583
2026-06-08 13:00:00+00:00,20042,0.58287,0.58321,0.58082,0.58136,0.583,0.58337,0.58097,0.58152
2026-06-08 17:00:00+00:00,9568,0.58136,0.58169,0.58068,0.58085,0.58151,0.58184,0.58083,0.58101
2026-06-08 21:00:00+00:00,5229,0.58074,0.58113,0.57984,0.58038,0.58154,0.58167,0.57997,0.58054
2026-06-09 01:00:00+00:00,12628,0.58041,0.58296,0.58036,0.58279,0.58056,0.58313,0.58052,0.58294
2026-06-09 05:00:00+00:00,14424,0.58279,0.58472,0.5821,0.58305,0.58293,0.58486,0.58224,0.5832
2026-06-09 09:00:00+00:00,10522,0.58306,0.58425,0.58276,0.58381,0.5832,0.58437,0.5829,0.58396
2026-06-09 13:00:00+00:00,33037,0.58382,0.58452,0.57998,0.58102,0.58398,0.58468,0.58014,0.58117
2026-06-09 17:00:00+00:00,18269,0.58105,0.58232,0.58096,0.58156,0.5812,0.58247,0.58112,0.58174
2026-06-09 21:00:00+00:00,12363,0.58156,0.58183,0.58017,0.58164,0.58173,0.583,0.58059,0.58178
2026-06-10 01:00:00+00:00,17851,0.58165,0.58227,0.58129,0.58135,0.5818,0.58243,0.58144,0.58149
2026-06-10 05:00:00+00:00,17318,0.58133,0.582,0.58055,0.58095,0.58149,0.58214,0.58069,0.5811
2026-06-10 09:00:00+00:00,22451,0.58095,0.58248,0.58004,0.58123,0.58111,0.58297,0.58019,0.58138
2026-06-10 13:00:00+00:00,30182,0.58124,0.58322,0.58112,0.58196,0.58137,0.58337,0.58129,0.58212
2026-06-10 17:00:00+00:00,14176,0.58197,0.5822,0.57943,0.57954,0.58211,0.58235,0.5796,0.57973
2026-06-10 21:00:00+00:00,15978,0.58002,0.58004,0.57852,0.57972,0.58202,0.58202,0.57868,0.57988
2026-06-11 01:00:00+00:00,15328,0.57973,0.58064,0.57921,0.57977,0.57987,0.5808,0.57936,0.57993
2026-06-11 05:00:00+00:00,11977,0.57979,0.57991,0.57792,0.5781,0.57993,0.58006,0.57808,0.57825
2026-06-11 09:00:00+00:00,15714,0.57808,0.57877,0.57685,0.57801,0.57823,0.57891,0.57701,0.57815
2026-06-11 13:00:00+00:00,24575,0.57804,0.57858,0.57698,0.57744,0.57816,0.57873,0.57713,0.57758
2026-06-11 17:00:00+00:00,30408,0.57744,0.58439,0.5772,0.58354,0.57759,0.58455,0.57735,0.58374
2026-06-11 21:00:00+00:00,12072,0.5835,0.58394,0.58191,0.58238,0.58373,0.5853,0.58231,0.58255
2026-06-12 01:00:00+00:00,16618,0.58238,0.58268,0.58116,0.58238,0.58254,0.58283,0.58131,0.58252
2026-06-12 05:00:00+00:00,21038,0.58236,0.58333,0.58105,0.58259,0.58252,0.5835,0.58119,0.58276
2026-06-12 09:00:00+00:00,17282,0.58261,0.58387,0.58175,0.58202,0.58276,0.58403,0.5819,0.58218
2026-06-12 13:00:00+00:00,29004,0.58203,0.58374,0.58187,0.58329,0.58218,0.58388,0.58202,0.58341
2026-06-12 17:00:00+00:00,8277,0.58329,0.58356,0.58263,0.58279,0.58342,0.58372,0.58302,0.58335
2026-06-14 21:00:00+00:00,13575,0.58256,0.58631,0.5813,0.58444,0.5838,0.58663,0.58322,0.58457
2026-06-15 01:00:00+00:00,8889,0.58442,0.58557,0.58417,0.58552,0.58457,0.58572,0.58432,0.58567
2026-06-15 05:00:00+00:00,11278,0.58553,0.58623,0.58401,0.58441,0.58569,0.58638,0.58416,0.58454
2026-06-15 09:00:00+00:00,8123,0.58441,0.58499,0.58353,0.58424,0.58455,0.58514,0.58368,0.58439
2026-06-15 13:00:00+00:00,11749,0.58422,0.58453,0.5829,0.58313,0.58438,0.58468,0.58305,0.58328
2026-06-15 17:00:00+00:00,5370,0.58312,0.58316,0.58192,0.58212,0.58328,0.5833,0.58205,0.58233
2026-06-15 21:00:00+00:00,5512,0.58196,0.58291,0.58154,0.58212,0.58355,0.58379,0.582,0.58227
2026-06-16 01:00:00+00:00,9643,0.58211,0.5822,0.57942,0.58073,0.58228,0.58236,0.57957,0.58086
2026-06-16 05:00:00+00:00,10617,0.58073,0.58265,0.58041,0.58253,0.58088,0.5828,0.58056,0.58265
2026-06-16 09:00:00+00:00,8138,0.58251,0.58363,0.58224,0.5831,0.58265,0.58378,0.58239,0.58324
2026-06-16 13:00:00+00:00,13616,0.58308,0.58427,0.58244,0.58391,0.58324,0.58442,0.58258,0.58404
2026-06-16 17:00:00+00:00,6072,0.5839,0.58394,0.58298,0.58303,0.58404,0.58409,0.58314,0.58323
2026-06-16 21:00:00+00:00,7477,0.58231,0.58337,0.58188,0.58302,0.58323,0.58377,0.58274,0.58317
2026-06-17 01:00:00+00:00,6136,0.58302,0.58347,0.58235,0.58245,0.58318,0.58362,0.5825,0.58261
2026-06-17 05:00:00+00:00,7736,0.58246,0.58253,0.58117,0.58175,0.5826,0.5827,0.58132,0.5819
2026-06-17 09:00:00+00:00,6532,0.58173,0.58194,0.58073,0.58158,0.58189,0.58209,0.58088,0.58172
2026-06-17 13:00:00+00:00,11841,0.58156,0.58222,0.58103,0.58158,0.58172,0.58236,0.58119,0.5817
2026-06-17 17:00:00+00:00,37656,0.58158,0.58189,0.57514,0.57653,0.58172,0.58227,0.57531,0.57695
2026-06-17 21:00:00+00:00,9253,0.57667,0.57853,0.57618,0.57775,0.57788,0.57903,0.57662,0.5779
2026-06-18 01:00:00+00:00,10219,0.57776,0.57983,0.57774,0.57945,0.57789,0.57998,0.57788,0.57961
2026-06-18 05:00:00+00:00,12725,0.57945,0.57971,0.57662,0.57674,0.57959,0.57984,0.57677,0.57689
2026-06-18 09:00:00+00:00,14697,0.57676,0.57742,0.57544,0.57705,0.57689,0.57758,0.57559,0.57718
2026-06-18 13:00:00+00:00,19850,0.57705,0.57789,0.57535,0.57567,0.57717,0.57804,0.5755,0.57582
2026-06-18 17:00:00+00:00,7905,0.57569,0.57602,0.57482,0.57534,0.57583,0.57617,0.57497,0.57549
2026-06-18 21:00:00+00:00,5768,0.5755,0.5762,0.57461,0.57593,0.5775,0.57757,0.57535,0.57606
2026-06-19 01:00:00+00:00,9691,0.57593,0.57601,0.57276,0.57292,0.57608,0.57616,0.5729,0.57305
2026-06-19 05:00:00+00:00,12053,0.57292,0.57435,0.57224,0.57422,0.57306,0.57452,0.57239,0.57437
2026-06-19 09:00:00+00:00,9656,0.57423,0.57486,0.57378,0.57463,0.57437,0.57503,0.57392,0.57478
2026-06-19 13:00:00+00:00,8352,0.57462,0.57467,0.57296,0.57361,0.57479,0.57482,0.57311,0.57378
2026-06-19 17:00:00+00:00,15437,0.57363,0.57432,0.57279,0.57304,0.57378,0.57469,0.57378,0.57466
2026-06-21 21:00:00+00:00,7229,0.57305,0.57364,0.57279,0.57353,0.57369,0.57411,0.57302,0.57369
2026-06-22 01:00:00+00:00,8954,0.57355,0.574,0.57225,0.57251,0.57371,0.57416,0.5724,0.57266
2026-06-22 05:00:00+00:00,12027,0.57251,0.57318,0.57178,0.57208,0.57267,0.57332,0.57193,0.57222
2026-06-22 09:00:00+00:00,11556,0.57208,0.57348,0.57205,0.5729,0.57225,0.57364,0.5722,0.57306
2026-06-22 13:00:00+00:00,19759,0.5729,0.57349,0.5715,0.57192,0.57305,0.57364,0.57165,0.57206
2026-06-22 17:00:00+00:00,5436,0.57192,0.57193,0.57087,0.57128,0.57208,0.57209,0.57102,0.57147
2026-06-22 21:00:00+00:00,6713,0.57111,0.57168,0.56999,0.57019,0.57278,0.57347,0.57014,0.57035
2026-06-23 01:00:00+00:00,10678,0.5702,0.57076,0.56914,0.56926,0.57035,0.5709,0.5693,0.56943
2026-06-23 05:00:00+00:00,14659,0.56927,0.56942,0.56819,0.56849,0.56943,0.56957,0.56834,0.56863
2026-06-23 09:00:00+00:00,10927,0.56847,0.56945,0.56702,0.56718,0.56863,0.5696,0.56716,0.56733
2026-06-23 13:00:00+00:00,15031,0.56721,0.56809,0.56668,0.56673,0.56735,0.56824,0.56684,0.56688
2026-06-23 17:00:00+00:00,6066,0.56672,0.56699,0.56624,0.56671,0.56686,0.56714,0.56638,0.56689
2026-06-23 21:00:00+00:00,6785,0.5665,0.56709,0.56609,0.56651,0.5685,0.56858,0.56629,0.56665
2026-06-24 01:00:00+00:00,11159,0.5665,0.56659,0.56498,0.5653,0.56666,0.56674,0.56514,0.56545
2026-06-24 05:00:00+00:00,10835,0.56532,0.56607,0.564,0.5646,0.56546,0.56621,0.56415,0.56475
2026-06-24 09:00:00+00:00,11669,0.5646,0.56468,0.56302,0.5633,0.56477,0.56484,0.56317,0.56345
2026-06-24 13:00:00+00:00,17356,0.56331,0.56535,0.56319,0.56503,0.56344,0.5655,0.56334,0.56519
2026-06-24 17:00:00+00:00,9818,0.56505,0.56512,0.56363,0.56496,0.56519,0.56527,0.56376,0.56517
2026-06-24 21:00:00+00:00,9209,0.56495,0.56524,0.56293,0.56435,0.56517,0.56724,0.56395,0.5645
2026-06-25 01:00:00+00:00,10629,0.56434,0.5652,0.56329,0.56467,0.56451,0.56534,0.56343,0.56481
2026-06-25 05:00:00+00:00,9426,0.56466,0.56501,0.56336,0.56464,0.56483,0.56517,0.56351,0.56479
2026-06-25 09:00:00+00:00,10079,0.56464,0.56518,0.5632,0.56442,0.56478,0.56533,0.5635,0.56457
2026-06-25 13:00:00+00:00,21085,0.56443,0.56607,0.56393,0.56514,0.56459,0.56622,0.56409,0.56529
2026-06-25 17:00:00+00:00,8270,0.56514,0.56527,0.56448,0.56469,0.5653,0.56544,0.56465,0.56486
2026-06-25 21:00:00+00:00,9281,0.56421,0.56488,0.56332,0.56413,0.56557,0.5668,0.56422,0.56428
2026-06-26 01:00:00+00:00,13618,0.56412,0.56454,0.56257,0.56402,0.56428,0.5647,0.56271,0.56418
2026-06-26 05:00:00+00:00,12619,0.56402,0.5653,0.56395,0.56493,0.56417,0.56546,0.56411,0.56505
2026-06-26 09:00:00+00:00,11072,0.5649,0.56567,0.56452,0.56505,0.56504,0.56583,0.56467,0.56521
2026-06-26 13:00:00+00:00,17995,0.56508,0.56576,0.56394,0.56406,0.56523,0.5659,0.56409,0.56421
2026-06-26 17:00:00+00:00,6501,0.56406,0.56427,0.5634,0.56348,0.56419,0.56442,0.56361,0.5641
2026-06-28 21:00:00+00:00,6481,0.56359,0.56408,0.56311,0.56348,0.56541,0.56541,0.56325,0.56362
2026-06-29 01:00:00+00:00,10027,0.5635,0.56463,0.5632,0.56427,0.56364,0.56479,0.56334,0.56442
2026-06-29 05:00:00+00:00,9034,0.56429,0.56581,0.56423,0.56482,0.56442,0.56596,0.56438,0.56496
2026-06-29 09:00:00+00:00,8477,0.56482,0.56554,0.56464,0.56497,0.56498,0.56568,0.56479,0.56511
2026-06-29 13:00:00+00:00,13634,0.56496,0.56534,0.56392,0.56502,0.56512,0.56547,0.56408,0.56517
2026-06-29 17:00:00+00:00,4563,0.56503,0.56542,0.56482,0.56497,0.56517,0.56556,0.56497,0.56519
2026-06-29 21:00:00+00:00,5514,0.565,0.56542,0.56413,0.56448,0.56577,0.56577,0.56428,0.56463
2026-06-30 01:00:00+00:00,10013,0.56448,0.56537,0.56401,0.5646,0.56465,0.56552,0.56416,0.56476
2026-06-30 05:00:00+00:00,11017,0.5646,0.56587,0.56441,0.5651,0.56474,0.56602,0.56457,0.56525
2026-06-30 09:00:00+00:00,9324,0.56509,0.5663,0.56503,0.56591,0.56525,0.56644,0.56519,0.56604
2026-06-30 13:00:00+00:00,15390,0.56591,0.56897,0.56584,0.56725,0.56605,0.56911,0.566,0.56739
2026-06-30 17:00:00+00:00,5137,0.56727,0.56814,0.56724,0.56752,0.56739,0.56829,0.56739,0.56782
2026-06-30 21:00:00+00:00,4807,0.56724,0.56784,0.56677,0.56687,0.5679,0.56845,0.56692,0.567
2026-07-01 01:00:00+00:00,8512,0.56684,0.56752,0.56604,0.56732,0.56698,0.56767,0.56619,0.56747
2026-07-01 05:00:00+00:00,10420,0.56732,0.56784,0.56694,0.56754,0.56746,0.56797,0.56708,0.56768
2026-07-01 09:00:00+00:00,8676,0.56751,0.56818,0.56628,0.56631,0.56764,0.56833,0.56642,0.56647
2026-07-01 13:00:00+00:00,21885,0.56632,0.5689,0.56571,0.56765,0.56647,0.56905,0.56585,0.56779
2026-07-01 17:00:00+00:00,6932,0.56767,0.56783,0.56691,0.5672,0.5678,0.56798,0.56706,0.56739
2026-07-01 21:00:00+00:00,4779,0.56716,0.56755,0.56672,0.56719,0.56759,0.5677,0.56713,0.56735
2026-07-02 01:00:00+00:00,9267,0.5672,0.56843,0.56672,0.56775,0.56735,0.56859,0.56687,0.5679
2026-07-02 05:00:00+00:00,13318,0.56776,0.56942,0.56727,0.56934,0.5679,0.56956,0.56742,0.56948
2026-07-02 09:00:00+00:00,19474,0.5693,0.57164,0.56673,0.56997,0.56947,0.57179,0.56688,0.57012
2026-07-02 13:00:00+00:00,26866,0.56997,0.5713,0.56948,0.5699,0.57013,0.57146,0.56962,0.57005
2026-07-02 17:00:00+00:00,8512,0.56987,0.5699,0.5692,0.5697,0.57004,0.57006,0.56936,0.56989
2026-07-02 21:00:00+00:00,5023,0.56928,0.5699,0.56889,0.56951,0.56985,0.57111,0.56904,0.56965
2026-07-03 01:00:00+00:00,9370,0.5695,0.57129,0.56943,0.57123,0.56966,0.57143,0.56958,0.57138
2026-07-03 05:00:00+00:00,9755,0.57122,0.57264,0.57114,0.57163,0.57138,0.57281,0.5713,0.57178
2026-07-03 09:00:00+00:00,5577,0.57161,0.57179,0.57085,0.57088,0.57177,0.57194,0.57101,0.57103
2026-07-03 13:00:00+00:00,5019,0.57089,0.57106,0.57061,0.57089,0.57106,0.57121,0.57075,0.57104
2026-07-03 17:00:00+00:00,2788,0.57089,0.57094,0.5701,0.57043,0.57102,0.57237,0.57058,0.57227
2026-07-05 21:00:00+00:00,20109,0.57042,0.57099,0.56958,0.57,0.57242,0.57242,0.56971,0.57014
2026-07-06 01:00:00+00:00,8049,0.57001,0.57001,0.56819,0.56895,0.57014,0.57015,0.56832,0.56911
2026-07-06 05:00:00+00:00,8758,0.56896,0.56907,0.56807,0.56824,0.56911,0.56921,0.56822,0.56838
2026-07-06 09:00:00+00:00,6701,0.56823,0.56872,0.56761,0.5678,0.56836,0.56888,0.56776,0.56795
2026-07-06 13:00:00+00:00,10127,0.56781,0.56945,0.56768,0.56937,0.56794,0.56959,0.56783,0.56951
2026-07-06 17:00:00+00:00,3697,0.56937,0.57047,0.56934,0.57006,0.56952,0.5706,0.56949,0.57026
2026-07-06 21:00:00+00:00,5127,0.5697,0.57048,0.56948,0.56981,0.57055,0.57064,0.56993,0.56996
2026-07-07 01:00:00+00:00,9224,0.56982,0.57059,0.56943,0.56943,0.56998,0.57074,0.56956,0.56956
2026-07-07 05:00:00+00:00,10092,0.56942,0.56952,0.56861,0.56902,0.56957,0.56966,0.56875,0.56916
2026-07-07 09:00:00+00:00,7618,0.569,0.56977,0.5686,0.56935,0.56916,0.56992,0.56875,0.5695
2026-07-07 13:00:00+00:00,14111,0.56937,0.56937,0.56814,0.56856,0.56951,0.56952,0.56828,0.56869
2026-07-07 17:00:00+00:00,7194,0.56854,0.56906,0.56714,0.56771,0.56869,0.56921,0.56729,0.5679
2026-07-07 21:00:00+00:00,6475,0.56754,0.5686,0.56703,0.56851,0.56805,0.56877,0.5674,0.56866
2026-07-08 01:00:00+00:00,11922,0.56853,0.57116,0.56814,0.57116,0.56868,0.57131,0.56828,0.57131
2026-07-08 05:00:00+00:00,18144,0.57115,0.57196,0.56932,0.5695,0.57129,0.57211,0.56948,0.56964
2026-07-08 09:00:00+00:00,17003,0.56947,0.5703,0.56832,0.56929,0.56963,0.57045,0.56847,0.56945
2026-07-08 13:00:00+00:00,18798,0.56928,0.57006,0.56806,0.56956,0.56943,0.57021,0.5682,0.56971
2026-07-08 17:00:00+00:00,7512,0.56958,0.57096,0.56955,0.56991,0.56972,0.57113,0.56971,0.57011
2026-07-08 21:00:00+00:00,9976,0.56901,0.57283,0.56877,0.5723,0.57101,0.57299,0.56971,0.57245
2026-07-09 01:00:00+00:00,8837,0.57231,0.57254,0.57148,0.57248,0.57247,0.57269,0.57165,0.57263
2026-07-09 05:00:00+00:00,11135,0.57249,0.57385,0.57222,0.57349,0.57263,0.574,0.57237,0.57364
2026-07-09 09:00:00+00:00,10535,0.57347,0.57455,0.57286,0.57419,0.57362,0.57471,0.57301,0.57434
2026-07-09 13:00:00+00:00,12071,0.5742,0.57618,0.57409,0.57574,0.57434,0.57632,0.57424,0.57589
2026-07-09 17:00:00+00:00,4185,0.57576,0.57624,0.57529,0.57543,0.5759,0.57638,0.57545,0.57562
2026-07-09 21:00:00+00:00,7509,0.57451,0.5773,0.57409,0.57724,0.57637,0.57745,0.57528,0.57738
2026-07-10 01:00:00+00:00,11038,0.57722,0.57923,0.577,0.57744,0.57736,0.57939,0.57713,0.57759
2026-07-10 05:00:00+00:00,9818,0.57747,0.57778,0.57649,0.57662,0.57762,0.57792,0.57663,0.57677
2026-07-10 09:00:00+00:00,9675,0.57661,0.57776,0.57636,0.57689,0.57677,0.57792,0.57651,0.57703
2026-07-10 13:00:00+00:00,17750,0.57688,0.57758,0.57527,0.57712,0.57703,0.57774,0.57543,0.57724
2026-07-10 17:00:00+00:00,4468,0.5771,0.57719,0.576,0.57603,0.57722,0.57734,0.57624,0.57657
2026-07-12 21:00:00+00:00,7545,0.57595,0.57612,0.5747,0.57495,0.57657,0.57657,0.57485,0.57511
2026-07-13 01:00:00+00:00,11266,0.57496,0.57701,0.57475,0.57574,0.5751,0.57716,0.57489,0.57587
2026-07-13 05:00:00+00:00,16372,0.57574,0.57861,0.57505,0.57829,0.57589,0.57874,0.57518,0.57844
2026-07-13 09:00:00+00:00,12452,0.57827,0.57856,0.57734,0.57854,0.57844,0.5787,0.57747,0.57868
2026-07-13 13:00:00+00:00,20430,0.57855,0.57879,0.57514,0.57559,0.5787,0.57893,0.57529,0.57573
2026-07-13 17:00:00+00:00,6995,0.57559,0.57581,0.57432,0.57493,0.57574,0.57596,0.57446,0.57513
2026-07-13 21:00:00+00:00,9216,0.57397,0.57796,0.57397,0.57765,0.57597,0.57811,0.57527,0.57781
2026-07-14 01:00:00+00:00,13186,0.57765,0.57948,0.57742,0.57885,0.5778,0.57964,0.57756,0.57902
2026-07-14 05:00:00+00:00,12899,0.57887,0.58005,0.57824,0.57964,0.57902,0.58021,0.57839,0.57977
2026-07-14 09:00:00+00:00,20659,0.57966,0.58408,0.57925,0.58198,0.57979,0.58558,0.5796,0.58212
2026-07-14 13:00:00+00:00,26463,0.58197,0.58284,0.58016,0.58118,0.58212,0.58303,0.5803,0.58132
2026-07-14 17:00:00+00:00,7237,0.58118,0.58127,0.58037,0.58101,0.58133,0.58142,0.58052,0.58117
2026-07-14 21:00:00+00:00,8153,0.58093,0.5822,0.58002,0.58209,0.58239,0.58258,0.58078,0.58224
2026-07-15 01:00:00+00:00,10804,0.58209,0.58251,0.58086,0.5814,0.58225,0.58267,0.58102,0.58155
2026-07-15 05:00:00+00:00,11934,0.58142,0.58237,0.58111,0.58193,0.58155,0.58252,0.58126,0.58207
2026-07-15 09:00:00+00:00,13265,0.58195,0.58319,0.58123,0.58308,0.58209,0.58335,0.58138,0.58323
2026-07-15 13:00:00+00:00,17422,0.5831,0.58412,0.58254,0.5837,0.58326,0.58427,0.58268,0.58385
2026-07-15 17:00:00+00:00,8075,0.5837,0.58626,0.58369,0.58487,0.58386,0.58642,0.58384,0.5851
2026-07-15 21:00:00+00:00,6390,0.58485,0.58512,0.58365,0.58433,0.58507,0.58639,0.5841,0.58448
2026-07-16 01:00:00+00:00,10206,0.58433,0.58527,0.58334,0.58476,0.58446,0.58542,0.58349,0.5849
2026-07-16 05:00:00+00:00,11787,0.58477,0.58577,0.58464,0.585,0.5849,0.5859,0.5848,0.58515
2026-07-16 09:00:00+00:00,12148,0.58502,0.58566,0.58445,0.58451,0.58515,0.58582,0.58461,0.58466
2026-07-16 13:00:00+00:00,14891,0.58452,0.58546,0.58346,0.58368,0.58466,0.58562,0.58361,0.58383
2026-07-16 17:00:00+00:00,6397,0.58366,0.58423,0.58329,0.58415,0.58381,0.58441,0.58344,0.58439
2026-07-16 21:00:00+00:00,5312,0.58321,0.58457,0.58305,0.58454,0.58521,0.58521,0.58385,0.5847
2026-07-17 01:00:00+00:00,10237,0.58455,0.58479,0.58321,0.58337,0.5847,0.58495,0.58336,0.58353
2026-07-17 05:00:00+00:00,14499,0.58339,0.58452,0.58287,0.58287,0.58353,0.58467,0.58303,0.58303
2026-07-17 09:00:00+00:00,11413,0.58288,0.58343,0.58243,0.58264,0.58302,0.58359,0.58259,0.58278
2026-07-17 13:00:00+00:00,16037,0.58264,0.58477,0.58246,0.58443,0.58279,0.58492,0.58261,0.58458
2026-07-17 17:00:00+00:00,5363,0.58445,0.58456,0.58387,0.58393,0.58461,0.58472,0.5841,0.58469
2026-07-19 21:00:00+00:00,7886,0.58266,0.58435,0.58253,0.58404,0.58308,0.5845,0.58279,0.58418
2026-07-20 01:00:00+00:00,9942,0.58405,0.58603,0.58383,0.58579,0.5842,0.58617,0.58397,0.58593
2026-07-20 05:00:00+00:00,11330,0.58578,0.5863,0.58461,0.58537,0.58593,0.58645,0.58475,0.58551
2026-07-20 09:00:00+00:00,11619,0.58534,0.58626,0.58467,0.58526,0.58549,0.58641,0.58482,0.58541
2026-07-20 13:00:00+00:00,13954,0.58525,0.58544,0.58402,0.58444,0.58538,0.58557,0.58415,0.58459
2026-07-20 17:00:00+00:00,6397,0.58445,0.58473,0.58372,0.58378,0.58459,0.58487,0.58387,0.58394
2026-07-20 21:00:00+00:00,8336,0.58296,0.58636,0.58266,0.58596,0.58457,0.58651,0.5835,0.58611
2026-07-21 01:00:00+00:00,10739,0.58599,0.58719,0.58575,0.58634,0.58612,0.58734,0.5859,0.58648
2026-07-21 05:00:00+00:00,9455,0.58633,0.58662,0.58541,0.58585,0.58649,0.58678,0.58556,0.58599
2026-07-21 09:00:00+00:00,9637,0.58586,0.58633,0.58365,0.5839,0.58599,0.58649,0.58379,0.58405
2026-07-21 13:00:00+00:00,14057,0.58392,0.58395,0.58219,0.58326,0.58405,0.5841,0.58234,0.58342
2026-07-21 17:00:00+00:00,4854,0.58327,0.58338,0.58249,0.58267,0.58341,0.58353,0.58261,0.58282
2026-07-21 21:00:00+00:00,6457,0.58195,0.58315,0.58195,0.58311,0.58345,0.58377,0.58234,0.58328
2026-07-22 01:00:00+00:00,9731,0.58313,0.5833,0.5823,0.58257,0.58328,0.58344,0.58245,0.58272
2026-07-22 05:00:00+00:00,12282,0.58256,0.58285,0.58119,0.58171,0.58272,0.583,0.58134,0.58186
2026-07-22 09:00:00+00:00,12112,0.58172,0.58198,0.58098,0.58124,0.58186,0.58212,0.58115,0.58138
2026-07-22 13:00:00+00:00,12806,0.58126,0.5823,0.58126,0.58169,0.58139,0.58245,0.58139,0.58184
2026-07-22 17:00:00+00:00,4921,0.58169,0.58179,0.58129,0.58151,0.58183,0.58194,0.58143,0.58171
2026-07-22 21:00:00+00:00,4923,0.58057,0.58171,0.58033,0.58167,0.58257,0.58308,0.58096,0.58183
2026-07-23 01:00:00+00:00,11692,0.58166,0.58211,0.58119,0.58172,0.58183,0.58225,0.58134,0.58187
2026-07-23 05:00:00+00:00,11187,0.58172,0.58226,0.57929,0.57955,0.58185,0.58242,0.57942,0.5797
2026-07-23 09:00:00+00:00,12449,0.57953,0.58004,0.57712,0.57776,0.57968,0.58019,0.57726,0.5779
2026-07-23 13:00:00+00:00,18808,0.57774,0.57809,0.57615,0.57761,0.57789,0.57824,0.5763,0.57776
2026-07-23 17:00:00+00:00,5837,0.57758,0.57765,0.57668,0.57709,0.57774,0.57781,0.57683,0.57729
2026-07-23 21:00:00+00:00,6398,0.57665,0.57828,0.57611,0.57827,0.57777,0.57843,0.57707,0.57842
2026-07-24 01:00:00+00:00,10708,0.57828,0.57851,0.57716,0.57737,0.57842,0.57866,0.57729,0.57751
2026-07-24 05:00:00+00:00,11645,0.57739,0.57902,0.57734,0.57851,0.57753,0.57918,0.57749,0.57867
2026-07-24 09:00:00+00:00,8722,0.57851,0.57902,0.57775,0.5779,0.57866,0.57917,0.57789,0.57804
2026-07-24 13:00:00+00:00,15268,0.57791,0.58021,0.57765,0.57961,0.57804,0.58035,0.5778,0.57976
2026-07-24 17:00:00+00:00,5226,0.57962,0.57962,0.57843,0.57868,0.57976,0.57976,0.5786,0.57944
2026-07-26 21:00:00+00:00,7764,0.58018,0.58095,0.57929,0.58012,0.58052,0.58109,0.57945,0.58028
2026-07-27 01:00:00+00:00,9792,0.58013,0.58052,0.57872,0.57965,0.58028,0.58067,0.57886,0.57981
2026-07-27 05:00:00+00:00,9366,0.57966,0.58077,0.57953,0.57989,0.5798,0.58093,0.57968,0.58004
2026-07-27 09:00:00+00:00,9178,0.57988,0.57991,0.57841,0.57881,0.58001,0.58006,0.57855,0.57897
2026-07-27 13:00:00+00:00,14225,0.57881,0.57914,0.57768,0.57811,0.57895,0.57929,0.57782,0.57825
2026-07-27 17:00:00+00:00,5414,0.5781,0.5781,0.5772,0.57736,0.57826,0.57826,0.57734,0.57753
2026-07-27 21:00:00+00:00,10611,0.57672,0.57745,0.57619,0.57726,0.57872,0.57882,0.5767,0.57742
2026-07-28 01:00:00+00:00,10890,0.5773,0.57779,0.5765,0.5766,0.57742,0.57794,0.57666,0.57673
2026-07-28 05:00:00+00:00,10990,0.5766,0.57762,0.57613,0.57721,0.57674,0.57777,0.57629,0.57735
2026-07-28 09:00:00+00:00,9661,0.57722,0.57742,0.57634,0.57718,0.57737,0.57757,0.57648,0.57732
2026-07-28 13:00:00+00:00,13779,0.57716,0.57979,0.57702,0.57927,0.5773,0.57993,0.57716,0.57943
2026-07-28 17:00:00+00:00,5225,0.57926,0.57941,0.5785,0.57855,0.57941,0.57954,0.57865,0.57873
2026-07-28 21:00:00+00:00,7455,0.57781,0.57871,0.57775,0.57813,0.57914,0.57923,0.57791,0.57828
2026-07-29 01:00:00+00:00,13001,0.57813,0.57879,0.57737,0.57867,0.57826,0.57894,0.57752,0.57881
2026-07-29 05:00:00+00:00,8685,0.57867,0.57937,0.57794,0.57832,0.57883,0.57952,0.57808,0.57847
2026-07-29 09:00:00+00:00,10081,0.57831,0.57846,0.57689,0.57753,0.57845,0.5786,0.57704,0.57768
2026-07-29 13:00:00+00:00,13179,0.57755,0.5786,0.57613,0.57655,0.5777,0.57874,0.57627,0.5767
2026-07-29 17:00:00+00:00,33654,0.57657,0.58261,0.57649,0.57951,0.57671,0.58277,0.57665,0.57973
2026-07-29 21:00:00+00:00,11070,0.57889,0.58073,0.57871,0.57983,0.58017,0.58099,0.57923,0.57999
2026-07-30 01:00:00+00:00,10082,0.57985,0.5812,0.57985,0.5805,0.58002,0.58137,0.58002,0.58065
2026-07-30 05:00:00+00:00,13904,0.58051,0.58198,0.57983,0.58186,0.58064,0.58212,0.57996,0.58201
2026-07-30 09:00:00+00:00,16311,0.58185,0.58447,0.58185,0.58344,0.58201,0.58465,0.582,0.58358
2026-07-30 13:00:00+00:00,30820,0.58344,0.58799,0.58333,0.58766,0.58359,0.58814,0.58347,0.58781
2026-07-30 17:00:00+00:00,8685,0.58766,0.58827,0.58726,0.58788,0.5878,0.58842,0.5874,0.58807
2026-07-30 21:00:00+00:00,7557,0.58559,0.58822,0.58559,0.58705,0.58759,0.5884,0.58692,0.58721
2026-07-31 01:00:00+00:00,9767,0.58706,0.58724,0.58619,0.58669,0.5872,0.58738,0.58635,0.58683
2026-07-31 05:00:00+00:00,14483,0.58668,0.58878,0.58638,0.58844,0.58683,0.58893,0.58653,0.58857
2026-07-31 09:00:00+00:00,13321,0.58841,0.58876,0.58546,0.58576,0.58856,0.58891,0.58561,0.58591
2026-07-31 13:00:00+00:00,23703,0.58577,0.58792,0.58484,0.58778,0.58591,0.58806,0.585,0.58793
2026-07-31 17:00:00+00:00,13403,0.58778,0.5895,0.58776,0.58869,0.58794,0.58969,0.5879,0.58914
2026-08-02 21:00:00+00:00,11680,0.58995,0.59077,0.58931,0.58974,0.59024,0.59092,0.58951,0.58988
2026-08-03 01:00:00+00:00,10625,0.58974,0.58995,0.5877,0.58798,0.58989,0.59009,0.58785,0.58813
2026-08-03 05:00:00+00:00,12777,0.58799,0.58866,0.5868,0.5869,0.58813,0.5888,0.58695,0.58706
2026-08-03 09:00:00+00:00,9837,0.58692,0.58751,0.58606,0.58697,0.58707,0.58767,0.5862,0.58712
2026-08-03 13:00:00+00:00,14467,0.58698,0.58716,0.58589,0.58654,0.58711,0.5873,0.58621,0.58668
2026-08-03 17:00:00+00:00,6542,0.58655,0.58718,0.58595,0.58697,0.58668,0.58732,0.5861,0.58715
2026-08-03 21:00:00+00:00,6230,0.5863,0.58715,0.58584,0.58661,0.58701,0.58759,0.58659,0.58676
2026-08-04 01:00:00+00:00,10790,0.58661,0.58705,0.5863,0.58672,0.58677,0.58718,0.58646,0.58686
2026-08-04 05:00:00+00:00,9574,0.5867,0.58727,0.58611,0.58699,0.58683,0.58742,0.58626,0.58713
2026-08-04 09:00:00+00:00,11437,0.58701,0.58889,0.58668,0.5885,0.58714,0.58903,0.58683,0.58864
2026-08-04 13:00:00+00:00,13038,0.58847,0.58936,0.58793,0.58863,0.58864,0.5895,0.58807,0.58878
2026-08-04 17:00:00+00:00,6158,0.58862,0.58957,0.58861,0.5894,0.58876,0.58972,0.58876,0.58959
2026-08-04 21:00:00+00:00,9099,0.58834,0.58954,0.58707,0.58766,0.58938,0.59008,0.58722,0.5878
2026-08-05 01:00:00+00:00,11452,0.58768,0.58809,0.58651,0.58708,0.5878,0.58823,0.58667,0.58724
2026-08-05 05:00:00+00:00,11225,0.58706,0.58749,0.58594,0.58596,0.58721,0.58764,0.58608,0.58612
2026-08-05 09:00:00+00:00,11624,0.58594,0.58761,0.58591,0.58671,0.58611,0.58776,0.58605,0.58686
2026-08-05 13:00:00+00:00,17235,0.58671,0.58856,0.58671,0.58781,0.58685,0.58871,0.58685,0.58796
2026-08-05 17:00:00+00:00,5609,0.58784,0.58919,0.58771,0.58868,0.58798,0.58933,0.58786,0.58886
2026-08-05 21:00:00+00:00,8761,0.58818,0.58887,0.58801,0.58816,0.58898,0.58943,0.58815,0.58831
2026-08-06 01:00:00+00:00,10421,0.58818,0.58949,0.5878,0.58797,0.58832,0.58963,0.58795,0.58812
2026-08-06 05:00:00+00:00,9362,0.58796,0.58819,0.58688,0.58775,0.5881,0.58835,0.58703,0.58791
2026-08-06 09:00:00+00:00,10067,0.58774,0.58842,0.58749,0.58783,0.58788,0.58857,0.58765,0.58799
2026-08-06 13:00:00+00:00,12364,0.58784,0.58816,0.58602,0.58667,0.58799,0.58831,0.58618,0.58683
2026-08-06 17:00:00+00:00,6667,0.58668,0.58738,0.58644,0.58685,0.58682,0.58753,0.58659,0.58704
2026-08-06 21:00:00+00:00,4287,0.58679,0.58699,0.58618,0.58654,0.58765,0.58766,0.58635,0.58669
2026-08-07 01:00:00+00:00,7780,0.58656,0.58697,0.58619,0.58636,0.58671,0.58713,0.58634,0.5865
2026-08-07 05:00:00+00:00,7003,0.58636,0.58709,0.58619,0.58706,0.58649,0.58722,0.58634,0.5872
2026-08-07 09:00:00+00:00,12920,0.58708,0.59056,0.58641,0.58968,0.58721,0.5907,0.58666,0.58983
2026-08-07 13:00:00+00:00,16600,0.58969,0.58984,0.58809,0.5891,0.58983,0.58998,0.58823,0.58924
2026-08-07 17:00:00+00:00,8337,0.5891,0.59012,0.5889,0.58916,0.58922,0.59028,0.58912,0.5897
2026-08-09 21:00:00+00:00,9353,0.58825,0.58951,0.58765,0.5884,0.59025,0.59083,0.58831,0.58854
2026-08-10 01:00:00+00:00,6307,0.5884,0.58875,0.58779,0.58859,0.58855,0.5889,0.58794,0.58873
2026-08-10 05:00:00+00:00,7306,0.58858,0.58968,0.58856,0.58945,0.58871,0.58982,0.58868,0.5896
2026-08-10 09:00:00+00:00,6570,0.58946,0.58989,0.5882,0.58834,0.58959,0.59003,0.58834,0.58847
2026-08-10 13:00:00+00:00,9278,0.58836,0.58925,0.58783,0.5885,0.5885,0.58939,0.58799,0.58864
2026-08-10 17:00:00+00:00,4527,0.58852,0.58855,0.58802,0.58808,0.58867,0.58871,0.58815,0.58826
2026-08-10 21:00:00+00:00,6246,0.58716,0.58887,0.58716,0.58839,0.58916,0.58968,0.58819,0.58854
2026-08-11 01:00:00+00:00,6958,0.58839,0.58927,0.58806,0.5892,0.58855,0.58946,0.5882,0.58936
2026-08-11 05:00:00+00:00,9858,0.58923,0.58937,0.58676,0.58717,0.58938,0.58952,0.5869,0.58732
2026-08-11 09:00:00+00:00,9214,0.58715,0.58865,0.58695,0.5882,0.58728,0.58881,0.58708,0.58834
2026-08-11 13:00:00+00:00,9585,0.58819,0.58872,0.5876,0.58817,0.58835,0.58886,0.58774,0.58832
2026-08-11 17:00:00+00:00,3846,0.58818,0.5883,0.58759,0.588,0.58832,0.58845,0.58774,0.58817
2026-08-11 21:00:00+00:00,6489,0.58746,0.58829,0.58708,0.58757,0.58884,0.58884,0.58752,0.58772
2026-08-12 01:00:00+00:00,5999,0.58756,0.58762,0.58647,0.58674,0.58772,0.58777,0.58661,0.58689
2026-08-12 05:00:00+00:00,5563,0.58673,0.58684,0.58598,0.58604,0.58689,0.58699,0.58612,0.58617
2026-08-12 09:00:00+00:00,16963,0.58605,0.58821,0.5855,0.58815,0.58619,0.58875,0.58563,0.58831
2026-08-12 13:00:00+00:00,15376,0.58816,0.58846,0.58543,0.58565,0.58831,0.58862,0.58557,0.58579
2026-08-12 17:00:00+00:00,4906,0.58565,0.58592,0.5854,0.58576,0.58578,0.58607,0.58552,0.58596
2026-08-12 21:00:00+00:00,5353,0.58559,0.58628,0.58533,0.58591,0.58659,0.58659,0.58568,0.58607
2026-08-13 01:00:00+00:00,8565,0.58591,0.58603,0.58259,0.58309,0.58605,0.58615,0.58273,0.58324
2026-08-13 05:00:00+00:00,7652,0.58309,0.5836,0.58208,0.5833,0.58322,0.58375,0.58223,0.58345
2026-08-13 09:00:00+00:00,7065,0.5833,0.5854,0.58325,0.5854,0.58344,0.58553,0.58339,0.58553
2026-08-13 13:00:00+00:00,12186,0.58539,0.58567,0.58424,0.58471,0.58554,0.58581,0.58438,0.58486
2026-08-13 17:00:00+00:00,4602,0.58471,0.58508,0.58448,0.58498,0.58485,0.58523,0.58463,0.58516
2026-08-13 21:00:00+00:00,4231,0.58464,0.58592,0.58451,0.5859,0.58518,0.58608,0.58482,0.58605
2026-08-14 01:00:00+00:00,6319,0.58587,0.58679,0.58522,0.58655,0.58602,0.58694,0.58537,0.58671
2026-08-14 05:00:00+00:00,6120,0.58658,0.58782,0.58647,0.58757,0.58672,0.58796,0.58662,0.58772
2026-08-14 09:00:00+00:00,7043,0.58756,0.58965,0.58753,0.58888,0.58773,0.58983,0.58767,0.58902
2026-08-14 13:00:00+00:00,10822,0.58889,0.58977,0.58847,0.58888,0.58902,0.58991,0.58862,0.58902
2026-08-14 17:00:00+00:00,4157,0.58888,0.589,0.58836,0.58883,0.58903,0.58941,0.58851,0.58939
2026-08-16 21:00:00+00:00,7190,0.58859,0.59089,0.58805,0.59081,0.58937,0.59103,0.58893,0.59095
2026-08-17 01:00:00+00:00,6846,0.59081,0.59104,0.59008,0.59085,0.59097,0.59119,0.59023,0.59099
2026-08-17 05:00:00+00:00,9643,0.59086,0.59245,0.59084,0.59198,0.59099,0.59261,0.59098,0.59214
2026-08-17 09:00:00+00:00,8192,0.59199,0.59255,0.59111,0.59164,0.59214,0.59269,0.59125,0.59178
2026-08-17 13:00:00+00:00,9846,0.59164,0.59208,0.59044,0.59073,0.59179,0.59222,0.59056,0.59088
2026-08-17 17:00:00+00:00,4937,0.59073,0.59077,0.58977,0.59007,0.59089,0.59092,0.58992,0.59024
2026-08-17 21:00:00+00:00,4355,0.58975,0.59084,0.58967,0.5903,0.59069,0.59098,0.58998,0.59044
2026-08-18 01:00:00+00:00,8527,0.5903,0.59074,0.58785,0.58812,0.59045,0.59089,0.588,0.58827
2026-08-18 05:00:00+00:00,8143,0.58813,0.58814,0.58715,0.58773,0.58827,0.58828,0.58729,0.58787
2026-08-18 09:00:00+00:00,6345,0.58772,0.58888,0.58755,0.58868,0.58784,0.58903,0.58768,0.58883
2026-08-18 13:00:00+00:00,11558,0.58869,0.58918,0.58737,0.58755,0.58883,0.58933,0.58751,0.5877
2026-08-18 17:00:00+00:00,5664,0.58754,0.58762,0.587,0.5874,0.5877,0.58775,0.58715,0.58758
2026-08-18 21:00:00+00:00,6298,0.58734,0.5877,0.58605,0.58605,0.58821,0.58844,0.58619,0.58619
2026-08-19 01:00:00+00:00,9362,0.58604,0.58744,0.58598,0.58706,0.5862,0.5876,0.58612,0.58721
2026-08-19 05:00:00+00:00,9293,0.58707,0.58792,0.58674,0.58758,0.5872,0.58807,0.58689,0.58774
2026-08-19 09:00:00+00:00,11466,0.58758,0.59048,0.58743,0.59003,0.58773,0.59063,0.58757,0.59018
2026-08-19 13:00:00+00:00,22331,0.59002,0.59372,0.59002,0.59322,0.59018,0.59386,0.59017,0.59337
2026-08-19 17:00:00+00:00,10254,0.59324,0.59376,0.59226,0.59344,0.59339,0.5939,0.59247,0.59364
2026-08-19 21:00:00+00:00,7502,0.59204,0.59398,0.59201,0.5935,0.59404,0.59414,0.5932,0.59365
2026-08-20 01:00:00+00:00,13505,0.59351,0.59567,0.59305,0.59503,0.59367,0.59582,0.59325,0.59516
2026-08-20 05:00:00+00:00,11356,0.59503,0.59559,0.59482,0.59534,0.59518,0.59574,0.59496,0.59547
2026-08-20 09:00:00+00:00,12985,0.59535,0.59636,0.59396,0.59528,0.59547,0.59652,0.5941,0.59542
2026-08-20 13:00:00+00:00,18921,0.59529,0.59598,0.5939,0.59411,0.59544,0.59614,0.59403,0.59425
2026-08-20 17:00:00+00:00,5904,0.59411,0.59437,0.59361,0.59427,0.59426,0.59453,0.59375,0.59444
2026-08-20 21:00:00+00:00,5907,0.59374,0.59584,0.59367,0.59553,0.59481,0.59599,0.59416,0.59567
2026-08-21 01:00:00+00:00,9725,0.59553,0.59731,0.59548,0.59663,0.59566,0.59747,0.59563,0.59678
2026-08-21 05:00:00+00:00,10511,0.59663,0.5979,0.59627,0.59781,0.59679,0.59806,0.59642,0.59796
2026-08-21 09:00:00+00:00,11519,0.59782,0.59872,0.5974,0.59819,0.59796,0.59887,0.59754,0.59834
2026-08-21 13:00:00+00:00,14241,0.59821,0.59838,0.59676,0.59805,0.59834,0.59853,0.59692,0.5982
2026-08-21 17:00:00+00:00,7048,0.59806,0.59843,0.59751,0.5976,0.5982,0.59858,0.59783,0.59821
2026-08-23 21:00:00+00:00,6838,0.59679,0.59818,0.59675,0.59811,0.59777,0.59834,0.59688,0.59826
2026-08-24 01:00:00+00:00,10939,0.59813,0.5982,0.5969,0.59742,0.59828,0.59834,0.59704,0.59756
2026-08-24 05:00:00+00:00,11013,0.59744,0.59762,0.59609,0.59655,0.59758,0.59777,0.59624,0.59669
2026-08-24 09:00:00+00:00,11170,0.59654,0.59701,0.59584,0.59639,0.59669,0.59716,0.596,0.59654
2026-08-24 13:00:00+00:00,13954,0.5964,0.5969,0.59543,0.59569,0.59654,0.59704,0.59558,0.59584
2026-08-24 17:00:00+00:00,7518,0.59572,0.59601,0.59502,0.59582,0.59586,0.59614,0.59517,0.59602
2026-08-24 21:00:00+00:00,4930,0.5952,0.59672,0.59515,0.59637,0.59621,0.59688,0.59585,0.59651
2026-08-25 01:00:00+00:00,9565,0.59635,0.59638,0.59556,0.59558,0.59649,0.59652,0.59571,0.59573
2026-08-25 05:00:00+00:00,9025,0.59558,0.59585,0.59456,0.59538,0.59574,0.596,0.59471,0.59553
2026-08-25 09:00:00+00:00,9996,0.59538,0.59695,0.5953,0.59644,0.59551,0.59709,0.59545,0.59658
2026-08-25 13:00:00+00:00,12319,0.59643,0.59738,0.59617,0.59686,0.59656,0.5975,0.5963,0.59701
2026-08-25 17:00:00+00:00,6191,0.59687,0.59819,0.59657,0.59763,0.59701,0.59834,0.59672,0.59783
2026-08-25 21:00:00+00:00,6500,0.59753,0.59783,0.59558,0.59746,0.59778,0.59877,0.59738,0.59761
2026-08-26 01:00:00+00:00,11474,0.59747,0.59761,0.59517,0.59529,0.5976,0.59775,0.5953,0.59544
2026-08-26 05:00:00+00:00,8429,0.59529,0.59603,0.59436,0.59554,0.59545,0.59618,0.59451,0.59568
2026-08-26 09:00:00+00:00,7678,0.59554,0.59621,0.59448,0.59453,0.59569,0.59658,0.59463,0.59467
2026-08-26 13:00:00+00:00,12239,0.59453,0.59485,0.59321,0.59385,0.59466,0.595,0.59334,0.594
2026-08-26 17:00:00+00:00,4754,0.59387,0.59443,0.59383,0.59432,0.59399,0.5946,0.59397,0.5945
2026-08-26 21:00:00+00:00,7379,0.59321,0.595,0.59321,0.59474,0.59521,0.59561,0.59434,0.59489
2026-08-27 01:00:00+00:00,7865,0.59476,0.59544,0.59443,0.5951,0.59489,0.59558,0.59458,0.59523
2026-08-27 05:00:00+00:00,7964,0.59513,0.59513,0.59395,0.59416,0.59525,0.59526,0.59408,0.5943
2026-08-27 09:00:00+00:00,8066,0.59416,0.59513,0.59364,0.59465,0.59432,0.59528,0.59378,0.5948
2026-08-27 13:00:00+00:00,11034,0.59466,0.59565,0.5945,0.59509,0.59479,0.5958,0.59463,0.59524
2026-08-27 17:00:00+00:00,4627,0.5951,0.59521,0.59454,0.59501,0.59526,0.59535,0.59468,0.59519
2026-08-27 21:00:00+00:00,4470,0.59424,0.59567,0.59424,0.59549,0.59551,0.59582,0.59499,0.59564
2026-08-28 01:00:00+00:00,6767,0.59549,0.59652,0.59537,0.5957,0.59565,0.59667,0.59551,0.59586
2026-08-28 05:00:00+00:00,9812,0.59572,0.59613,0.59492,0.59497,0.59586,0.59628,0.59507,0.59512
2026-08-28 09:00:00+00:00,7104,0.59496,0.59532,0.59423,0.59488,0.5951,0.59547,0.59437,0.59503
2026-08-28 13:00:00+00:00,28775,0.59488,0.59612,0.59041,0.59084,0.59504,0.59628,0.59055,0.59098
2026-08-28 17:00:00+00:00,7780,0.59083,0.59138,0.59059,0.59109,0.59098,0.59168,0.59074,0.5916
2026-08-30 21:00:00+00:00,6078,0.59145,0.59195,0.59081,0.59144,0.59345,0.59372,0.59123,0.59159
2026-08-31 01:00:00+00:00,9196,0.59144,0.59216,0.59008,0.5919,0.5916,0.5923,0.59023,0.59205
2026-08-31 05:00:00+00:00,8772,0.5919,0.59213,0.5912,0.59137,0.59206,0.59228,0.59134,0.59151
2026-08-31 09:00:00+00:00,8679,0.59139,0.59188,0.59082,0.59127,0.59154,0.59204,0.59097,0.59141
2026-08-31 13:00:00+00:00,11019,0.59128,0.59212,0.59089,0.59181,0.59141,0.59227,0.59104,0.59197
2026-08-31 17:00:00+00:00,4038,0.5918,0.59189,0.59139,0.59155,0.59195,0.59204,0.59153,0.59172
2026-08-31 21:00:00+00:00,6204,0.59071,0.59283,0.59069,0.59196,0.59226,0.59299,0.59144,0.59211
2026-09-01 01:00:00+00:00,10824,0.59196,0.592,0.59051,0.5907,0.5921,0.59216,0.59066,0.59086
2026-09-01 05:00:00+00:00,12421,0.5907,0.59129,0.58934,0.58939,0.59085,0.59143,0.58949,0.58953
2026-09-01 09:00:00+00:00,11128,0.58937,0.59018,0.58896,0.59018,0.58953,0.59033,0.58909,0.59032
2026-09-01 13:00:00+00:00,15465,0.59018,0.59111,0.58908,0.58915,0.59033,0.59143,0.58922,0.58929
2026-09-01 17:00:00+00:00,7205,0.58916,0.58959,0.58868,0.58905,0.58929,0.58974,0.58881,0.58921
2026-09-01 21:00:00+00:00,6233,0.58888,0.5895,0.58872,0.58908,0.58991,0.58991,0.58888,0.58922
2026-09-02 01:00:00+00:00,20483,0.58908,0.58964,0.58286,0.58288,0.58923,0.58995,0.58301,0.58304
2026-09-02 05:00:00+00:00,15180,0.58289,0.58482,0.58082,0.58083,0.58304,0.58498,0.58097,0.58097
2026-09-02 09:00:00+00:00,13665,0.58083,0.58328,0.58014,0.58204,0.58098,0.5834,0.58029,0.58219
2026-09-02 13:00:00+00:00,19870,0.58202,0.58516,0.5819,0.58449,0.58216,0.58529,0.58204,0.58464
2026-09-02 17:00:00+00:00,7880,0.58449,0.5854,0.58409,0.58502,0.58463,0.58555,0.58423,0.5852
2026-09-02 21:00:00+00:00,5923,0.58314,0.58562,0.58279,0.58535,0.58514,0.58578,0.58479,0.58549
2026-09-03 01:00:00+00:00,13932,0.58534,0.58689,0.58519,0.58642,0.58549,0.58703,0.58534,0.58656
2026-09-03 05:00:00+00:00,17129,0.58643,0.58686,0.58478,0.58629,0.58658,0.58699,0.58493,0.58644
2026-09-03 09:00:00+00:00,16651,0.58629,0.5883,0.58583,0.58798,0.58645,0.58845,0.58598,0.58813
2026-09-03 13:00:00+00:00,19054,0.588,0.58913,0.58651,0.58881,0.58814,0.58928,0.58664,0.58895
2026-09-03 17:00:00+00:00,5837,0.5888,0.58889,0.5878,0.58804,0.58896,0.58904,0.58794,0.58821
2026-09-03 21:00:00+00:00,8925,0.58609,0.58933,0.58609,0.589,0.58809,0.58947,0.58809,0.58914
2026-09-04 01:00:00+00:00,10288,0.589,0.59003,0.58878,0.58956,0.58916,0.59019,0.58895,0.58969
2026-09-04 05:00:00+00:00,10119,0.58955,0.59016,0.58802,0.58815,0.5897,0.5903,0.58815,0.5883
2026-09-04 09:00:00+00:00,15783,0.58815,0.58907,0.58574,0.58704,0.58829,0.58985,0.58588,0.58719
2026-09-04 13:00:00+00:00,17815,0.58705,0.58924,0.58658,0.58888,0.58721,0.58939,0.58672,0.58901
2026-09-04 17:00:00+00:00,7023,0.58886,0.58886,0.58756,0.58773,0.58899,0.589,0.58801,0.58827
2026-09-06 21:00:00+00:00,5785,0.58712,0.58833,0.58699,0.58793,0.58912,0.58916,0.58795,0.58808
2026-09-07 01:00:00+00:00,7258,0.58794,0.58798,0.58656,0.58749,0.58808,0.58813,0.58671,0.58763
2026-09-07 05:00:00+00:00,11025,0.58747,0.5888,0.58696,0.58813,0.58761,0.58896,0.58711,0.58829
2026-09-07 09:00:00+00:00,6241,0.58813,0.58838,0.58738,0.58771,0.58827,0.58853,0.58751,0.58786
2026-09-07 13:00:00+00:00,5309,0.58772,0.58835,0.58759,0.58784,0.58786,0.58849,0.58773,0.58798
2026-09-07 17:00:00+00:00,878,0.58784,0.58784,0.58753,0.58776,0.58799,0.58799,0.58768,0.58792
2026-09-07 21:00:00+00:00,8194,0.58706,0.58848,0.58699,0.5878,0.58784,0.5896,0.58768,0.58793
2026-09-08 01:00:00+00:00,12915,0.5878,0.58805,0.58497,0.58583,0.58794,0.5882,0.58512,0.58598
2026-09-08 05:00:00+00:00,13161,0.58584,0.58657,0.58353,0.58389,0.58597,0.5867,0.58367,0.58404
2026-09-08 09:00:00+00:00,11188,0.58388,0.58541,0.58378,0.5854,0.58404,0.58556,0.58392,0.58554
2026-09-08 13:00:00+00:00,11806,0.5854,0.58625,0.58487,0.58531,0.58556,0.58639,0.585,0.58544
2026-09-08 17:00:00+00:00,6116,0.58532,0.58606,0.5852,0.58523,0.58546,0.5862,0.58536,0.58541
2026-09-08 21:00:00+00:00,9801,0.58447,0.58616,0.58447,0.58615,0.58546,0.58631,0.58545,0.5863
2026-09-09 01:00:00+00:00,7682,0.58615,0.58627,0.58519,0.58556,0.58629,0.58642,0.58534,0.58572
2026-09-09 05:00:00+00:00,10634,0.58555,0.58647,0.58426,0.58435,0.5857,0.58662,0.58442,0.58451
2026-09-09 09:00:00+00:00,10303,0.58437,0.58565,0.58295,0.58528,0.58451,0.5858,0.5831,0.58542
2026-09-09 13:00:00+00:00,15744,0.58527,0.58566,0.5836,0.58407,0.58542,0.58581,0.58374,0.58422
2026-09-09 17:00:00+00:00,5324,0.58405,0.58436,0.58344,0.58375,0.58419,0.58451,0.58359,0.58392
2026-09-09 21:00:00+00:00,6294,0.58323,0.5847,0.58323,0.5844,0.584,0.58508,0.58376,0.58455
2026-09-10 01:00:00+00:00,9418,0.5844,0.58538,0.58422,0.58476,0.58454,0.58553,0.58438,0.58489
2026-09-10 05:00:00+00:00,7705,0.58475,0.58561,0.58425,0.58456,0.5849,0.58577,0.5844,0.58471
2026-09-10 09:00:00+00:00,14443,0.58456,0.58467,0.57989,0.58037,0.58469,0.58482,0.58004,0.58052
2026-09-10 13:00:00+00:00,20130,0.5804,0.58108,0.5797,0.58042,0.58054,0.58123,0.57983,0.58057
2026-09-10 17:00:00+00:00,7913,0.58044,0.58074,0.57927,0.57959,0.58057,0.58088,0.57941,0.5798
2026-09-10 21:00:00+00:00,8816,0.57936,0.58143,0.57916,0.58143,0.58109,0.58157,0.57962,0.58156
2026-09-11 01:00:00+00:00,15742,0.58141,0.58286,0.58077,0.5826,0.58156,0.58302,0.58091,0.58273
2026-09-11 05:00:00+00:00,14311,0.58258,0.58345,0.58222,0.58224,0.58272,0.5836,0.58235,0.5824
2026-09-11 09:00:00+00:00,18348,0.58224,0.58275,0.58008,0.58273,0.58239,0.5829,0.58033,0.58289
2026-09-11 13:00:00+00:00,21601,0.58273,0.58286,0.58094,0.5816,0.58286,0.58301,0.58108,0.58175
2026-09-11 17:00:00+00:00,7501,0.58159,0.58189,0.58102,0.58114,0.58173,0.58204,0.58117,0.58152
2026-09-13 21:00:00+00:00,8041,0.58117,0.58182,0.57953,0.57983,0.58169,0.58264,0.57967,0.57998
2026-09-14 01:00:00+00:00,9970,0.57981,0.57982,0.57806,0.57836,0.57996,0.57998,0.57821,0.57851
2026-09-14 05:00:00+00:00,10610,0.57835,0.57879,0.57671,0.57703,0.57849,0.57894,0.57686,0.57717
2026-09-14 09:00:00+00:00,11690,0.57703,0.57774,0.57588,0.57598,0.57718,0.5779,0.57603,0.57613
2026-09-14 13:00:00+00:00,18216,0.576,0.57882,0.57564,0.57869,0.57613,0.57898,0.5758,0.57882
2026-09-14 17:00:00+00:00,5375,0.57867,0.5787,0.57736,0.57778,0.57882,0.57884,0.57751,0.57798
2026-09-14 21:00:00+00:00,7130,0.57784,0.57812,0.57652,0.57752,0.57803,0.57933,0.57751,0.57768
2026-09-15 01:00:00+00:00,10901,0.57754,0.57757,0.57512,0.57547,0.57768,0.57772,0.57526,0.57562
2026-09-15 05:00:00+00:00,12418,0.57547,0.57694,0.57532,0.57661,0.57561,0.5771,0.57546,0.57674
2026-09-15 09:00:00+00:00,10075,0.57661,0.57691,0.57546,0.57579,0.57676,0.57706,0.57561,0.57594
2026-09-15 13:00:00+00:00,12740,0.57578,0.57641,0.57497,0.57612,0.57594,0.57655,0.57512,0.57625
2026-09-15 17:00:00+00:00,5634,0.5761,0.57618,0.57554,0.57569,0.57625,0.57632,0.57567,0.5759
2026-09-15 21:00:00+00:00,8085,0.5757,0.57611,0.57392,0.57422,0.57588,0.57747,0.57405,0.57434
2026-09-16 01:00:00+00:00,9587,0.5742,0.57491,0.57355,0.57436,0.57434,0.57505,0.5737,0.57451
2026-09-16 05:00:00+00:00,9524,0.57436,0.57582,0.57431,0.57547,0.57452,0.57596,0.57448,0.57562
2026-09-16 09:00:00+00:00,9061,0.57547,0.57649,0.57504,0.57573,0.57561,0.57664,0.57517,0.57588
2026-09-16 13:00:00+00:00,10702,0.57571,0.57633,0.57529,0.57575,0.57585,0.57649,0.57543,0.57589
2026-09-16 17:00:00+00:00,24443,0.57574,0.5767,0.57026,0.57122,0.5759,0.57706,0.57042,0.57144
2026-09-16 21:00:00+00:00,9306,0.57052,0.57279,0.57052,0.57105,0.5723,0.57292,0.57105,0.57119
2026-09-17 01:00:00+00:00,12011,0.57106,0.5728,0.57097,0.57271,0.57119,0.57295,0.57112,0.57285
2026-09-17 05:00:00+00:00,10530,0.57271,0.57411,0.57231,0.57344,0.57286,0.57425,0.57247,0.57358
2026-09-17 09:00:00+00:00,13633,0.57345,0.575,0.57312,0.57417,0.57358,0.57515,0.57327,0.57431
2026-09-17 13:00:00+00:00,12132,0.57415,0.57454,0.57281,0.57293,0.57429,0.57467,0.57294,0.57308
2026-09-17 17:00:00+00:00,4346,0.57292,0.57334,0.57275,0.57317,0.57308,0.57349,0.5729,0.57337
2026-09-17 21:00:00+00:00,5555,0.57314,0.57335,0.57123,0.57208,0.57333,0.57419,0.57218,0.57223
2026-09-18 01:00:00+00:00,11472,0.57208,0.57401,0.57153,0.57288,0.57221,0.57415,0.57167,0.57304
2026-09-18 05:00:00+00:00,12110,0.57289,0.57295,0.57156,0.57197,0.57304,0.57311,0.5717,0.57212
2026-09-18 09:00:00+00:00,11462,0.57197,0.5722,0.57058,0.57103,0.5721,0.57236,0.57073,0.57118
2026-09-18 13:00:00+00:00,12161,0.57103,0.57192,0.57051,0.57184,0.57117,0.57208,0.57068,0.57196
2026-09-18 17:00:00+00:00,5661,0.57182,0.57253,0.57182,0.57209,0.57194,0.57271,0.57194,0.57254
2026-09-20 21:00:00+00:00,4221,0.57157,0.57256,0.57154,0.57175,0.57283,0.57288,0.5719,0.5719
2026-09-21 01:00:00+00:00,6533,0.57178,0.57271,0.57153,0.57227,0.57194,0.57286,0.57166,0.57242
2026-09-21 05:00:00+00:00,6385,0.57227,0.57315,0.57127,0.57269,0.57241,0.5733,0.57141,0.57284
2026-09-21 09:00:00+00:00,6051,0.57269,0.5738,0.57236,0.57302,0.57283,0.57393,0.5725,0.57317
2026-09-21 13:00:00+00:00,8596,0.573,0.57308,0.57156,0.57192,0.57314,0.5732,0.5717,0.57205
2026-09-21 17:00:00+00:00,3945,0.5719,0.57197,0.5713,0.57142,0.57204,0.57211,0.57144,0.5716
2026-09-21 21:00:00+00:00,4405,0.57132,0.57174,0.57059,0.57077,0.57236,0.57236,0.57073,0.57092
2026-09-22 01:00:00+00:00,13412,0.57077,0.57389,0.56935,0.57356,0.57093,0.57402,0.5695,0.57371
2026-09-22 05:00:00+00:00,17614,0.57354,0.57476,0.57171,0.57396,0.57369,0.57493,0.57185,0.57412
2026-09-22 09:00:00+00:00,18164,0.57394,0.57482,0.57238,0.57255,0.5741,0.57498,0.57253,0.57269
2026-09-22 13:00:00+00:00,17141,0.57255,0.57356,0.57119,0.57198,0.57271,0.5737,0.57134,0.57213
2026-09-22 17:00:00+00:00,9299,0.57198,0.57325,0.57161,0.57279,0.57212,0.5734,0.57175,0.57299
2026-09-22 21:00:00+00:00,5249,0.57212,0.57315,0.57161,0.57173,0.57362,0.57362,0.57177,0.57187
2026-09-23 01:00:00+00:00,8934,0.57172,0.57172,0.56996,0.57022,0.57189,0.57189,0.57012,0.57034
2026-09-23 05:00:00+00:00,11661,0.57022,0.57109,0.5695,0.57019,0.57035,0.57123,0.56965,0.57034
2026-09-23 09:00:00+00:00,9982,0.57019,0.57045,0.56859,0.56903,0.57032,0.5706,0.56872,0.56917
2026-09-23 13:00:00+00:00,18707,0.56901,0.5695,0.56634,0.56635,0.56916,0.56964,0.56647,0.56651
2026-09-23 17:00:00+00:00,9313,0.56634,0.56773,0.56598,0.56725,0.56648,0.56789,0.56614,0.56742
2026-09-23 21:00:00+00:00,6545,0.56675,0.56782,0.56644,0.56771,0.56851,0.56851,0.56703,0.56786
2026-09-24 01:00:00+00:00,14627,0.56771,0.56856,0.56687,0.56731,0.56784,0.56872,0.56699,0.56747
2026-09-24 05:00:00+00:00,16496,0.56732,0.56836,0.567,0.56725,0.56747,0.56852,0.56715,0.5674
2026-09-24 09:00:00+00:00,14323,0.56727,0.56744,0.5665,0.56721,0.56741,0.56759,0.56663,0.56735
2026-09-24 13:00:00+00:00,19300,0.56721,0.56745,0.56494,0.56674,0.56737,0.56759,0.56508,0.56689
2026-09-24 17:00:00+00:00,12668,0.56673,0.56717,0.56497,0.56608,0.56689,0.56731,0.56511,0.56631
2026-09-24 21:00:00+00:00,5700,0.56516,0.5664,0.56516,0.56597,0.56716,0.56771,0.56558,0.56612
2026-09-25 01:00:00+00:00,10462,0.56599,0.56679,0.56496,0.56522,0.56614,0.56694,0.56512,0.56536
2026-09-25 05:00:00+00:00,12142,0.56522,0.56718,0.56521,0.56688,0.56538,0.56734,0.56536,0.56702
2026-09-25 09:00:00+00:00,11263,0.56688,0.5675,0.56629,0.5665,0.567,0.56764,0.56644,0.56663
2026-09-25 13:00:00+00:00,22578,0.56648,0.56767,0.56545,0.56639,0.56663,0.56783,0.5656,0.56653
2026-09-25 17:00:00+00:00,9239,0.56639,0.56681,0.56596,0.56622,0.56654,0.56696,0.5661,0.56679
2026-09-27 21:00:00+00:00,8181,0.56539,0.56613,0.56482,0.56613,0.56653,0.56666,0.56499,0.56629
