time,volume,bid_open,bid_high,bid_low,bid_close,ask_open,ask_high,ask_low,ask_close
2025-09-30 21:00:00+00:00,17647,1.39135,1.39278,1.39111,1.39261,1.39271,1.39295,1.39162,1.3928
2025-10-01 01:00:00+00:00,8319,1.39261,1.39321,1.39136,1.39136,1.39282,1.39342,1.39153,1.39153
2025-10-01 05:00:00+00:00,17444,1.39134,1.39274,1.39061,1.39176,1.39152,1.39293,1.3908,1.39196
2025-10-01 09:00:00+00:00,26173,1.39176,1.39362,1.39138,1.39282,1.39195,1.3938,1.3916,1.39301
2025-10-01 13:00:00+00:00,32312,1.39283,1.39564,1.39221,1.39473,1.39301,1.3958,1.3924,1.39493
2025-10-01 17:00:00+00:00,11189,1.39473,1.39488,1.39337,1.39356,1.39491,1.39506,1.39354,1.39378
2025-10-01 21:00:00+00:00,6064,1.39336,1.39468,1.39324,1.39435,1.39365,1.39484,1.39348,1.39451
2025-10-02 01:00:00+00:00,9661,1.39434,1.39467,1.39339,1.39444,1.39451,1.39485,1.3936,1.39465
2025-10-02 05:00:00+00:00,15342,1.39445,1.39479,1.39316,1.39361,1.39464,1.395,1.39333,1.39383
2025-10-02 09:00:00+00:00,15184,1.39362,1.39521,1.39327,1.39456,1.39383,1.3954,1.39347,1.39472
2025-10-02 13:00:00+00:00,26528,1.39455,1.39854,1.39395,1.39664,1.39472,1.39874,1.39414,1.39681
2025-10-02 17:00:00+00:00,11357,1.39663,1.39717,1.39591,1.39665,1.39681,1.39737,1.39607,1.39687
2025-10-02 21:00:00+00:00,6353,1.39659,1.39668,1.39598,1.39636,1.39706,1.39722,1.39617,1.39656
2025-10-03 01:00:00+00:00,12968,1.39636,1.39685,1.396,1.39673,1.39654,1.39706,1.39621,1.39693
2025-10-03 05:00:00+00:00,14175,1.39673,1.39677,1.39566,1.39604,1.39694,1.39696,1.39582,1.39624
2025-10-03 09:00:00+00:00,13136,1.39605,1.39682,1.395,1.39501,1.39624,1.39701,1.39518,1.3952
2025-10-03 13:00:00+00:00,23594,1.39501,1.39623,1.3939,1.39468,1.39518,1.3964,1.39407,1.39486
2025-10-03 17:00:00+00:00,12770,1.39468,1.39603,1.39431,1.39455,1.39485,1.39626,1.39474,1.39528
2025-10-05 21:00:00+00:00,11058,1.39517,1.3967,1.39494,1.3956,1.39667,1.39693,1.39577,1.39578
2025-10-06 01:00:00+00:00,10004,1.3956,1.39606,1.39445,1.39518,1.39577,1.39625,1.39462,1.39536
2025-10-06 05:00:00+00:00,21091,1.39518,1.39579,1.39408,1.39497,1.39537,1.39598,1.39427,1.39515
2025-10-06 09:00:00+00:00,18249,1.39496,1.39638,1.39475,1.39611,1.39515,1.39653,1.39493,1.39628
2025-10-06 13:00:00+00:00,20231,1.3961,1.39668,1.39451,1.39485,1.39628,1.39686,1.39468,1.39503
2025-10-06 17:00:00+00:00,9692,1.39485,1.39534,1.39394,1.39418,1.39502,1.39552,1.39417,1.39448
2025-10-06 21:00:00+00:00,6780,1.39415,1.39504,1.39397,1.39484,1.39457,1.39524,1.39423,1.39502
2025-10-07 01:00:00+00:00,11202,1.39481,1.3952,1.39432,1.39476,1.39501,1.3954,1.39452,1.39494
2025-10-07 05:00:00+00:00,16825,1.39478,1.39615,1.39465,1.39557,1.39496,1.39636,1.39484,1.39576
2025-10-07 09:00:00+00:00,15121,1.39558,1.39621,1.3947,1.39529,1.39576,1.39638,1.39487,1.39547
2025-10-07 13:00:00+00:00,24924,1.39529,1.39561,1.3938,1.39512,1.39548,1.39578,1.39398,1.3953
2025-10-07 17:00:00+00:00,13411,1.39512,1.39598,1.39446,1.39493,1.39529,1.39616,1.39465,1.39512
2025-10-07 21:00:00+00:00,9041,1.39492,1.39586,1.39458,1.39554,1.39537,1.39607,1.39494,1.39573
2025-10-08 01:00:00+00:00,16088,1.39555,1.39676,1.39509,1.39635,1.39573,1.39695,1.3953,1.39653
2025-10-08 05:00:00+00:00,15845,1.39635,1.39707,1.39505,1.39533,1.39655,1.39724,1.39522,1.39553
2025-10-08 09:00:00+00:00,16340,1.39533,1.39584,1.39368,1.39375,1.39551,1.39602,1.39387,1.39393
2025-10-08 13:00:00+00:00,22551,1.39373,1.39603,1.39311,1.3958,1.39391,1.3962,1.3933,1.39596
2025-10-08 17:00:00+00:00,12432,1.39578,1.39619,1.39483,1.39519,1.39596,1.3964,1.39502,1.39538
2025-10-08 21:00:00+00:00,6582,1.39505,1.39553,1.39454,1.39483,1.39532,1.39571,1.3949,1.39502
2025-10-09 01:00:00+00:00,9335,1.39483,1.39485,1.3934,1.39349,1.39503,1.39506,1.3936,1.3937
2025-10-09 05:00:00+00:00,18682,1.3935,1.39629,1.39329,1.39527,1.3937,1.39647,1.39344,1.39546
2025-10-09 09:00:00+00:00,16328,1.39526,1.39551,1.39419,1.39443,1.39546,1.39571,1.39435,1.39461
2025-10-09 13:00:00+00:00,34789,1.39445,1.4024,1.39382,1.40217,1.3946,1.40259,1.39401,1.40236
2025-10-09 17:00:00+00:00,18053,1.40221,1.40334,1.4013,1.40222,1.40237,1.40351,1.40149,1.40245
2025-10-09 21:00:00+00:00,8597,1.40105,1.40252,1.40095,1.40167,1.40255,1.40286,1.40166,1.40185
2025-10-10 01:00:00+00:00,9773,1.40168,1.40203,1.40132,1.40147,1.40185,1.40219,1.40151,1.40168
2025-10-10 05:00:00+00:00,18933,1.40147,1.40335,1.40124,1.40163,1.40167,1.40354,1.40143,1.40179
2025-10-10 09:00:00+00:00,23628,1.40161,1.40219,1.3975,1.39832,1.40177,1.40236,1.3977,1.39849
2025-10-10 13:00:00+00:00,48526,1.39831,1.401,1.39814,1.40083,1.39849,1.40118,1.3983,1.40102
2025-10-10 17:00:00+00:00,21588,1.40083,1.4017,1.39932,1.39985,1.40103,1.40189,1.3995,1.40058
2025-10-12 21:00:00+00:00,15030,1.39897,1.40037,1.39878,1.39923,1.39993,1.40098,1.39905,1.39942
2025-10-13 01:00:00+00:00,16483,1.39923,1.39957,1.39821,1.39922,1.39941,1.39978,1.3984,1.39941
2025-10-13 05:00:00+00:00,23641,1.39922,1.40101,1.39875,1.40005,1.39943,1.4012,1.39896,1.40023
2025-10-13 09:00:00+00:00,16986,1.40006,1.4016,1.39963,1.40122,1.40023,1.40178,1.3998,1.4014
2025-10-13 13:00:00+00:00,24703,1.40122,1.40333,1.40121,1.40301,1.40139,1.4035,1.40139,1.40319
2025-10-13 17:00:00+00:00,11091,1.403,1.40387,1.40263,1.40362,1.40319,1.40403,1.40281,1.40389
2025-10-13 21:00:00+00:00,8055,1.40296,1.40428,1.4028,1.40369,1.40371,1.40447,1.40325,1.40386
2025-10-14 01:00:00+00:00,13400,1.40368,1.40459,1.40323,1.40422,1.40387,1.40479,1.4034,1.40439
2025-10-14 05:00:00+00:00,25413,1.40421,1.40657,1.40403,1.40579,1.40439,1.40676,1.40422,1.40596
2025-10-14 09:00:00+00:00,19924,1.40577,1.40792,1.40574,1.40706,1.40595,1.40811,1.40591,1.40726
2025-10-14 13:00:00+00:00,35879,1.40706,1.40739,1.40291,1.4042,1.40725,1.40758,1.4031,1.40437
2025-10-14 17:00:00+00:00,16852,1.4042,1.40511,1.40317,1.40431,1.4044,1.40529,1.40336,1.40451
2025-10-14 21:00:00+00:00,8143,1.40415,1.40478,1.4036,1.40439,1.4049,1.40496,1.4038,1.40454
2025-10-15 01:00:00+00:00,15743,1.40441,1.40451,1.40307,1.40358,1.40458,1.40468,1.40325,1.40377
2025-10-15 05:00:00+00:00,19843,1.40357,1.40443,1.40266,1.40423,1.40377,1.40462,1.40287,1.40443
2025-10-15 09:00:00+00:00,18289,1.40423,1.40534,1.4033,1.40501,1.40442,1.40553,1.40347,1.4052
2025-10-15 13:00:00+00:00,31113,1.40501,1.40526,1.40259,1.40333,1.40518,1.40545,1.40276,1.40348
2025-10-15 17:00:00+00:00,18101,1.40332,1.40591,1.40332,1.40371,1.40349,1.40608,1.40349,1.40412
2025-10-15 21:00:00+00:00,8798,1.40385,1.40475,1.40349,1.40386,1.40452,1.40493,1.40369,1.40404
2025-10-16 01:00:00+00:00,15889,1.40387,1.40388,1.40215,1.40333,1.40406,1.40406,1.40236,1.40353
2025-10-16 05:00:00+00:00,21047,1.40334,1.40395,1.40262,1.40374,1.40353,1.40413,1.40278,1.40394
2025-10-16 09:00:00+00:00,17761,1.40373,1.40573,1.40351,1.40509,1.40394,1.40592,1.40367,1.40526
2025-10-16 13:00:00+00:00,36886,1.40511,1.40601,1.40347,1.4044,1.40526,1.4062,1.40366,1.40457
2025-10-16 17:00:00+00:00,24272,1.40439,1.406,1.40374,1.40537,1.40457,1.40616,1.40392,1.40564
2025-10-16 21:00:00+00:00,7677,1.40501,1.40527,1.40383,1.40395,1.40581,1.40581,1.40401,1.40412
2025-10-17 01:00:00+00:00,14202,1.40394,1.40512,1.40358,1.40393,1.40412,1.40531,1.40376,1.40414
2025-10-17 05:00:00+00:00,27223,1.40395,1.40666,1.40352,1.405,1.40414,1.40684,1.4037,1.40517
2025-10-17 09:00:00+00:00,28249,1.40498,1.40517,1.40265,1.40388,1.40517,1.40532,1.40283,1.40405
2025-10-17 13:00:00+00:00,33495,1.40387,1.40529,1.40331,1.40387,1.40405,1.40547,1.40348,1.40405
2025-10-17 17:00:00+00:00,16324,1.40387,1.40415,1.4007,1.40166,1.40404,1.40432,1.40088,1.40268
2025-10-19 21:00:00+00:00,8442,1.40141,1.40217,1.40092,1.40122,1.40217,1.40242,1.40111,1.40142
2025-10-20 01:00:00+00:00,8889,1.40122,1.4015,1.40046,1.40105,1.40141,1.40168,1.40066,1.40126
2025-10-20 05:00:00+00:00,15493,1.40107,1.40321,1.40093,1.40316,1.40127,1.40341,1.40112,1.40336
2025-10-20 09:00:00+00:00,15851,1.40317,1.40487,1.40261,1.40444,1.40336,1.40507,1.40282,1.40462
2025-10-20 13:00:00+00:00,19800,1.40444,1.40503,1.4025,1.40285,1.40461,1.40521,1.40267,1.40302
2025-10-20 17:00:00+00:00,9992,1.40286,1.40388,1.4026,1.40383,1.40302,1.40407,1.40278,1.40401
2025-10-20 21:00:00+00:00,5735,1.40317,1.40377,1.40278,1.40309,1.40408,1.4041,1.40305,1.40328
2025-10-21 01:00:00+00:00,10757,1.40307,1.40523,1.40307,1.40486,1.40328,1.40542,1.40328,1.40501
2025-10-21 05:00:00+00:00,18496,1.40485,1.40652,1.4048,1.40604,1.40502,1.40672,1.40498,1.40622
2025-10-21 09:00:00+00:00,21935,1.40605,1.40605,1.40133,1.40269,1.40622,1.40623,1.40149,1.40289
2025-10-21 13:00:00+00:00,32892,1.4027,1.40432,1.40025,1.40162,1.40289,1.40452,1.40044,1.40179
2025-10-21 17:00:00+00:00,12294,1.40161,1.40235,1.40112,1.40219,1.40177,1.40256,1.40129,1.40243
2025-10-21 21:00:00+00:00,6937,1.40188,1.40227,1.40105,1.40134,1.40253,1.4026,1.40123,1.40151
2025-10-22 01:00:00+00:00,9619,1.40134,1.4014,1.39999,1.40008,1.40152,1.40159,1.40018,1.40026
2025-10-22 05:00:00+00:00,16705,1.40008,1.4011,1.39924,1.40073,1.40028,1.40128,1.39944,1.40091
2025-10-22 09:00:00+00:00,16627,1.40075,1.40316,1.40069,1.40223,1.40093,1.40334,1.40087,1.40242
2025-10-22 13:00:00+00:00,30733,1.40223,1.40264,1.3975,1.39781,1.40241,1.40283,1.3977,1.39799
2025-10-22 17:00:00+00:00,15383,1.39782,1.39982,1.3978,1.39944,1.39799,1.40001,1.39797,1.39965
2025-10-22 21:00:00+00:00,5779,1.39907,1.39936,1.39863,1.39894,1.39953,1.39963,1.39883,1.39913
2025-10-23 01:00:00+00:00,10581,1.39892,1.40041,1.39877,1.39975,1.39913,1.4006,1.39897,1.39995
2025-10-23 05:00:00+00:00,13672,1.39975,1.39989,1.39859,1.39939,1.39996,1.40007,1.39878,1.39957
2025-10-23 09:00:00+00:00,14221,1.39938,1.39988,1.39881,1.3993,1.39958,1.40008,1.399,1.3995
2025-10-23 13:00:00+00:00,20200,1.3993,1.40024,1.39788,1.39976,1.39949,1.40041,1.39808,1.39994
2025-10-23 17:00:00+00:00,10095,1.39977,1.40026,1.39851,1.39909,1.39994,1.40043,1.39867,1.3993
2025-10-23 21:00:00+00:00,7698,1.39873,1.39907,1.39714,1.39873,1.39938,1.39944,1.39742,1.39893
2025-10-24 01:00:00+00:00,13552,1.39873,1.40286,1.39866,1.40107,1.39894,1.40307,1.39885,1.40127
2025-10-24 05:00:00+00:00,16272,1.40107,1.4021,1.40031,1.40193,1.40128,1.4023,1.40051,1.40213
2025-10-24 09:00:00+00:00,19672,1.40194,1.40318,1.39959,1.40191,1.40213,1.40336,1.40019,1.40209
2025-10-24 13:00:00+00:00,28158,1.40192,1.40383,1.40051,1.40067,1.40209,1.404,1.40068,1.40086
2025-10-24 17:00:00+00:00,10673,1.40068,1.40103,1.39907,1.39934,1.40085,1.40121,1.39929,1.40002
2025-10-26 21:00:00+00:00,9480,1.40069,1.40081,1.39841,1.39847,1.40118,1.40141,1.39862,1.39866
2025-10-27 01:00:00+00:00,14379,1.39849,1.39921,1.39775,1.39892,1.39866,1.39941,1.39793,1.39912
2025-10-27 05:00:00+00:00,17970,1.3989,1.39914,1.39717,1.39772,1.39911,1.39931,1.39736,1.39791
2025-10-27 09:00:00+00:00,15584,1.3977,1.39847,1.39695,1.39813,1.3979,1.39867,1.39713,1.39831
2025-10-27 13:00:00+00:00,21868,1.39815,1.40076,1.39782,1.39957,1.39831,1.40095,1.398,1.39975
2025-10-27 17:00:00+00:00,11766,1.39958,1.40005,1.39853,1.39896,1.39975,1.40023,1.3987,1.39913
2025-10-27 21:00:00+00:00,6884,1.39905,1.39935,1.39819,1.39845,1.39932,1.39955,1.39838,1.39864
2025-10-28 01:00:00+00:00,15843,1.39847,1.39923,1.39811,1.39819,1.39865,1.3994,1.3983,1.39839
2025-10-28 05:00:00+00:00,15675,1.39819,1.40037,1.39817,1.40034,1.3984,1.40054,1.39837,1.40049
2025-10-28 09:00:00+00:00,15483,1.40034,1.40048,1.39914,1.39998,1.40051,1.40066,1.39929,1.40018
2025-10-28 13:00:00+00:00,28476,1.39998,1.40017,1.39347,1.39408,1.40019,1.40037,1.39362,1.39426
2025-10-28 17:00:00+00:00,13188,1.39407,1.39487,1.39325,1.39445,1.39426,1.39506,1.39341,1.39473
2025-10-28 21:00:00+00:00,8958,1.39455,1.39466,1.39326,1.39381,1.39488,1.39488,1.39345,1.39399
2025-10-29 01:00:00+00:00,14807,1.39382,1.39426,1.39313,1.39418,1.39399,1.39446,1.39332,1.39436
2025-10-29 05:00:00+00:00,17512,1.39417,1.39455,1.39232,1.39453,1.39436,1.39474,1.3925,1.39473
2025-10-29 09:00:00+00:00,16641,1.39454,1.39487,1.39294,1.393,1.39471,1.39508,1.39312,1.3932
2025-10-29 13:00:00+00:00,28587,1.39301,1.39309,1.38872,1.38971,1.3932,1.39327,1.38889,1.38988
2025-10-29 17:00:00+00:00,42568,1.38973,1.39542,1.38917,1.39427,1.38991,1.39562,1.38935,1.3945
2025-10-29 21:00:00+00:00,7276,1.39422,1.39453,1.39341,1.39359,1.39451,1.3948,1.3936,1.39377
2025-10-30 01:00:00+00:00,23087,1.39358,1.39425,1.3926,1.39279,1.39377,1.39444,1.39279,1.39294
2025-10-30 05:00:00+00:00,20644,1.3928,1.39499,1.39276,1.39447,1.39299,1.39519,1.39292,1.39467
2025-10-30 09:00:00+00:00,20056,1.39446,1.40004,1.39431,1.40004,1.39467,1.40023,1.39449,1.40023
2025-10-30 13:00:00+00:00,31999,1.40012,1.40134,1.39767,1.39821,1.40027,1.40154,1.39787,1.39838
2025-10-30 17:00:00+00:00,15998,1.39822,1.39896,1.39768,1.39849,1.39837,1.39916,1.39788,1.39871
2025-10-30 21:00:00+00:00,5400,1.39841,1.39862,1.39791,1.39805,1.39898,1.39898,1.39809,1.39822
2025-10-31 01:00:00+00:00,15349,1.39805,1.39899,1.3978,1.39856,1.39823,1.39917,1.39801,1.39876
2025-10-31 05:00:00+00:00,16260,1.39857,1.40106,1.39856,1.40014,1.39875,1.40123,1.39875,1.40033
2025-10-31 09:00:00+00:00,17608,1.40014,1.40333,1.40014,1.40273,1.40032,1.40352,1.40031,1.40293
2025-10-31 13:00:00+00:00,29969,1.40274,1.40347,1.40005,1.40181,1.40293,1.40365,1.40024,1.40198
2025-10-31 17:00:00+00:00,17126,1.40178,1.40261,1.40059,1.40086,1.40198,1.40278,1.40086,1.40121
2025-11-02 22:00:00+00:00,9493,1.40053,1.40227,1.40051,1.40202,1.40158,1.40247,1.40131,1.4022
2025-11-03 02:00:00+00:00,9572,1.40201,1.40207,1.40078,1.40096,1.4022,1.40226,1.40096,1.40115
2025-11-03 06:00:00+00:00,13129,1.40097,1.40398,1.40078,1.40385,1.40115,1.40416,1.40097,1.40405
2025-11-03 10:00:00+00:00,13261,1.40389,1.4062,1.40342,1.4061,1.40407,1.40638,1.4036,1.40628
2025-11-03 14:00:00+00:00,26299,1.40611,1.40753,1.40459,1.40508,1.40628,1.4077,1.40477,1.40527
2025-11-03 18:00:00+00:00,12378,1.40507,1.40596,1.40479,1.40552,1.40527,1.40614,1.40495,1.40571
2025-11-03 22:00:00+00:00,7985,1.4056,1.40693,1.40522,1.40651,1.40597,1.40713,1.40558,1.4067
2025-11-04 02:00:00+00:00,14547,1.40651,1.40698,1.40599,1.40674,1.40672,1.40715,1.40618,1.40693
2025-11-04 06:00:00+00:00,20149,1.40672,1.4073,1.40534,1.40705,1.40691,1.40748,1.40551,1.40723
2025-11-04 10:00:00+00:00,15360,1.40705,1.40826,1.40663,1.40798,1.40722,1.40845,1.40681,1.40815
2025-11-04 14:00:00+00:00,25901,1.40798,1.40964,1.40773,1.40919,1.40816,1.4098,1.4079,1.40938
2025-11-04 18:00:00+00:00,15482,1.4092,1.41074,1.40907,1.4102,1.40938,1.4109,1.40925,1.41043
2025-11-04 22:00:00+00:00,11240,1.40975,1.41186,1.40943,1.41132,1.41042,1.41204,1.41017,1.41149
2025-11-05 02:00:00+00:00,15700,1.41131,1.41173,1.41069,1.41097,1.4115,1.41191,1.41087,1.41114
2025-11-05 06:00:00+00:00,15249,1.41099,1.4126,1.41069,1.41258,1.41114,1.41279,1.41087,1.41277
2025-11-05 10:00:00+00:00,17513,1.41257,1.4138,1.41249,1.41332,1.41278,1.41397,1.41275,1.41351
2025-11-05 14:00:00+00:00,28429,1.41334,1.41398,1.41047,1.41161,1.41352,1.41417,1.41064,1.41179
2025-11-05 18:00:00+00:00,12637,1.41163,1.41184,1.41034,1.41076,1.4118,1.41202,1.41057,1.41101
2025-11-05 22:00:00+00:00,10164,1.41046,1.41096,1.40989,1.41033,1.41124,1.41128,1.41009,1.41053
2025-11-06 02:00:00+00:00,13218,1.41035,1.41045,1.4099,1.4102,1.41053,1.41062,1.41008,1.41039
2025-11-06 06:00:00+00:00,17784,1.41021,1.41043,1.40895,1.40984,1.41039,1.4106,1.40913,1.41004
2025-11-06 10:00:00+00:00,19587,1.40984,1.40996,1.40895,1.40969,1.41003,1.41014,1.40912,1.40986
2025-11-06 14:00:00+00:00,32475,1.40968,1.41397,1.40958,1.41166,1.40986,1.41413,1.40974,1.41184
2025-11-06 18:00:00+00:00,12995,1.41166,1.4124,1.41044,1.41171,1.41185,1.41259,1.41061,1.4119
2025-11-06 22:00:00+00:00,8515,1.41072,1.41257,1.41072,1.4123,1.41222,1.41273,1.41122,1.4125
2025-11-07 02:00:00+00:00,8021,1.41229,1.41254,1.41188,1.41234,1.4125,1.41273,1.41208,1.41249
2025-11-07 06:00:00+00:00,12976,1.41231,1.41235,1.41129,1.41162,1.41246,1.4125,1.41146,1.41179
2025-11-07 10:00:00+00:00,22481,1.41162,1.41183,1.40542,1.40644,1.41177,1.41203,1.40563,1.40662
2025-11-07 14:00:00+00:00,33268,1.40644,1.40843,1.40513,1.40541,1.4066,1.40862,1.40531,1.40558
2025-11-07 18:00:00+00:00,18456,1.40542,1.40576,1.40265,1.40443,1.40557,1.40594,1.40283,1.40481
2025-11-09 22:00:00+00:00,18843,1.40468,1.40503,1.40254,1.40297,1.40618,1.40653,1.40271,1.40315
2025-11-10 02:00:00+00:00,34982,1.40296,1.40344,1.40191,1.4025,1.40315,1.40362,1.40211,1.40267
2025-11-10 06:00:00+00:00,22654,1.40251,1.4032,1.40002,1.40109,1.40269,1.4034,1.4002,1.40127
2025-11-10 10:00:00+00:00,18662,1.40109,1.40212,1.40005,1.4011,1.40128,1.4023,1.40023,1.40128
2025-11-10 14:00:00+00:00,24689,1.40112,1.40357,1.40109,1.40163,1.40129,1.40375,1.40126,1.40182
2025-11-10 18:00:00+00:00,12578,1.40163,1.40199,1.40124,1.40197,1.4018,1.40222,1.40143,1.40217
2025-11-10 22:00:00+00:00,8325,1.40142,1.40328,1.40129,1.40301,1.40231,1.40344,1.40202,1.4032
2025-11-11 02:00:00+00:00,13785,1.40301,1.40377,1.40276,1.40339,1.40321,1.40395,1.40295,1.40359
2025-11-11 06:00:00+00:00,17007,1.4034,1.40404,1.40251,1.40329,1.40359,1.40423,1.40271,1.40346
2025-11-11 10:00:00+00:00,18535,1.4033,1.40357,1.40032,1.40056,1.40346,1.40377,1.4005,1.40071
2025-11-11 14:00:00+00:00,22571,1.40058,1.40155,1.40014,1.40015,1.40073,1.40173,1.40033,1.40033
2025-11-11 18:00:00+00:00,12934,1.40016,1.40182,1.40011,1.4018,1.40036,1.40215,1.40029,1.40215
2025-11-11 22:00:00+00:00,11326,1.40076,1.40203,1.40076,1.40176,1.40226,1.40248,1.40127,1.40194
2025-11-12 02:00:00+00:00,17203,1.40174,1.40194,1.4008,1.40095,1.40194,1.40211,1.40098,1.40114
2025-11-12 06:00:00+00:00,22825,1.40096,1.40187,1.40022,1.40178,1.40114,1.40206,1.4004,1.40195
2025-11-12 10:00:00+00:00,22868,1.40178,1.40207,1.40058,1.40152,1.40196,1.40227,1.40077,1.40171
2025-11-12 14:00:00+00:00,26004,1.40153,1.40209,1.39924,1.39965,1.4017,1.40227,1.3994,1.39983
2025-11-12 18:00:00+00:00,15090,1.39963,1.40089,1.3989,1.40046,1.39982,1.40111,1.3991,1.40069
2025-11-12 22:00:00+00:00,11747,1.40018,1.40156,1.40016,1.40084,1.40076,1.40176,1.40044,1.40105
2025-11-13 02:00:00+00:00,12869,1.40082,1.40112,1.40022,1.40104,1.40103,1.40132,1.40041,1.40123
2025-11-13 06:00:00+00:00,16347,1.40104,1.40124,1.39844,1.39904,1.40125,1.40142,1.39862,1.39923
2025-11-13 10:00:00+00:00,15975,1.39906,1.40085,1.39891,1.40071,1.39923,1.40102,1.39908,1.40089
2025-11-13 14:00:00+00:00,27804,1.40068,1.40251,1.39966,1.40227,1.40088,1.40269,1.39984,1.40244
2025-11-13 18:00:00+00:00,18787,1.40225,1.40372,1.40197,1.40342,1.40244,1.40391,1.40214,1.4036
2025-11-13 22:00:00+00:00,12047,1.40241,1.40439,1.40187,1.40217,1.40375,1.40456,1.40206,1.40237
2025-11-14 02:00:00+00:00,16608,1.40217,1.40296,1.40171,1.40241,1.40235,1.40314,1.40191,1.40259
2025-11-14 06:00:00+00:00,23862,1.40241,1.40446,1.40234,1.40345,1.40258,1.40464,1.40251,1.40366
2025-11-14 10:00:00+00:00,24248,1.40348,1.40444,1.40135,1.40249,1.40367,1.40464,1.40153,1.40268
2025-11-14 14:00:00+00:00,32768,1.40251,1.40333,1.40135,1.40252,1.40268,1.40352,1.40153,1.40269
2025-11-14 18:00:00+00:00,18505,1.40253,1.40322,1.40134,1.40244,1.40269,1.40341,1.40154,1.40278
2025-11-16 22:00:00+00:00,12811,1.40169,1.40317,1.40142,1.4031,1.40319,1.40338,1.4019,1.40327
2025-11-17 02:00:00+00:00,13859,1.4031,1.40383,1.40276,1.40296,1.40325,1.40402,1.40295,1.40311
2025-11-17 06:00:00+00:00,18131,1.40293,1.4032,1.40153,1.40274,1.40312,1.40337,1.40172,1.40291
2025-11-17 10:00:00+00:00,18269,1.40273,1.40394,1.40211,1.4037,1.40289,1.40413,1.4023,1.40387
2025-11-17 14:00:00+00:00,27681,1.4037,1.4041,1.40228,1.40258,1.40388,1.40429,1.40246,1.40275
2025-11-17 18:00:00+00:00,18500,1.40259,1.40571,1.40249,1.4055,1.40275,1.40589,1.40267,1.40566
2025-11-17 22:00:00+00:00,10988,1.4044,1.40561,1.40397,1.40496,1.4059,1.4059,1.40502,1.40514
2025-11-18 02:00:00+00:00,21522,1.40495,1.40615,1.40465,1.40487,1.40514,1.40633,1.40482,1.40507
2025-11-18 06:00:00+00:00,20407,1.40487,1.40551,1.40341,1.40354,1.40505,1.40569,1.4036,1.40372
2025-11-18 10:00:00+00:00,21407,1.40356,1.40383,1.40064,1.40104,1.40375,1.40401,1.40082,1.40122
2025-11-18 14:00:00+00:00,35319,1.40103,1.40205,1.39768,1.39781,1.40118,1.40223,1.39784,1.39798
2025-11-18 18:00:00+00:00,18112,1.3978,1.39902,1.39706,1.39879,1.39798,1.39922,1.39724,1.39896
2025-11-18 22:00:00+00:00,12221,1.39851,1.39976,1.39814,1.39971,1.39899,1.39993,1.39848,1.39987
2025-11-19 02:00:00+00:00,19344,1.3997,1.40003,1.3992,1.39943,1.39987,1.40022,1.39938,1.39961
2025-11-19 06:00:00+00:00,20464,1.39944,1.40049,1.39876,1.3999,1.39961,1.40069,1.39898,1.40009
2025-11-19 10:00:00+00:00,20219,1.39992,1.40191,1.3998,1.40161,1.4001,1.40209,1.4,1.40178
2025-11-19 14:00:00+00:00,31754,1.4016,1.40646,1.40059,1.40555,1.40178,1.40663,1.40077,1.40572
2025-11-19 18:00:00+00:00,19358,1.40554,1.40601,1.40427,1.40482,1.40573,1.40617,1.40445,1.40506
2025-11-19 22:00:00+00:00,8597,1.40462,1.40549,1.40398,1.4054,1.40505,1.40567,1.40427,1.40558
2025-11-20 02:00:00+00:00,12434,1.4054,1.40604,1.405,1.40592,1.40557,1.40622,1.4052,1.4061
2025-11-20 06:00:00+00:00,16390,1.40593,1.40622,1.40495,1.40498,1.40612,1.40641,1.40512,1.40515
2025-11-20 10:00:00+00:00,22413,1.40499,1.407,1.40398,1.40493,1.40515,1.40726,1.40413,1.40508
2025-11-20 14:00:00+00:00,41291,1.40492,1.41063,1.40423,1.41009,1.40508,1.4108,1.40444,1.41025
2025-11-20 18:00:00+00:00,22769,1.4101,1.41042,1.40893,1.40962,1.41027,1.4106,1.40909,1.40983
2025-11-20 22:00:00+00:00,14396,1.40898,1.40984,1.40828,1.40881,1.41036,1.41036,1.40847,1.409
2025-11-21 02:00:00+00:00,18104,1.40878,1.40933,1.40857,1.40911,1.40898,1.4095,1.40875,1.40929
2025-11-21 06:00:00+00:00,22717,1.40912,1.41051,1.40813,1.40921,1.40928,1.41068,1.40832,1.4094
2025-11-21 10:00:00+00:00,28188,1.40924,1.41126,1.40809,1.40885,1.40942,1.41145,1.40826,1.40904
2025-11-21 14:00:00+00:00,36543,1.40883,1.41302,1.40874,1.40927,1.40902,1.4132,1.40891,1.40944
2025-11-21 18:00:00+00:00,20325,1.40927,1.41029,1.40886,1.40994,1.40943,1.4109,1.40903,1.41082
2025-11-23 22:00:00+00:00,8958,1.40927,1.41038,1.40914,1.40992,1.41067,1.41084,1.40955,1.41007
2025-11-24 02:00:00+00:00,12337,1.40991,1.41004,1.40912,1.40938,1.41007,1.41019,1.40929,1.40955
2025-11-24 06:00:00+00:00,18180,1.40939,1.41141,1.40905,1.41132,1.40957,1.41159,1.40923,1.41148
2025-11-24 10:00:00+00:00,17495,1.41132,1.41175,1.40964,1.41017,1.41151,1.41192,1.40984,1.41034
2025-11-24 14:00:00+00:00,23517,1.41017,1.41182,1.40977,1.41117,1.41035,1.41199,1.40996,1.41136
2025-11-24 18:00:00+00:00,9463,1.41117,1.41127,1.4102,1.4106,1.41134,1.41145,1.41037,1.41085
2025-11-24 22:00:00+00:00,8500,1.41036,1.4114,1.41015,1.41078,1.41128,1.41158,1.41055,1.41095
2025-11-25 02:00:00+00:00,10896,1.41078,1.41202,1.41052,1.41168,1.41093,1.41221,1.41072,1.41188
2025-11-25 06:00:00+00:00,15750,1.41168,1.41232,1.41126,1.41148,1.41187,1.41251,1.41144,1.41167
2025-11-25 10:00:00+00:00,21479,1.41148,1.41242,1.41032,1.4106,1.41166,1.4126,1.41062,1.41077
2025-11-25 14:00:00+00:00,38297,1.41059,1.41185,1.40898,1.40937,1.41078,1.41204,1.40914,1.40955
2025-11-25 18:00:00+00:00,15933,1.40938,1.41032,1.4089,1.40988,1.40955,1.41051,1.40906,1.41012
2025-11-25 22:00:00+00:00,14538,1.4093,1.41042,1.40796,1.40847,1.41031,1.41062,1.40814,1.40865
2025-11-26 02:00:00+00:00,16444,1.40848,1.40855,1.40699,1.40729,1.40867,1.40874,1.40719,1.40748
2025-11-26 06:00:00+00:00,17848,1.4073,1.40831,1.40669,1.40816,1.40748,1.4085,1.40687,1.40835
2025-11-26 10:00:00+00:00,25290,1.40816,1.40986,1.40774,1.40953,1.40834,1.41005,1.40795,1.4097
2025-11-26 14:00:00+00:00,26662,1.40952,1.41001,1.40417,1.40438,1.40971,1.41019,1.40434,1.40456
2025-11-26 18:00:00+00:00,12384,1.40438,1.40456,1.40339,1.40424,1.40457,1.40473,1.40357,1.40448
2025-11-26 22:00:00+00:00,11298,1.40402,1.40435,1.40336,1.40338,1.40544,1.40557,1.40355,1.40357
2025-11-27 02:00:00+00:00,15870,1.40337,1.40364,1.40279,1.40323,1.40357,1.40383,1.40295,1.40341
2025-11-27 06:00:00+00:00,17768,1.40323,1.40484,1.40292,1.40475,1.4034,1.40503,1.40311,1.40495
2025-11-27 10:00:00+00:00,14540,1.40476,1.40491,1.40388,1.40441,1.40495,1.4051,1.40406,1.40458
2025-11-27 14:00:00+00:00,10497,1.40439,1.40459,1.40276,1.40293,1.40457,1.40478,1.40294,1.4031
2025-11-27 18:00:00+00:00,5427,1.40293,1.40321,1.4027,1.40272,1.40308,1.40341,1.4029,1.40333
2025-11-27 22:00:00+00:00,11644,1.40257,1.40337,1.40237,1.40333,1.40377,1.40377,1.40255,1.40349
2025-11-28 02:00:00+00:00,129409,1.40333,1.40409,1.40266,1.40342,1.4035,1.40436,1.40287,1.40367
2025-11-28 06:00:00+00:00,92394,1.40341,1.40438,1.40324,1.40387,1.40365,1.4046,1.40339,1.4041
2025-11-28 10:00:00+00:00,67211,1.40389,1.40507,1.39914,1.39964,1.4041,1.4053,1.39933,1.3998
2025-11-28 14:00:00+00:00,35459,1.39958,1.39981,1.39374,1.39743,1.39977,1.40003,1.39393,1.3976
2025-11-28 18:00:00+00:00,26431,1.39744,1.39814,1.39617,1.39686,1.3976,1.39842,1.39666,1.39836
2025-11-30 22:00:00+00:00,16354,1.39734,1.39795,1.39637,1.39709,1.39853,1.3986,1.39655,1.39728
2025-12-01 02:00:00+00:00,19240,1.3971,1.39891,1.39705,1.39857,1.39728,1.3991,1.39724,1.39876
2025-12-01 06:00:00+00:00,20622,1.39856,1.39908,1.39695,1.39844,1.39876,1.39927,1.39714,1.39863
2025-12-01 10:00:00+00:00,20264,1.39846,1.39866,1.39539,1.39625,1.39864,1.39884,1.39555,1.39641
2025-12-01 14:00:00+00:00,30622,1.39625,1.39845,1.39551,1.39815,1.39642,1.39862,1.3957,1.39834
2025-12-01 18:00:00+00:00,15783,1.39815,1.40012,1.39812,1.39965,1.39832,1.40027,1.39829,1.39988
2025-12-01 22:00:00+00:00,7225,1.39921,1.40069,1.39917,1.40003,1.40016,1.40086,1.3997,1.40022
2025-12-02 02:00:00+00:00,11744,1.40001,1.40023,1.39951,1.3997,1.40021,1.40042,1.39969,1.3999
2025-12-02 06:00:00+00:00,16133,1.39971,1.40092,1.39918,1.40074,1.3999,1.40109,1.39936,1.40091
2025-12-02 10:00:00+00:00,17524,1.40073,1.40139,1.39964,1.39969,1.40091,1.40158,1.39983,1.39988
2025-12-02 14:00:00+00:00,30306,1.39969,1.39978,1.39749,1.39852,1.39987,1.39996,1.39766,1.39871
2025-12-02 18:00:00+00:00,12763,1.39853,1.39863,1.39665,1.39665,1.39871,1.3988,1.39682,1.39689
2025-12-02 22:00:00+00:00,10473,1.39656,1.39748,1.39617,1.39653,1.39724,1.39771,1.39637,1.39671
2025-12-03 02:00:00+00:00,10750,1.39654,1.39738,1.39646,1.39713,1.3967,1.39758,1.39665,1.3973
2025-12-03 06:00:00+00:00,16652,1.39712,1.39727,1.39539,1.39547,1.3973,1.39745,1.39557,1.39562
2025-12-03 10:00:00+00:00,17582,1.39544,1.39545,1.39376,1.39451,1.39561,1.39563,1.39394,1.39469
2025-12-03 14:00:00+00:00,31254,1.39451,1.39688,1.39402,1.39433,1.3947,1.39704,1.39421,1.39452
2025-12-03 18:00:00+00:00,12576,1.39435,1.39544,1.39412,1.39489,1.39452,1.39559,1.39429,1.39515
2025-12-03 22:00:00+00:00,10776,1.39411,1.39623,1.39401,1.39608,1.39561,1.3964,1.39495,1.39627
2025-12-04 02:00:00+00:00,17745,1.39607,1.39679,1.39574,1.39603,1.39627,1.39697,1.39592,1.39622
2025-12-04 06:00:00+00:00,19803,1.39602,1.39705,1.39566,1.39594,1.39622,1.39722,1.39583,1.39613
2025-12-04 10:00:00+00:00,23524,1.39592,1.39767,1.39573,1.3967,1.3961,1.39785,1.3959,1.39688
2025-12-04 14:00:00+00:00,29329,1.3967,1.39679,1.39245,1.39449,1.39689,1.39698,1.39263,1.39468
2025-12-04 18:00:00+00:00,17754,1.39451,1.39597,1.39436,1.39565,1.39468,1.39616,1.39452,1.39589
2025-12-04 22:00:00+00:00,6507,1.3951,1.396,1.39463,1.39503,1.39601,1.39619,1.39518,1.39523
2025-12-05 02:00:00+00:00,7353,1.39503,1.39569,1.39483,1.39487,1.39522,1.39587,1.39499,1.39506
2025-12-05 06:00:00+00:00,13107,1.39487,1.39501,1.39396,1.39429,1.39505,1.3952,1.39412,1.3945
2025-12-05 10:00:00+00:00,18935,1.39429,1.39517,1.38838,1.38866,1.39449,1.39535,1.38857,1.38886
2025-12-05 14:00:00+00:00,30303,1.38867,1.38926,1.3833,1.38344,1.38885,1.38945,1.38346,1.38362
2025-12-05 18:00:00+00:00,15467,1.38342,1.3845,1.38139,1.38139,1.38359,1.38469,1.3819,1.38203
2025-12-07 22:00:00+00:00,12594,1.38248,1.38346,1.38198,1.38235,1.38398,1.3844,1.38229,1.38251
2025-12-08 02:00:00+00:00,8903,1.38233,1.3826,1.38182,1.38195,1.38251,1.38279,1.38202,1.38211
2025-12-08 06:00:00+00:00,15634,1.38195,1.38284,1.38127,1.38234,1.38212,1.38303,1.38147,1.38252
2025-12-08 10:00:00+00:00,16017,1.38233,1.38265,1.37989,1.38093,1.3825,1.38283,1.38009,1.38113
2025-12-08 14:00:00+00:00,27816,1.38093,1.38521,1.37991,1.38411,1.38112,1.38541,1.38011,1.38428
2025-12-08 18:00:00+00:00,12328,1.38408,1.38589,1.38392,1.38566,1.38427,1.38607,1.38411,1.38588
2025-12-08 22:00:00+00:00,8037,1.38508,1.38548,1.38458,1.3848,1.38583,1.38587,1.38476,1.385
2025-12-09 02:00:00+00:00,14435,1.38481,1.38523,1.38436,1.38489,1.385,1.3854,1.38455,1.38508
2025-12-09 06:00:00+00:00,16965,1.3849,1.3857,1.38381,1.38388,1.38508,1.38587,1.38399,1.38406
2025-12-09 10:00:00+00:00,15669,1.38389,1.3849,1.3837,1.38395,1.38406,1.38508,1.38388,1.38412
2025-12-09 14:00:00+00:00,29182,1.38395,1.38569,1.38228,1.38545,1.38411,1.38587,1.38246,1.38562
2025-12-09 18:00:00+00:00,12325,1.38544,1.386,1.38431,1.38441,1.38563,1.38618,1.38448,1.38463
2025-12-09 22:00:00+00:00,10379,1.38402,1.3854,1.38402,1.38536,1.38541,1.38571,1.38449,1.38552
2025-12-10 02:00:00+00:00,12702,1.38536,1.38568,1.38513,1.38527,1.38551,1.38585,1.3853,1.38545
2025-12-10 06:00:00+00:00,16057,1.38526,1.3858,1.38445,1.38549,1.38545,1.38596,1.38465,1.38565
2025-12-10 10:00:00+00:00,18068,1.38551,1.38561,1.38371,1.38439,1.38566,1.38578,1.38389,1.38455
2025-12-10 14:00:00+00:00,27947,1.38438,1.38714,1.3825,1.38298,1.38455,1.38733,1.38267,1.38316
2025-12-10 18:00:00+00:00,42364,1.38302,1.38401,1.3783,1.37928,1.38317,1.38423,1.37848,1.37947
2025-12-10 22:00:00+00:00,11888,1.37898,1.37986,1.37841,1.37941,1.37938,1.38005,1.37857,1.3796
2025-12-11 02:00:00+00:00,17844,1.3794,1.38169,1.37916,1.38121,1.3796,1.38188,1.37933,1.3814
2025-12-11 06:00:00+00:00,20272,1.3812,1.38222,1.38061,1.38066,1.3814,1.3824,1.38079,1.38085
2025-12-11 10:00:00+00:00,21247,1.38064,1.381,1.37802,1.37861,1.38084,1.38119,1.3782,1.37878
2025-12-11 14:00:00+00:00,29641,1.3786,1.37871,1.37561,1.37721,1.37876,1.37889,1.37579,1.37739
2025-12-11 18:00:00+00:00,16407,1.37722,1.37803,1.37662,1.37699,1.37738,1.3782,1.3768,1.37717
2025-12-11 22:00:00+00:00,12271,1.37641,1.37763,1.37641,1.37725,1.37791,1.37864,1.37683,1.37743
2025-12-12 02:00:00+00:00,11121,1.37726,1.37783,1.37702,1.37714,1.37745,1.37803,1.37719,1.37734
2025-12-12 06:00:00+00:00,15524,1.37715,1.37746,1.37543,1.37603,1.37733,1.37765,1.3756,1.3762
2025-12-12 10:00:00+00:00,16209,1.37604,1.3769,1.37536,1.37606,1.37622,1.37708,1.37553,1.37624
2025-12-12 14:00:00+00:00,31391,1.37607,1.37941,1.37527,1.37656,1.37626,1.3796,1.37545,1.37674
2025-12-12 18:00:00+00:00,15001,1.37655,1.37738,1.37595,1.37695,1.37674,1.37757,1.37614,1.37722
2025-12-14 22:00:00+00:00,10416,1.37623,1.37728,1.37586,1.376,1.37773,1.37795,1.37614,1.3762
2025-12-15 02:00:00+00:00,17118,1.376,1.37697,1.37592,1.37641,1.37618,1.37716,1.37611,1.3766
2025-12-15 06:00:00+00:00,16572,1.37643,1.37677,1.3757,1.37646,1.37662,1.37696,1.37587,1.37662
2025-12-15 10:00:00+00:00,16300,1.37648,1.37762,1.3747,1.37681,1.37665,1.37781,1.37489,1.37699
2025-12-15 14:00:00+00:00,29661,1.37681,1.37752,1.37541,1.37743,1.377,1.37772,1.37559,1.37758
2025-12-15 18:00:00+00:00,15670,1.37741,1.37876,1.37661,1.37662,1.37758,1.37896,1.3768,1.37684
2025-12-15 22:00:00+00:00,13138,1.37676,1.37804,1.37651,1.37773,1.3772,1.37824,1.37676,1.37792
2025-12-16 02:00:00+00:00,16360,1.3777,1.37789,1.37641,1.3769,1.3779,1.37809,1.37661,1.3771
2025-12-16 06:00:00+00:00,18132,1.37693,1.37777,1.37631,1.37747,1.37712,1.37794,1.37648,1.37766
2025-12-16 10:00:00+00:00,21782,1.37747,1.37793,1.3737,1.37527,1.37765,1.37811,1.37385,1.37546
2025-12-16 14:00:00+00:00,33896,1.37528,1.3763,1.37291,1.37452,1.37546,1.37649,1.3731,1.3747
2025-12-16 18:00:00+00:00,20153,1.37453,1.37615,1.37367,1.37519,1.3747,1.37631,1.37387,1.37537
2025-12-16 22:00:00+00:00,10569,1.37502,1.37633,1.3749,1.37586,1.37618,1.37651,1.37536,1.37605
2025-12-17 02:00:00+00:00,13885,1.37586,1.37772,1.37584,1.37742,1.37604,1.3779,1.37601,1.3776
2025-12-17 06:00:00+00:00,16079,1.37741,1.37851,1.37706,1.37764,1.37757,1.37867,1.37724,1.37781
2025-12-17 10:00:00+00:00,17138,1.37764,1.3795,1.37732,1.37765,1.37782,1.37968,1.37751,1.37781
2025-12-17 14:00:00+00:00,32134,1.37768,1.37974,1.37614,1.37823,1.37783,1.37991,1.37631,1.37841
2025-12-17 18:00:00+00:00,16969,1.37824,1.37915,1.3775,1.37863,1.37843,1.37933,1.37767,1.3789
2025-12-17 22:00:00+00:00,9074,1.37798,1.37884,1.37775,1.37856,1.37895,1.37913,1.37793,1.37875
2025-12-18 02:00:00+00:00,10566,1.37855,1.37875,1.3776,1.37766,1.37872,1.37894,1.37779,1.37785
2025-12-18 06:00:00+00:00,16158,1.37765,1.37829,1.37674,1.37813,1.37785,1.37846,1.37692,1.37832
2025-12-18 10:00:00+00:00,23827,1.37816,1.37952,1.37621,1.37759,1.37834,1.37971,1.37653,1.37776
2025-12-18 14:00:00+00:00,39835,1.37759,1.37804,1.37553,1.37714,1.37778,1.37823,1.37568,1.37733
2025-12-18 18:00:00+00:00,17939,1.37713,1.37831,1.37653,1.37768,1.3773,1.37851,1.37672,1.37792
2025-12-18 22:00:00+00:00,8275,1.37734,1.37803,1.37693,1.37779,1.37762,1.37829,1.37709,1.37796
2025-12-19 02:00:00+00:00,12421,1.37779,1.37885,1.37746,1.37881,1.37798,1.37903,1.37764,1.37898
2025-12-19 06:00:00+00:00,16874,1.37881,1.37965,1.37853,1.37936,1.37896,1.37982,1.3787,1.37953
2025-12-19 10:00:00+00:00,16266,1.37937,1.38006,1.37797,1.37817,1.37952,1.38024,1.37814,1.37834
2025-12-19 14:00:00+00:00,24848,1.37815,1.37874,1.37543,1.37787,1.37834,1.37891,1.3756,1.37804
2025-12-19 18:00:00+00:00,13578,1.37787,1.3805,1.37724,1.37967,1.37805,1.3808,1.37743,1.38069
2025-12-21 22:00:00+00:00,20025,1.37878,1.38025,1.3787,1.37976,1.38028,1.38107,1.37917,1.37995
2025-12-22 02:00:00+00:00,8289,1.37976,1.3798,1.37913,1.37916,1.37994,1.37998,1.37931,1.37935
2025-12-22 06:00:00+00:00,12961,1.37917,1.37955,1.37689,1.37707,1.37935,1.37972,1.37706,1.37725
2025-12-22 10:00:00+00:00,15712,1.37707,1.37727,1.37543,1.37545,1.37724,1.37745,1.3756,1.37564
2025-12-22 14:00:00+00:00,25150,1.37546,1.37635,1.37351,1.37374,1.37563,1.37654,1.3737,1.37393
2025-12-22 18:00:00+00:00,12225,1.37375,1.37533,1.3735,1.37463,1.37393,1.37549,1.37369,1.3748
2025-12-22 22:00:00+00:00,6814,1.37458,1.37508,1.37382,1.37402,1.3758,1.3759,1.37402,1.37419
2025-12-23 02:00:00+00:00,10108,1.37402,1.37402,1.37325,1.37387,1.37418,1.37419,1.37343,1.37406
2025-12-23 06:00:00+00:00,15619,1.37388,1.37424,1.37041,1.37042,1.37406,1.37442,1.3706,1.3706
2025-12-23 10:00:00+00:00,18279,1.37041,1.37103,1.36875,1.36984,1.3706,1.37123,1.36895,1.37002
2025-12-23 14:00:00+00:00,31265,1.36981,1.37263,1.36952,1.37085,1.36999,1.3728,1.3697,1.37104
2025-12-23 18:00:00+00:00,12990,1.37085,1.37127,1.36852,1.36866,1.37102,1.37143,1.36872,1.36891
2025-12-23 22:00:00+00:00,9382,1.36869,1.36901,1.36764,1.36767,1.3694,1.36956,1.36783,1.36784
2025-12-24 02:00:00+00:00,9868,1.36768,1.36835,1.36738,1.36794,1.36783,1.36854,1.36758,1.36813
2025-12-24 06:00:00+00:00,13462,1.36794,1.36875,1.36717,1.36739,1.36812,1.36894,1.36736,1.36756
2025-12-24 10:00:00+00:00,13454,1.36737,1.36853,1.36654,1.36745,1.36756,1.36873,1.36673,1.36762
2025-12-24 14:00:00+00:00,22898,1.36745,1.36794,1.36643,1.36705,1.36761,1.36812,1.36658,1.36723
2025-12-24 18:00:00+00:00,6087,1.36708,1.36769,1.36666,1.36737,1.36726,1.36847,1.36684,1.36833
2025-12-25 22:00:00+00:00,14300,1.3675,1.36762,1.36673,1.36748,1.369,1.369,1.36706,1.36769
2025-12-26 02:00:00+00:00,9615,1.36747,1.3681,1.36692,1.36747,1.36767,1.3683,1.36712,1.36766
2025-12-26 06:00:00+00:00,21115,1.36744,1.3682,1.36651,1.36817,1.36766,1.36837,1.36671,1.36836
2025-12-26 10:00:00+00:00,18294,1.36818,1.36843,1.36485,1.36537,1.36838,1.36862,1.36502,1.36556
2025-12-26 14:00:00+00:00,28946,1.36536,1.36724,1.36415,1.36677,1.36556,1.36745,1.36436,1.36698
2025-12-26 18:00:00+00:00,21625,1.36677,1.36754,1.36658,1.36667,1.36697,1.36784,1.36679,1.36761
2025-12-28 22:00:00+00:00,10070,1.36574,1.3673,1.36533,1.36614,1.36724,1.36835,1.3663,1.36633
2025-12-29 02:00:00+00:00,10150,1.36614,1.36733,1.36567,1.36731,1.36632,1.36751,1.36585,1.36747
2025-12-29 06:00:00+00:00,19471,1.36733,1.36961,1.36704,1.36867,1.36749,1.36979,1.36724,1.36887
2025-12-29 10:00:00+00:00,17909,1.36868,1.37005,1.36794,1.36866,1.36889,1.37023,1.36812,1.36885
2025-12-29 14:00:00+00:00,29473,1.36866,1.36975,1.36625,1.36901,1.36886,1.36993,1.36641,1.36921
2025-12-29 18:00:00+00:00,13116,1.36901,1.36978,1.36817,1.36877,1.3692,1.36998,1.36834,1.36899
2025-12-29 22:00:00+00:00,6751,1.36868,1.36949,1.36835,1.36835,1.36931,1.36966,1.36855,1.36855
2025-12-30 02:00:00+00:00,9278,1.36835,1.36897,1.36822,1.36859,1.36853,1.36917,1.36841,1.36875
2025-12-30 06:00:00+00:00,13957,1.36858,1.36912,1.36781,1.36841,1.36875,1.36929,1.36799,1.36858
2025-12-30 10:00:00+00:00,17744,1.36839,1.37076,1.36816,1.37032,1.36857,1.37095,1.36834,1.3705
2025-12-30 14:00:00+00:00,25032,1.37033,1.3708,1.3679,1.36854,1.3705,1.37099,1.36807,1.36872
2025-12-30 18:00:00+00:00,11962,1.36854,1.36987,1.36822,1.36956,1.36873,1.37005,1.36841,1.3698
2025-12-30 22:00:00+00:00,6112,1.3693,1.36985,1.36913,1.36954,1.3699,1.37004,1.36933,1.36973
2025-12-31 02:00:00+00:00,9992,1.36953,1.37036,1.3695,1.37008,1.36973,1.37057,1.36967,1.37026
2025-12-31 06:00:00+00:00,15131,1.37007,1.37094,1.36986,1.37022,1.37026,1.37111,1.37004,1.37042
2025-12-31 10:00:00+00:00,17975,1.37021,1.37116,1.36876,1.36971,1.37042,1.37135,1.36895,1.36989
2025-12-31 14:00:00+00:00,34402,1.36972,1.3726,1.36917,1.372,1.36989,1.37281,1.36936,1.37217
2025-12-31 18:00:00+00:00,22212,1.37201,1.37272,1.37136,1.37238,1.37216,1.37295,1.37156,1.37271
2026-01-01 22:00:00+00:00,4223,1.37184,1.37215,1.3706,1.37077,1.37256,1.37287,1.3708,1.37094
2026-01-02 02:00:00+00:00,6523,1.37075,1.37168,1.37038,1.37155,1.37094,1.37189,1.37057,1.37175
2026-01-02 06:00:00+00:00,16509,1.37157,1.37215,1.36997,1.37205,1.37178,1.37234,1.37014,1.37224
2026-01-02 10:00:00+00:00,14519,1.37203,1.37408,1.37167,1.3739,1.37223,1.37426,1.37186,1.37407
2026-01-02 14:00:00+00:00,30383,1.3739,1.37469,1.37202,1.37395,1.37409,1.37484,1.3722,1.37413
2026-01-02 18:00:00+00:00,15968,1.37396,1.3747,1.37261,1.37293,1.37413,1.37488,1.3728,1.3735
2026-01-04 22:00:00+00:00,14154,1.37371,1.37478,1.37339,1.37462,1.37499,1.375,1.37377,1.37478
2026-01-05 02:00:00+00:00,17183,1.37462,1.37769,1.37451,1.37683,1.3748,1.3779,1.37469,1.37698
2026-01-05 06:00:00+00:00,19004,1.37682,1.37881,1.37638,1.37772,1.37699,1.37901,1.37658,1.37789
2026-01-05 10:00:00+00:00,23081,1.37771,1.38145,1.37614,1.37978,1.37789,1.38164,1.37631,1.37998
2026-01-05 14:00:00+00:00,38561,1.37979,1.37993,1.37444,1.37608,1.37998,1.38012,1.37461,1.37626
2026-01-05 18:00:00+00:00,17062,1.37607,1.37731,1.37542,1.37725,1.37626,1.37751,1.3756,1.37742
2026-01-05 22:00:00+00:00,9305,1.37677,1.37755,1.37634,1.37635,1.37744,1.37774,1.37652,1.37654
2026-01-06 02:00:00+00:00,12305,1.37635,1.37693,1.37595,1.37633,1.37653,1.37713,1.37614,1.37653
2026-01-06 06:00:00+00:00,18299,1.37632,1.37695,1.37509,1.37676,1.37651,1.37712,1.37525,1.37695
2026-01-06 10:00:00+00:00,18166,1.37677,1.37846,1.37597,1.37705,1.37694,1.37864,1.37615,1.37722
2026-01-06 14:00:00+00:00,31927,1.37704,1.37959,1.3756,1.37894,1.3772,1.37978,1.37579,1.37913
2026-01-06 18:00:00+00:00,12556,1.37894,1.38163,1.37878,1.38133,1.37914,1.38179,1.37896,1.38159
2026-01-06 22:00:00+00:00,10350,1.38108,1.38243,1.38067,1.38192,1.38148,1.38262,1.38131,1.38212
2026-01-07 02:00:00+00:00,16561,1.38192,1.38196,1.38096,1.38125,1.38213,1.38217,1.38115,1.38144
2026-01-07 06:00:00+00:00,13438,1.38124,1.38263,1.38109,1.3813,1.38144,1.3828,1.38127,1.3815
2026-01-07 10:00:00+00:00,14804,1.38132,1.38137,1.37936,1.37952,1.38151,1.38156,1.37956,1.37969
2026-01-07 14:00:00+00:00,29567,1.37951,1.3832,1.37895,1.38305,1.37969,1.38338,1.37913,1.38322
2026-01-07 18:00:00+00:00,14194,1.38305,1.38608,1.3829,1.38598,1.38324,1.3863,1.38305,1.3862
2026-01-07 22:00:00+00:00,7618,1.3854,1.38655,1.38528,1.38627,1.38618,1.38674,1.38571,1.38644
2026-01-08 02:00:00+00:00,13692,1.38627,1.38695,1.38575,1.38663,1.38645,1.38714,1.38595,1.38682
2026-01-08 06:00:00+00:00,18058,1.38662,1.38876,1.38661,1.38782,1.38682,1.38893,1.38681,1.38798
2026-01-08 10:00:00+00:00,16910,1.38781,1.38812,1.38527,1.38627,1.38798,1.38831,1.38546,1.38645
2026-01-08 14:00:00+00:00,28675,1.38627,1.38748,1.38497,1.38683,1.38646,1.38766,1.38516,1.38698
2026-01-08 18:00:00+00:00,15649,1.38682,1.38761,1.38543,1.38655,1.38699,1.38781,1.38562,1.38674
2026-01-08 22:00:00+00:00,7500,1.38612,1.3872,1.38607,1.38715,1.38647,1.3874,1.38628,1.38734
2026-01-09 02:00:00+00:00,11517,1.38715,1.38754,1.38672,1.38697,1.38733,1.38775,1.3869,1.38716
2026-01-09 06:00:00+00:00,14112,1.38698,1.38783,1.3864,1.38738,1.38715,1.38803,1.38659,1.38756
2026-01-09 10:00:00+00:00,19952,1.38736,1.38883,1.38665,1.38771,1.38756,1.38937,1.38684,1.38788
2026-01-09 14:00:00+00:00,36637,1.3877,1.39055,1.38735,1.39009,1.38789,1.39073,1.38754,1.39025
2026-01-09 18:00:00+00:00,13547,1.39008,1.39194,1.39002,1.39107,1.39025,1.39212,1.39018,1.39182
2026-01-11 22:00:00+00:00,14382,1.39104,1.3917,1.38826,1.38927,1.39199,1.39206,1.38845,1.38947
2026-01-12 02:00:00+00:00,12881,1.38929,1.38982,1.38868,1.38898,1.38947,1.38999,1.38887,1.38918
2026-01-12 06:00:00+00:00,16710,1.38902,1.38928,1.38664,1.38796,1.38922,1.38949,1.38682,1.38816
2026-01-12 10:00:00+00:00,18926,1.38796,1.38837,1.38678,1.387,1.38815,1.38854,1.38695,1.38718
2026-01-12 14:00:00+00:00,25738,1.38702,1.3894,1.38679,1.38717,1.38718,1.38957,1.38698,1.38735
2026-01-12 18:00:00+00:00,12637,1.38717,1.38797,1.38676,1.38795,1.38733,1.38827,1.38693,1.38814
2026-01-12 22:00:00+00:00,9409,1.38713,1.38831,1.38704,1.38794,1.38854,1.38854,1.38753,1.38815
2026-01-13 02:00:00+00:00,8959,1.38795,1.38801,1.38665,1.38708,1.38814,1.38818,1.38685,1.38728
2026-01-13 06:00:00+00:00,13795,1.3871,1.3887,1.38688,1.38752,1.38731,1.38888,1.38706,1.3877
2026-01-13 10:00:00+00:00,18548,1.38751,1.38838,1.38539,1.38703,1.3877,1.38856,1.38563,1.38722
2026-01-13 14:00:00+00:00,32167,1.38704,1.38975,1.38622,1.3894,1.38722,1.38992,1.3864,1.38957
2026-01-13 18:00:00+00:00,15856,1.3894,1.38965,1.38797,1.38898,1.38956,1.38981,1.38815,1.38917
2026-01-13 22:00:00+00:00,7991,1.38862,1.38967,1.38809,1.38946,1.38929,1.38986,1.38868,1.38966
2026-01-14 02:00:00+00:00,11716,1.38945,1.38971,1.38824,1.38862,1.38964,1.38991,1.38842,1.38881
2026-01-14 06:00:00+00:00,14860,1.38862,1.38959,1.38794,1.38911,1.3888,1.38978,1.38813,1.38928
2026-01-14 10:00:00+00:00,16551,1.38911,1.38932,1.38696,1.38782,1.3893,1.38949,1.38717,1.38798
2026-01-14 14:00:00+00:00,33848,1.38781,1.3884,1.38655,1.38776,1.38798,1.38859,1.38673,1.38796
2026-01-14 18:00:00+00:00,17817,1.38778,1.38856,1.38705,1.38826,1.38796,1.38874,1.38722,1.38847
2026-01-14 22:00:00+00:00,8365,1.38772,1.38924,1.38763,1.38885,1.38828,1.38942,1.38794,1.38903
2026-01-15 02:00:00+00:00,8364,1.38889,1.39021,1.38876,1.38995,1.38904,1.3904,1.38895,1.39013
2026-01-15 06:00:00+00:00,12914,1.38996,1.3907,1.38956,1.39041,1.39013,1.3909,1.38976,1.39059
2026-01-15 10:00:00+00:00,14578,1.39043,1.3913,1.38954,1.39103,1.3906,1.39147,1.38971,1.39121
2026-01-15 14:00:00+00:00,24354,1.39103,1.39191,1.38889,1.38964,1.3912,1.39207,1.38908,1.38982
2026-01-15 18:00:00+00:00,15301,1.38965,1.3899,1.38842,1.38935,1.38982,1.39006,1.38859,1.38952
2026-01-15 22:00:00+00:00,11061,1.38874,1.38974,1.38858,1.38948,1.38968,1.38996,1.38886,1.38965
2026-01-16 02:00:00+00:00,12911,1.38947,1.38967,1.38837,1.38909,1.38966,1.38985,1.38855,1.38926
2026-01-16 06:00:00+00:00,16766,1.38909,1.38967,1.38875,1.38943,1.38927,1.38986,1.38894,1.38961
2026-01-16 10:00:00+00:00,19478,1.38943,1.38996,1.38836,1.38989,1.38962,1.39015,1.38854,1.39007
2026-01-16 14:00:00+00:00,33003,1.38991,1.39277,1.38894,1.39239,1.39007,1.39294,1.38912,1.39257
2026-01-16 18:00:00+00:00,14527,1.3924,1.3928,1.39106,1.39124,1.39257,1.39297,1.3915,1.39184
2026-01-18 22:00:00+00:00,16097,1.39061,1.39175,1.38896,1.38962,1.39154,1.39202,1.38915,1.3898
2026-01-19 02:00:00+00:00,15378,1.38961,1.39017,1.38886,1.3892,1.3898,1.39035,1.38906,1.38938
2026-01-19 06:00:00+00:00,19359,1.38923,1.38977,1.38834,1.38857,1.38939,1.38995,1.38853,1.38875
2026-01-19 10:00:00+00:00,15582,1.38856,1.38926,1.38764,1.3883,1.38875,1.38945,1.38786,1.38848
2026-01-19 14:00:00+00:00,15088,1.38832,1.38838,1.38589,1.38657,1.38848,1.38856,1.38606,1.38674
2026-01-19 18:00:00+00:00,3926,1.38658,1.38731,1.38629,1.38686,1.38676,1.38747,1.38647,1.3871
2026-01-19 22:00:00+00:00,11701,1.38629,1.38782,1.38614,1.38679,1.38729,1.38802,1.38676,1.38696
2026-01-20 02:00:00+00:00,11549,1.3868,1.38729,1.38438,1.38517,1.38696,1.38746,1.38457,1.38533
2026-01-20 06:00:00+00:00,26958,1.38518,1.38647,1.38234,1.38268,1.38533,1.38667,1.38251,1.38286
2026-01-20 10:00:00+00:00,30464,1.38265,1.38376,1.38134,1.38273,1.38286,1.38397,1.38153,1.38292
2026-01-20 14:00:00+00:00,36144,1.38272,1.38402,1.38173,1.38305,1.38292,1.3842,1.38191,1.38323
2026-01-20 18:00:00+00:00,17103,1.38305,1.38425,1.38244,1.38356,1.38324,1.38447,1.38262,1.38379
2026-01-20 22:00:00+00:00,10006,1.38344,1.38398,1.38229,1.38256,1.38397,1.38416,1.38247,1.38276
2026-01-21 02:00:00+00:00,11827,1.38256,1.38399,1.38251,1.38361,1.38278,1.38419,1.38268,1.38378
2026-01-21 06:00:00+00:00,18421,1.38361,1.38421,1.38275,1.384,1.38379,1.38439,1.38294,1.3842
2026-01-21 10:00:00+00:00,20875,1.38399,1.38412,1.37903,1.37931,1.38418,1.3843,1.3792,1.37949
2026-01-21 14:00:00+00:00,46498,1.37931,1.3828,1.37844,1.38153,1.37947,1.38298,1.37865,1.38171
2026-01-21 18:00:00+00:00,28999,1.38153,1.38393,1.38152,1.38309,1.3817,1.38412,1.38169,1.38333
2026-01-21 22:00:00+00:00,13685,1.38312,1.38441,1.38255,1.3826,1.38358,1.3846,1.38275,1.38281
2026-01-22 02:00:00+00:00,15132,1.38262,1.38306,1.38158,1.38202,1.38281,1.38323,1.38177,1.38222
2026-01-22 06:00:00+00:00,19284,1.38202,1.38298,1.3814,1.38247,1.38223,1.38316,1.38157,1.38266
2026-01-22 10:00:00+00:00,22269,1.38247,1.38326,1.38029,1.38075,1.38265,1.38344,1.38048,1.38091
2026-01-22 14:00:00+00:00,33584,1.38076,1.38202,1.37836,1.37845,1.38091,1.38223,1.37854,1.37865
2026-01-22 18:00:00+00:00,15236,1.37848,1.37925,1.37822,1.37863,1.37866,1.37942,1.3784,1.37881
2026-01-22 22:00:00+00:00,12600,1.37855,1.3792,1.37811,1.37872,1.37905,1.37938,1.37829,1.37891
2026-01-23 02:00:00+00:00,10557,1.37872,1.37956,1.37828,1.37881,1.3789,1.37976,1.37846,1.379
2026-01-23 06:00:00+00:00,22734,1.37882,1.3799,1.37831,1.37916,1.37902,1.38008,1.37849,1.37933
2026-01-23 10:00:00+00:00,18287,1.37915,1.37951,1.37581,1.37653,1.3793,1.37967,1.376,1.37672
2026-01-23 14:00:00+00:00,32345,1.37655,1.37695,1.37031,1.37126,1.37672,1.37714,1.37049,1.37146
2026-01-23 18:00:00+00:00,24384,1.37127,1.3725,1.3693,1.36984,1.37146,1.3727,1.36951,1.37077
2026-01-25 22:00:00+00:00,23270,1.36977,1.37091,1.36771,1.36835,1.37025,1.37117,1.3679,1.36852
2026-01-26 02:00:00+00:00,16761,1.36834,1.3689,1.36744,1.36801,1.36852,1.36908,1.36764,1.36821
2026-01-26 06:00:00+00:00,27829,1.36801,1.36956,1.36739,1.36761,1.36822,1.36976,1.36755,1.36777
2026-01-26 10:00:00+00:00,23810,1.36759,1.37122,1.36706,1.37025,1.36777,1.37139,1.36725,1.37043
2026-01-26 14:00:00+00:00,38455,1.37025,1.3711,1.36749,1.37026,1.37042,1.37128,1.36765,1.37045
2026-01-26 18:00:00+00:00,23343,1.37026,1.37192,1.36989,1.37075,1.37046,1.37211,1.37006,1.37096
2026-01-26 22:00:00+00:00,12603,1.36998,1.37196,1.36996,1.37176,1.37143,1.37216,1.37083,1.37195
2026-01-27 02:00:00+00:00,13492,1.37177,1.37385,1.37076,1.37341,1.37194,1.37405,1.37095,1.37361
2026-01-27 06:00:00+00:00,17519,1.37343,1.37384,1.37054,1.37071,1.37364,1.37403,1.37076,1.37089
2026-01-27 10:00:00+00:00,27528,1.37072,1.37134,1.36569,1.36704,1.37091,1.37153,1.36587,1.36721
2026-01-27 14:00:00+00:00,47046,1.36704,1.36724,1.35904,1.35975,1.3672,1.36742,1.35923,1.35991
2026-01-27 18:00:00+00:00,44687,1.35974,1.36226,1.35581,1.35757,1.35991,1.36246,1.35598,1.35787
2026-01-27 22:00:00+00:00,22583,1.35715,1.36126,1.35633,1.36114,1.35865,1.36146,1.35776,1.36133
2026-01-28 02:00:00+00:00,20956,1.36115,1.36142,1.35833,1.35842,1.36132,1.36159,1.35852,1.3586
2026-01-28 06:00:00+00:00,32521,1.35842,1.3586,1.35601,1.35636,1.35859,1.35879,1.35618,1.35656
2026-01-28 10:00:00+00:00,27446,1.35636,1.3577,1.35502,1.35571,1.35654,1.35788,1.3552,1.35589
2026-01-28 14:00:00+00:00,60947,1.35571,1.35909,1.35347,1.3573,1.35588,1.35929,1.35367,1.35747
2026-01-28 18:00:00+00:00,41994,1.35731,1.3607,1.35455,1.3558,1.35747,1.36091,1.35472,1.35599
2026-01-28 22:00:00+00:00,20980,1.3554,1.35683,1.35302,1.35507,1.35615,1.35746,1.35321,1.35527
2026-01-29 02:00:00+00:00,22389,1.35508,1.35576,1.35155,1.35253,1.35527,1.35593,1.35171,1.35272
2026-01-29 06:00:00+00:00,30875,1.35253,1.35401,1.35086,1.35342,1.35273,1.3542,1.35105,1.35361
2026-01-29 10:00:00+00:00,32604,1.35342,1.35617,1.3506,1.35192,1.3536,1.35636,1.3508,1.35209
2026-01-29 14:00:00+00:00,99167,1.35188,1.35772,1.3491,1.35144,1.35207,1.3579,1.34928,1.3516
2026-01-29 18:00:00+00:00,37694,1.35145,1.35208,1.3484,1.34883,1.35162,1.35228,1.34859,1.34905
2026-01-29 22:00:00+00:00,22496,1.34866,1.35284,1.34808,1.35278,1.3495,1.35305,1.34827,1.35299
2026-01-30 02:00:00+00:00,32378,1.35279,1.35449,1.35089,1.35162,1.35301,1.35469,1.35108,1.35182
2026-01-30 06:00:00+00:00,42858,1.35162,1.35525,1.35066,1.35444,1.35183,1.35546,1.35083,1.35465
2026-01-30 10:00:00+00:00,50231,1.35445,1.35549,1.34922,1.3545,1.35467,1.35566,1.34942,1.35466
2026-01-30 14:00:00+00:00,80357,1.3545,1.35883,1.35109,1.35824,1.35467,1.359,1.35126,1.35842
2026-01-30 18:00:00+00:00,59152,1.35825,1.36227,1.35705,1.3615,1.35842,1.36269,1.35723,1.36244
2026-02-01 22:00:00+00:00,42207,1.36057,1.3657,1.36044,1.36248,1.36207,1.36591,1.36126,1.36267
2026-02-02 02:00:00+00:00,35992,1.36248,1.36715,1.36186,1.36615,1.36266,1.36731,1.36207,1.36634
2026-02-02 06:00:00+00:00,46523,1.36615,1.36743,1.36261,1.36308,1.36633,1.36762,1.36281,1.36326
2026-02-02 10:00:00+00:00,43834,1.36312,1.36658,1.36241,1.36624,1.36328,1.36675,1.36261,1.36641
2026-02-02 14:00:00+00:00,65887,1.36624,1.36924,1.36365,1.36844,1.36642,1.36942,1.36384,1.36863
2026-02-02 18:00:00+00:00,28390,1.36844,1.37019,1.36668,1.3681,1.36862,1.37037,1.36684,1.3683
2026-02-02 22:00:00+00:00,13204,1.36755,1.36832,1.3658,1.36604,1.36809,1.36848,1.36599,1.36623
2026-02-03 02:00:00+00:00,29639,1.36605,1.36797,1.36541,1.36642,1.36623,1.36815,1.3656,1.36663
2026-02-03 06:00:00+00:00,39185,1.36643,1.36846,1.36506,1.36835,1.36663,1.36866,1.36523,1.36854
2026-02-03 10:00:00+00:00,29692,1.36835,1.36852,1.3646,1.36651,1.36853,1.36867,1.36478,1.3667
2026-02-03 14:00:00+00:00,58491,1.36651,1.36798,1.36352,1.36485,1.36669,1.36816,1.36373,1.36502
2026-02-03 18:00:00+00:00,39879,1.36484,1.36582,1.36316,1.36412,1.36504,1.36601,1.36334,1.36436
2026-02-03 22:00:00+00:00,13550,1.3636,1.36451,1.36324,1.36369,1.36427,1.36469,1.36344,1.36387
2026-02-04 02:00:00+00:00,17148,1.36366,1.36501,1.36314,1.3634,1.36387,1.36518,1.36334,1.36358
2026-02-04 06:00:00+00:00,26872,1.36338,1.36486,1.36279,1.36463,1.36358,1.36506,1.36296,1.36481
2026-02-04 10:00:00+00:00,31645,1.36466,1.36735,1.36433,1.36485,1.36482,1.36754,1.36449,1.36504
2026-02-04 14:00:00+00:00,61034,1.36485,1.36825,1.36479,1.36717,1.36503,1.36845,1.36495,1.36732
2026-02-04 18:00:00+00:00,29364,1.36716,1.36835,1.3657,1.36624,1.36732,1.36853,1.36589,1.36649
2026-02-04 22:00:00+00:00,11970,1.36566,1.36711,1.36551,1.36669,1.36703,1.36731,1.36614,1.36689
2026-02-05 02:00:00+00:00,29023,1.36669,1.36923,1.36656,1.36837,1.36687,1.36944,1.36676,1.36854
2026-02-05 06:00:00+00:00,28609,1.36836,1.36994,1.3676,1.36988,1.36852,1.37013,1.3678,1.37007
2026-02-05 10:00:00+00:00,36363,1.36987,1.36997,1.36616,1.36672,1.37007,1.37015,1.36634,1.3669
2026-02-05 14:00:00+00:00,60856,1.3667,1.36932,1.36517,1.36731,1.3669,1.36949,1.36533,1.36749
2026-02-05 18:00:00+00:00,22949,1.36733,1.371,1.36689,1.37095,1.36751,1.37128,1.36707,1.37122
2026-02-05 22:00:00+00:00,21131,1.36999,1.37239,1.36941,1.37035,1.37149,1.37258,1.37025,1.37053
2026-02-06 02:00:00+00:00,19273,1.37035,1.37046,1.36879,1.36897,1.37054,1.37063,1.36896,1.36914
2026-02-06 06:00:00+00:00,24521,1.36899,1.36941,1.36771,1.36823,1.36916,1.36958,1.36788,1.36841
2026-02-06 10:00:00+00:00,21950,1.36824,1.36901,1.36458,1.36559,1.36843,1.36919,1.36486,1.36576
2026-02-06 14:00:00+00:00,35029,1.36561,1.36572,1.36237,1.36436,1.36577,1.36589,1.36254,1.36455
2026-02-06 18:00:00+00:00,17719,1.36437,1.36752,1.36391,1.36691,1.36455,1.36828,1.36408,1.36794
2026-02-08 22:00:00+00:00,16482,1.36699,1.3673,1.36501,1.36593,1.36781,1.36797,1.36521,1.3661
2026-02-09 02:00:00+00:00,12893,1.36595,1.36668,1.36517,1.36545,1.36611,1.36685,1.36536,1.36564
2026-02-09 06:00:00+00:00,26521,1.36543,1.36571,1.36326,1.36434,1.36562,1.3659,1.36344,1.36453
2026-02-09 10:00:00+00:00,26062,1.36433,1.36549,1.36013,1.36026,1.36453,1.36568,1.36034,1.36042
2026-02-09 14:00:00+00:00,34152,1.36026,1.36076,1.35667,1.35698,1.36043,1.36094,1.35683,1.35715
2026-02-09 18:00:00+00:00,16378,1.35697,1.35744,1.3552,1.35548,1.35715,1.35763,1.35537,1.35586
2026-02-09 22:00:00+00:00,11187,1.3556,1.35675,1.35514,1.3558,1.3571,1.35779,1.35578,1.35598
2026-02-10 02:00:00+00:00,11120,1.35581,1.35581,1.35475,1.35561,1.35598,1.356,1.35494,1.35579
2026-02-10 06:00:00+00:00,16934,1.35562,1.3568,1.35533,1.35634,1.35579,1.35697,1.35551,1.35653
2026-02-10 10:00:00+00:00,18934,1.35634,1.35758,1.35477,1.35481,1.35651,1.35777,1.35494,1.355
2026-02-10 14:00:00+00:00,33861,1.35482,1.35534,1.35224,1.35422,1.35497,1.35552,1.35241,1.35438
2026-02-10 18:00:00+00:00,17044,1.35423,1.35573,1.35408,1.35524,1.35438,1.35592,1.35425,1.35546
2026-02-10 22:00:00+00:00,13833,1.35464,1.35549,1.35388,1.35389,1.35614,1.35614,1.35407,1.35409
2026-02-11 02:00:00+00:00,13509,1.3539,1.3539,1.35164,1.35202,1.35409,1.3541,1.35181,1.35223
2026-02-11 06:00:00+00:00,17529,1.35202,1.35311,1.35083,1.35108,1.35221,1.35328,1.351,1.35125
2026-02-11 10:00:00+00:00,38730,1.35108,1.36065,1.35036,1.35827,1.35127,1.36086,1.35052,1.35846
2026-02-11 14:00:00+00:00,60724,1.3583,1.36184,1.35509,1.35547,1.35849,1.36201,1.35528,1.35564
2026-02-11 18:00:00+00:00,19433,1.35545,1.35838,1.35497,1.35747,1.35561,1.35856,1.35513,1.35777
2026-02-11 22:00:00+00:00,11258,1.35662,1.35842,1.35662,1.35682,1.35812,1.35858,1.35694,1.35702
2026-02-12 02:00:00+00:00,14206,1.35683,1.35855,1.35642,1.35792,1.35702,1.35873,1.35659,1.35812
2026-02-12 06:00:00+00:00,21409,1.35793,1.35959,1.35624,1.35636,1.35812,1.35976,1.35643,1.35652
2026-02-12 10:00:00+00:00,19328,1.35635,1.35815,1.35547,1.35661,1.35652,1.35834,1.35563,1.3568
2026-02-12 14:00:00+00:00,55022,1.3566,1.3635,1.35584,1.36248,1.3568,1.36367,1.35603,1.36268
2026-02-12 18:00:00+00:00,26869,1.36248,1.36338,1.36052,1.36089,1.36266,1.36353,1.36072,1.36111
2026-02-12 22:00:00+00:00,11052,1.36084,1.36164,1.36058,1.36134,1.36214,1.36253,1.36088,1.36153
2026-02-13 02:00:00+00:00,12534,1.36135,1.36263,1.36098,1.36244,1.36153,1.36284,1.36117,1.36265
2026-02-13 06:00:00+00:00,20977,1.36244,1.36369,1.35967,1.36039,1.36263,1.36387,1.35983,1.3606
2026-02-13 10:00:00+00:00,28310,1.36039,1.36351,1.35992,1.36013,1.36059,1.36374,1.36012,1.3603
2026-02-13 14:00:00+00:00,49414,1.36012,1.36356,1.35926,1.36036,1.3603,1.36375,1.35945,1.36054
2026-02-13 18:00:00+00:00,17327,1.36036,1.36251,1.3598,1.36144,1.36053,1.3627,1.35998,1.36211
2026-02-15 22:00:00+00:00,11189,1.36022,1.36241,1.3602,1.36138,1.3617,1.3627,1.36126,1.36159
2026-02-16 02:00:00+00:00,10296,1.36138,1.36185,1.36095,1.3616,1.36157,1.36204,1.36114,1.36179
2026-02-16 06:00:00+00:00,15948,1.36164,1.36193,1.36027,1.36179,1.36182,1.36211,1.36044,1.36198
2026-02-16 10:00:00+00:00,13282,1.36179,1.36325,1.36087,1.36257,1.36199,1.36342,1.36107,1.36276
2026-02-16 14:00:00+00:00,13109,1.3626,1.36379,1.36181,1.36376,1.36279,1.36398,1.36199,1.36391
2026-02-16 18:00:00+00:00,2583,1.36375,1.36379,1.3633,1.3636,1.36391,1.36399,1.36349,1.36387
2026-02-16 22:00:00+00:00,7780,1.36268,1.36434,1.36263,1.36418,1.36402,1.36454,1.36353,1.36438
2026-02-17 02:00:00+00:00,10833,1.36419,1.36472,1.36362,1.36399,1.3644,1.36495,1.3638,1.36419
2026-02-17 06:00:00+00:00,14868,1.36398,1.36524,1.36372,1.3643,1.36419,1.36541,1.36392,1.36451
2026-02-17 10:00:00+00:00,19592,1.36431,1.36709,1.36361,1.36707,1.3645,1.36729,1.36379,1.36722
2026-02-17 14:00:00+00:00,47754,1.36706,1.36921,1.36453,1.36477,1.36722,1.36941,1.36472,1.36495
2026-02-17 18:00:00+00:00,17303,1.36476,1.36499,1.36321,1.36353,1.36495,1.36518,1.36337,1.36377
2026-02-17 22:00:00+00:00,9609,1.36337,1.36473,1.3631,1.3645,1.36396,1.36494,1.36334,1.36467
2026-02-18 02:00:00+00:00,8953,1.36449,1.3654,1.36434,1.36517,1.36467,1.36559,1.36453,1.36538
2026-02-18 06:00:00+00:00,12076,1.36518,1.36677,1.36485,1.36548,1.36538,1.36695,1.36505,1.36568
2026-02-18 10:00:00+00:00,14645,1.3655,1.3668,1.36365,1.36675,1.36568,1.36698,1.36383,1.36694
2026-02-18 14:00:00+00:00,29121,1.36675,1.36869,1.36587,1.36791,1.36695,1.36889,1.36604,1.3681
2026-02-18 18:00:00+00:00,19267,1.36791,1.36997,1.36767,1.36943,1.36809,1.37015,1.36788,1.36967
2026-02-18 22:00:00+00:00,7466,1.3691,1.37003,1.36879,1.36887,1.36989,1.37024,1.36904,1.36908
2026-02-19 02:00:00+00:00,8445,1.36887,1.37037,1.36859,1.37009,1.36907,1.37057,1.3688,1.37029
2026-02-19 06:00:00+00:00,14486,1.37011,1.37018,1.36706,1.36729,1.37029,1.37037,1.36725,1.36748
2026-02-19 10:00:00+00:00,19894,1.36729,1.37059,1.36667,1.3685,1.36749,1.37078,1.36689,1.36869
2026-02-19 14:00:00+00:00,43217,1.36852,1.37142,1.3675,1.36956,1.36869,1.37158,1.36768,1.36971
2026-02-19 18:00:00+00:00,17498,1.36955,1.37066,1.36793,1.36805,1.36971,1.37084,1.36812,1.36829
2026-02-19 22:00:00+00:00,10929,1.36795,1.37016,1.36774,1.36968,1.36826,1.37034,1.36806,1.36987
2026-02-20 02:00:00+00:00,11345,1.36969,1.37022,1.36832,1.36852,1.36987,1.3704,1.36854,1.36872
2026-02-20 06:00:00+00:00,22008,1.36853,1.37021,1.36801,1.36887,1.36871,1.37038,1.36819,1.36906
2026-02-20 10:00:00+00:00,21387,1.36886,1.36976,1.36795,1.36884,1.36902,1.36995,1.36824,1.36902
2026-02-20 14:00:00+00:00,71622,1.36884,1.37103,1.36685,1.36855,1.36904,1.37121,1.36707,1.36875
2026-02-20 18:00:00+00:00,32387,1.36854,1.36925,1.36683,1.36789,1.36873,1.36945,1.36704,1.36863
2026-02-22 22:00:00+00:00,17410,1.36692,1.36796,1.36478,1.36635,1.36842,1.3685,1.36496,1.36654
2026-02-23 02:00:00+00:00,15948,1.36636,1.36737,1.36595,1.36685,1.36657,1.36756,1.36617,1.36705
2026-02-23 06:00:00+00:00,16948,1.36685,1.36728,1.36612,1.36697,1.36704,1.36748,1.36631,1.36717
2026-02-23 10:00:00+00:00,21074,1.36697,1.36995,1.36697,1.36775,1.36716,1.37013,1.36716,1.36793
2026-02-23 14:00:00+00:00,42930,1.36776,1.36959,1.36667,1.36893,1.36793,1.36979,1.36685,1.36912
2026-02-23 18:00:00+00:00,15005,1.36894,1.37036,1.36867,1.36957,1.36911,1.37053,1.36885,1.36993
2026-02-23 22:00:00+00:00,12504,1.3689,1.37167,1.36877,1.37052,1.37019,1.37188,1.36927,1.37073
2026-02-24 02:00:00+00:00,11127,1.37053,1.3709,1.36956,1.36983,1.37073,1.37109,1.36974,1.37001
2026-02-24 06:00:00+00:00,21143,1.36983,1.37075,1.36953,1.36972,1.37002,1.37093,1.36972,1.36992
2026-02-24 10:00:00+00:00,16705,1.36972,1.37168,1.36953,1.37133,1.36991,1.37186,1.36971,1.37152
2026-02-24 14:00:00+00:00,27752,1.37134,1.37242,1.37,1.37044,1.37152,1.37261,1.37018,1.37063
2026-02-24 18:00:00+00:00,11115,1.37047,1.37059,1.36937,1.36982,1.37064,1.37078,1.36954,1.37005
2026-02-24 22:00:00+00:00,11010,1.36925,1.3705,1.36914,1.36985,1.37075,1.37087,1.36942,1.37005
2026-02-25 02:00:00+00:00,18947,1.36985,1.36989,1.36751,1.36764,1.37006,1.3701,1.36769,1.36784
2026-02-25 06:00:00+00:00,14938,1.36767,1.36964,1.36733,1.36915,1.36788,1.36983,1.36752,1.36932
2026-02-25 10:00:00+00:00,17641,1.36912,1.3706,1.36838,1.36996,1.36932,1.37078,1.36857,1.37014
2026-02-25 14:00:00+00:00,28366,1.36999,1.3704,1.36739,1.36831,1.37014,1.37058,1.36757,1.36849
2026-02-25 18:00:00+00:00,11768,1.36831,1.36852,1.36726,1.36731,1.36848,1.36869,1.36746,1.36763
2026-02-25 22:00:00+00:00,11247,1.36737,1.36762,1.36607,1.36613,1.36848,1.36858,1.36625,1.36634
2026-02-26 02:00:00+00:00,13315,1.36614,1.36747,1.36582,1.36648,1.36633,1.36766,1.36602,1.36669
2026-02-26 06:00:00+00:00,19336,1.36648,1.36781,1.36587,1.36769,1.36668,1.368,1.36607,1.36787
2026-02-26 10:00:00+00:00,15126,1.36769,1.36907,1.36714,1.36867,1.36788,1.36926,1.36733,1.36885
2026-02-26 14:00:00+00:00,37996,1.36866,1.37117,1.36787,1.36985,1.36885,1.37135,1.36804,1.37
2026-02-26 18:00:00+00:00,13842,1.36984,1.3702,1.36772,1.36804,1.37,1.3704,1.36791,1.36826
2026-02-26 22:00:00+00:00,10687,1.36721,1.36814,1.36721,1.36792,1.36871,1.36893,1.36744,1.36809
2026-02-27 02:00:00+00:00,10940,1.36792,1.36792,1.36621,1.36632,1.36807,1.36807,1.3664,1.36652
2026-02-27 06:00:00+00:00,15304,1.3663,1.36769,1.36613,1.36684,1.36649,1.36787,1.36632,1.36702
2026-02-27 10:00:00+00:00,19857,1.36683,1.3684,1.36619,1.36737,1.36702,1.36859,1.36638,1.36754
2026-02-27 14:00:00+00:00,40799,1.36735,1.36745,1.36244,1.36295,1.36754,1.36763,1.36261,1.36313
2026-02-27 18:00:00+00:00,15601,1.36293,1.3651,1.36248,1.36363,1.3631,1.36536,1.36267,1.36465
2026-03-01 22:00:00+00:00,33256,1.36476,1.3673,1.36317,1.36458,1.36594,1.36748,1.3641,1.36477
2026-03-02 02:00:00+00:00,20698,1.36458,1.36586,1.36399,1.36583,1.36476,1.36606,1.36419,1.36602
2026-03-02 06:00:00+00:00,36283,1.36583,1.3686,1.36411,1.36519,1.36601,1.36879,1.3643,1.36539
2026-03-02 10:00:00+00:00,30055,1.36519,1.36846,1.36399,1.36831,1.36538,1.36866,1.36418,1.3685
2026-03-02 14:00:00+00:00,50335,1.36832,1.37181,1.36644,1.37014,1.3685,1.37198,1.36662,1.37033
2026-03-02 18:00:00+00:00,28776,1.37014,1.37109,1.36593,1.36754,1.37032,1.37128,1.3661,1.36803
2026-03-02 22:00:00+00:00,18962,1.36722,1.36761,1.36602,1.36684,1.36843,1.36844,1.36622,1.36702
2026-03-03 02:00:00+00:00,27575,1.36684,1.36793,1.36594,1.36753,1.36703,1.36811,1.36614,1.36772
2026-03-03 06:00:00+00:00,40982,1.36753,1.371,1.36665,1.36992,1.36771,1.37118,1.36682,1.37014
2026-03-03 10:00:00+00:00,47770,1.36991,1.37213,1.36817,1.37074,1.37014,1.37234,1.36834,1.37092
2026-03-03 14:00:00+00:00,94728,1.37073,1.37521,1.36581,1.36755,1.37092,1.3754,1.36601,1.36775
2026-03-03 18:00:00+00:00,40940,1.36755,1.3685,1.36525,1.36763,1.36774,1.36874,1.36544,1.36799
2026-03-03 22:00:00+00:00,21394,1.36673,1.36992,1.36673,1.36885,1.36797,1.37013,1.36726,1.36906
2026-03-04 02:00:00+00:00,29361,1.36885,1.36942,1.36763,1.36883,1.36907,1.36963,1.36785,1.36903
2026-03-04 06:00:00+00:00,34328,1.36886,1.36944,1.36473,1.36748,1.36903,1.36963,1.36494,1.36766
2026-03-04 10:00:00+00:00,41921,1.36746,1.36782,1.36432,1.36707,1.36767,1.368,1.36453,1.36723
2026-03-04 14:00:00+00:00,47573,1.36708,1.36898,1.36504,1.36629,1.36725,1.36916,1.36523,1.36647
2026-03-04 18:00:00+00:00,18444,1.36628,1.36724,1.36262,1.36419,1.36644,1.36742,1.36281,1.36464
2026-03-04 22:00:00+00:00,16916,1.3636,1.36462,1.36295,1.36442,1.3651,1.36525,1.36316,1.36463
2026-03-05 02:00:00+00:00,20819,1.36443,1.36632,1.36392,1.36628,1.36463,1.36652,1.36412,1.36647
2026-03-05 06:00:00+00:00,47346,1.36627,1.36698,1.36267,1.36458,1.36649,1.36717,1.36286,1.36476
2026-03-05 10:00:00+00:00,29808,1.36458,1.36499,1.36139,1.36474,1.36475,1.36518,1.36156,1.36492
2026-03-05 14:00:00+00:00,60406,1.36477,1.37155,1.36338,1.37005,1.36494,1.37173,1.36356,1.37025
2026-03-05 18:00:00+00:00,41552,1.37007,1.37045,1.36645,1.3674,1.37025,1.37063,1.36662,1.36762
2026-03-05 22:00:00+00:00,15862,1.36694,1.36764,1.36555,1.36568,1.36819,1.36827,1.36576,1.36589
2026-03-06 02:00:00+00:00,13419,1.36568,1.36641,1.36525,1.36633,1.36588,1.3666,1.36545,1.36654
2026-03-06 06:00:00+00:00,26740,1.36633,1.36719,1.36438,1.36687,1.36653,1.36739,1.36457,1.36708
2026-03-06 10:00:00+00:00,41881,1.36686,1.3671,1.36257,1.36479,1.3671,1.36731,1.36296,1.365
2026-03-06 14:00:00+00:00,77107,1.36479,1.36736,1.35943,1.35981,1.36497,1.36755,1.35961,1.35997
2026-03-06 18:00:00+00:00,36981,1.35982,1.36006,1.35591,1.35597,1.35997,1.36023,1.35675,1.3571
2026-03-08 21:00:00+00:00,24974,1.3599,1.3606,1.35509,1.35982,1.36028,1.36124,1.35577,1.36002
2026-03-09 01:00:00+00:00,36311,1.35982,1.36053,1.35503,1.3552,1.36003,1.36073,1.35522,1.35537
2026-03-09 05:00:00+00:00,52107,1.35518,1.35807,1.35443,1.35738,1.35537,1.35824,1.35464,1.35754
2026-03-09 09:00:00+00:00,46172,1.35736,1.35778,1.35248,1.35676,1.35753,1.35798,1.35265,1.35694
2026-03-09 13:00:00+00:00,63895,1.35676,1.35899,1.35522,1.35697,1.35695,1.35916,1.35541,1.35716
2026-03-09 17:00:00+00:00,42787,1.35694,1.35977,1.35593,1.35841,1.35714,1.35999,1.35612,1.35892
2026-03-09 21:00:00+00:00,14548,1.35798,1.35941,1.35714,1.35906,1.35912,1.35961,1.35742,1.35924
2026-03-10 01:00:00+00:00,22296,1.35904,1.36006,1.35882,1.35887,1.35924,1.36027,1.359,1.35907
2026-03-10 05:00:00+00:00,25422,1.35886,1.3592,1.35649,1.35833,1.35907,1.3594,1.35666,1.35849
2026-03-10 09:00:00+00:00,35663,1.35832,1.35849,1.35414,1.35487,1.35852,1.35869,1.35432,1.35507
2026-03-10 13:00:00+00:00,44247,1.35488,1.35793,1.35455,1.357,1.35507,1.35812,1.35474,1.35715
2026-03-10 17:00:00+00:00,45426,1.35697,1.35848,1.3565,1.35789,1.35713,1.35868,1.3567,1.35812
2026-03-10 21:00:00+00:00,10569,1.3578,1.35846,1.35703,1.35781,1.35822,1.35867,1.3577,1.358
2026-03-11 01:00:00+00:00,23845,1.35782,1.358,1.35545,1.35583,1.358,1.35822,1.35565,1.35603
2026-03-11 05:00:00+00:00,35446,1.35582,1.35726,1.35538,1.35635,1.35603,1.35745,1.3556,1.35651
2026-03-11 09:00:00+00:00,34265,1.35633,1.35924,1.35595,1.35914,1.35649,1.35945,1.35613,1.35933
2026-03-11 13:00:00+00:00,47078,1.35914,1.36044,1.35727,1.35829,1.3593,1.36061,1.35746,1.35846
2026-03-11 17:00:00+00:00,26472,1.35831,1.35948,1.3574,1.35906,1.35846,1.35966,1.35757,1.35929
2026-03-11 21:00:00+00:00,13592,1.35919,1.3604,1.35826,1.35866,1.3596,1.36058,1.35873,1.35884
2026-03-12 01:00:00+00:00,29740,1.35866,1.35924,1.35775,1.35914,1.35886,1.35943,1.35795,1.35932
2026-03-12 05:00:00+00:00,31723,1.35911,1.35935,1.35758,1.35868,1.35931,1.35956,1.35777,1.35887
2026-03-12 09:00:00+00:00,23073,1.35868,1.36037,1.35832,1.36,1.35888,1.36056,1.35848,1.36017
2026-03-12 13:00:00+00:00,55629,1.35999,1.36331,1.35937,1.36274,1.36017,1.36349,1.35953,1.36291
2026-03-12 17:00:00+00:00,26903,1.36276,1.3642,1.36182,1.36363,1.36293,1.36438,1.36201,1.36394
2026-03-12 21:00:00+00:00,11079,1.36371,1.36448,1.36219,1.36254,1.36449,1.36473,1.3624,1.36274
2026-03-13 01:00:00+00:00,34480,1.36255,1.36462,1.36202,1.36441,1.36273,1.36482,1.36222,1.36462
2026-03-13 05:00:00+00:00,26705,1.36441,1.36711,1.36422,1.36628,1.36459,1.36729,1.3644,1.36644
2026-03-13 09:00:00+00:00,34500,1.3663,1.37028,1.36541,1.37013,1.36647,1.37045,1.36559,1.37034
2026-03-13 13:00:00+00:00,53790,1.37017,1.37408,1.36799,1.37328,1.37034,1.37427,1.36818,1.37347
2026-03-13 17:00:00+00:00,29422,1.37327,1.37381,1.37178,1.3719,1.37347,1.37398,1.37195,1.37221
2026-03-15 21:00:00+00:00,14787,1.37179,1.37261,1.37054,1.37062,1.37329,1.37365,1.37074,1.37082
2026-03-16 01:00:00+00:00,16021,1.37062,1.37161,1.37039,1.3716,1.37083,1.37183,1.37058,1.37182
2026-03-16 05:00:00+00:00,20877,1.37161,1.37222,1.36973,1.36978,1.37182,1.37242,1.3699,1.36994
2026-03-16 09:00:00+00:00,23627,1.36978,1.37036,1.3673,1.36914,1.36995,1.37055,1.36748,1.36933
2026-03-16 13:00:00+00:00,36532,1.36912,1.36912,1.36521,1.36779,1.3693,1.3693,1.3654,1.36797
2026-03-16 17:00:00+00:00,24089,1.36778,1.36861,1.36682,1.36845,1.36797,1.3688,1.367,1.36867
2026-03-16 21:00:00+00:00,6324,1.36846,1.36899,1.36772,1.36857,1.36889,1.36926,1.3683,1.36877
2026-03-17 01:00:00+00:00,14421,1.36856,1.36892,1.36788,1.36839,1.36877,1.36912,1.36807,1.36858
2026-03-17 05:00:00+00:00,20083,1.36839,1.37005,1.36824,1.36885,1.3686,1.37026,1.36844,1.36903
2026-03-17 09:00:00+00:00,18407,1.36885,1.3709,1.36858,1.37019,1.36902,1.37108,1.36875,1.37039
2026-03-17 13:00:00+00:00,34164,1.37019,1.37221,1.36796,1.36998,1.37038,1.37238,1.36814,1.37016
2026-03-17 17:00:00+00:00,13288,1.36999,1.37008,1.3688,1.3689,1.37016,1.37024,1.369,1.3692
2026-03-17 21:00:00+00:00,12035,1.36896,1.3696,1.36861,1.36919,1.36948,1.36978,1.3689,1.36935
2026-03-18 01:00:00+00:00,12977,1.36921,1.3701,1.36865,1.36996,1.36936,1.37029,1.36884,1.37013
2026-03-18 05:00:00+00:00,15252,1.36996,1.37119,1.36945,1.36961,1.37015,1.37139,1.36962,1.36976
2026-03-18 09:00:00+00:00,26604,1.3696,1.37076,1.36872,1.37075,1.36976,1.37095,1.36891,1.37095
2026-03-18 13:00:00+00:00,38779,1.37075,1.37233,1.3687,1.36971,1.37092,1.37255,1.36886,1.3699
2026-03-18 17:00:00+00:00,27933,1.36972,1.37368,1.36883,1.37312,1.3699,1.37388,1.36934,1.37337
2026-03-18 21:00:00+00:00,10444,1.37306,1.37374,1.37185,1.37189,1.37379,1.37395,1.37208,1.37209
2026-03-19 01:00:00+00:00,17098,1.37189,1.37291,1.37133,1.3727,1.37208,1.37309,1.37151,1.37288
2026-03-19 05:00:00+00:00,23410,1.37271,1.37466,1.37206,1.37436,1.37288,1.37486,1.37224,1.37457
2026-03-19 09:00:00+00:00,31910,1.37436,1.37477,1.37253,1.37254,1.37456,1.37495,1.37273,1.37273
2026-03-19 13:00:00+00:00,71792,1.37254,1.37396,1.37049,1.37275,1.37272,1.37415,1.3707,1.37294
2026-03-19 17:00:00+00:00,32054,1.37276,1.37442,1.37038,1.37385,1.37294,1.37464,1.37057,1.37409
2026-03-19 21:00:00+00:00,9831,1.37341,1.3742,1.37297,1.37367,1.37394,1.37441,1.37335,1.37388
2026-03-20 01:00:00+00:00,15810,1.37367,1.37388,1.37241,1.37313,1.37389,1.37406,1.37261,1.37333
2026-03-20 05:00:00+00:00,22007,1.37312,1.37401,1.37121,1.37156,1.37333,1.37419,1.37141,1.37173
2026-03-20 09:00:00+00:00,28715,1.37156,1.37281,1.36988,1.37135,1.37174,1.37301,1.37006,1.37152
2026-03-20 13:00:00+00:00,45753,1.37134,1.37471,1.37032,1.37136,1.3715,1.37489,1.3705,1.37153
2026-03-20 17:00:00+00:00,35746,1.37135,1.37278,1.37034,1.37183,1.37154,1.37298,1.37053,1.37287
2026-03-22 21:00:00+00:00,18099,1.37108,1.37317,1.37041,1.37195,1.37258,1.37341,1.37061,1.37216
2026-03-23 01:00:00+00:00,26257,1.37196,1.37197,1.37001,1.37155,1.37216,1.37218,1.37018,1.37172
2026-03-23 05:00:00+00:00,30256,1.37157,1.37384,1.37141,1.37335,1.37173,1.37405,1.37162,1.37354
2026-03-23 09:00:00+00:00,97842,1.37335,1.37541,1.36826,1.36964,1.37353,1.37561,1.36846,1.36982
2026-03-23 13:00:00+00:00,80466,1.36962,1.37285,1.36688,1.37234,1.36978,1.37303,1.36706,1.37252
2026-03-23 17:00:00+00:00,30371,1.37234,1.3735,1.37126,1.37262,1.37249,1.37368,1.37143,1.37288
2026-03-23 21:00:00+00:00,15307,1.37199,1.37421,1.37158,1.37415,1.37349,1.3744,1.37234,1.37434
2026-03-24 01:00:00+00:00,24645,1.37415,1.37586,1.37387,1.37562,1.37435,1.37605,1.37407,1.37577
2026-03-24 05:00:00+00:00,43280,1.37561,1.37608,1.37245,1.37469,1.37577,1.37627,1.37266,1.37489
2026-03-24 09:00:00+00:00,32476,1.37468,1.37561,1.37278,1.37431,1.37489,1.37576,1.37295,1.37451
2026-03-24 13:00:00+00:00,60206,1.37433,1.3774,1.37289,1.37719,1.37453,1.37758,1.37308,1.37736
2026-03-24 17:00:00+00:00,41135,1.37719,1.37847,1.37406,1.37638,1.37737,1.37865,1.37427,1.37668
2026-03-24 21:00:00+00:00,15923,1.3759,1.3766,1.37494,1.37555,1.37669,1.37722,1.37511,1.37574
2026-03-25 01:00:00+00:00,20935,1.37554,1.37737,1.37536,1.3772,1.37574,1.37757,1.37556,1.37738
2026-03-25 05:00:00+00:00,23050,1.37719,1.37867,1.37706,1.37864,1.37738,1.37884,1.37726,1.37881
2026-03-25 09:00:00+00:00,22071,1.37863,1.37997,1.3784,1.37851,1.37879,1.38016,1.37858,1.37868
2026-03-25 13:00:00+00:00,35721,1.37849,1.38089,1.37718,1.38083,1.37867,1.38107,1.37736,1.38101
2026-03-25 17:00:00+00:00,19907,1.38084,1.3819,1.37987,1.38103,1.38101,1.38209,1.38003,1.3813
2026-03-25 21:00:00+00:00,7358,1.38036,1.3824,1.37996,1.3822,1.38117,1.38261,1.38101,1.3824
2026-03-26 01:00:00+00:00,15224,1.38223,1.3831,1.3816,1.38197,1.38241,1.3833,1.3818,1.38216
2026-03-26 05:00:00+00:00,21014,1.38196,1.38377,1.38167,1.38311,1.38214,1.38395,1.38185,1.38327
2026-03-26 09:00:00+00:00,18697,1.38314,1.3849,1.38238,1.38348,1.38331,1.38507,1.38256,1.38364
2026-03-26 13:00:00+00:00,34530,1.38343,1.38571,1.38204,1.38426,1.38361,1.38588,1.38223,1.38443
2026-03-26 17:00:00+00:00,23569,1.38426,1.38651,1.38351,1.38586,1.38445,1.38669,1.38374,1.3862
2026-03-26 21:00:00+00:00,12771,1.38567,1.38612,1.38442,1.38579,1.38638,1.38667,1.38464,1.38596
2026-03-27 01:00:00+00:00,17681,1.38578,1.386,1.38442,1.38511,1.38596,1.38619,1.38464,1.3853
2026-03-27 05:00:00+00:00,16786,1.38514,1.38555,1.38451,1.38506,1.3853,1.38574,1.38472,1.38524
2026-03-27 09:00:00+00:00,18904,1.38508,1.38698,1.38461,1.38676,1.38527,1.38716,1.38479,1.38695
2026-03-27 13:00:00+00:00,35126,1.38677,1.38836,1.38499,1.38796,1.38694,1.38851,1.38517,1.38817
2026-03-27 17:00:00+00:00,17703,1.38796,1.38949,1.38751,1.3892,1.38815,1.3897,1.38772,1.38961
2026-03-29 21:00:00+00:00,20232,1.38784,1.39023,1.38781,1.38861,1.38881,1.39043,1.38879,1.38882
2026-03-30 01:00:00+00:00,18404,1.38862,1.38946,1.3885,1.38926,1.38882,1.38965,1.38869,1.38947
2026-03-30 05:00:00+00:00,18271,1.38926,1.39182,1.38851,1.39175,1.38946,1.39201,1.38872,1.39194
2026-03-30 09:00:00+00:00,19054,1.39175,1.39255,1.39063,1.3925,1.39193,1.39275,1.39083,1.39267
2026-03-30 13:00:00+00:00,32686,1.3925,1.39447,1.3914,1.39232,1.39265,1.39464,1.39158,1.39251
2026-03-30 17:00:00+00:00,19007,1.39231,1.39304,1.3916,1.39234,1.39251,1.39324,1.3918,1.39263
2026-03-30 21:00:00+00:00,15460,1.39175,1.39349,1.39148,1.39213,1.39292,1.39371,1.39223,1.39231
2026-03-31 01:00:00+00:00,31046,1.39216,1.39315,1.39155,1.39302,1.39233,1.39334,1.39176,1.39322
2026-03-31 05:00:00+00:00,21653,1.39302,1.39413,1.39252,1.39393,1.39323,1.3943,1.3927,1.39413
2026-03-31 09:00:00+00:00,21630,1.39391,1.39444,1.39303,1.3939,1.39413,1.3946,1.39323,1.39408
2026-03-31 13:00:00+00:00,48114,1.3939,1.39661,1.39232,1.39336,1.39409,1.39679,1.39252,1.39355
2026-03-31 17:00:00+00:00,31084,1.39336,1.3939,1.39049,1.3913,1.39354,1.39408,1.39067,1.39159
2026-03-31 21:00:00+00:00,9376,1.39083,1.39176,1.38961,1.38978,1.39147,1.39201,1.38979,1.38998
2026-04-01 01:00:00+00:00,21036,1.38978,1.39112,1.38973,1.39085,1.38999,1.39131,1.38992,1.39105
2026-04-01 05:00:00+00:00,27732,1.39082,1.39108,1.38858,1.38892,1.39104,1.39126,1.38877,1.38912
2026-04-01 09:00:00+00:00,22462,1.38889,1.38981,1.38828,1.38945,1.3891,1.39002,1.38849,1.38963
2026-04-01 13:00:00+00:00,38990,1.38943,1.39039,1.3873,1.38743,1.3896,1.39058,1.38746,1.3876
2026-04-01 17:00:00+00:00,20844,1.38741,1.38951,1.38713,1.38727,1.38759,1.38969,1.38729,1.38757
2026-04-01 21:00:00+00:00,23387,1.38714,1.38787,1.38697,1.38717,1.38764,1.38833,1.38719,1.38737
2026-04-02 01:00:00+00:00,40595,1.38717,1.39141,1.38681,1.39106,1.38739,1.39162,1.38703,1.39125
2026-04-02 05:00:00+00:00,24578,1.39106,1.39209,1.39055,1.39198,1.39124,1.39229,1.39071,1.39216
2026-04-02 09:00:00+00:00,16667,1.39198,1.39327,1.39059,1.39181,1.39218,1.39346,1.39078,1.39196
2026-04-02 13:00:00+00:00,37798,1.39178,1.39257,1.39079,1.39131,1.39196,1.39276,1.391,1.39148
2026-04-02 17:00:00+00:00,14553,1.39132,1.39219,1.39091,1.39188,1.3915,1.39238,1.39109,1.3922
2026-04-02 21:00:00+00:00,3727,1.39123,1.39216,1.39068,1.39201,1.39258,1.39275,1.39164,1.3922
2026-04-03 01:00:00+00:00,4870,1.392,1.39249,1.39196,1.39241,1.3922,1.39271,1.39215,1.39263
2026-04-03 05:00:00+00:00,4981,1.39241,1.39261,1.39177,1.39188,1.39262,1.39282,1.39196,1.39209
2026-04-03 09:00:00+00:00,9411,1.39191,1.39417,1.39169,1.39392,1.39211,1.39508,1.3919,1.39409
2026-04-03 13:00:00+00:00,13577,1.39392,1.39484,1.39341,1.39415,1.39411,1.39507,1.3936,1.39436
2026-04-03 17:00:00+00:00,15118,1.39415,1.39471,1.39297,1.39411,1.39438,1.39521,1.39421,1.39516
2026-04-05 21:00:00+00:00,10799,1.39293,1.39472,1.39285,1.39438,1.39443,1.39493,1.39406,1.39456
2026-04-06 01:00:00+00:00,17541,1.39436,1.3947,1.39348,1.39371,1.39453,1.3949,1.39366,1.39391
2026-04-06 05:00:00+00:00,16777,1.3937,1.39418,1.39151,1.39211,1.39391,1.39436,1.3917,1.3923
2026-04-06 09:00:00+00:00,16529,1.39212,1.39282,1.39085,1.39105,1.39233,1.39304,1.39104,1.39126
2026-04-06 13:00:00+00:00,30917,1.39106,1.3923,1.39014,1.39164,1.39126,1.3925,1.39034,1.39183
2026-04-06 17:00:00+00:00,19823,1.39163,1.39228,1.39071,1.39071,1.39183,1.39251,1.39107,1.39121
2026-04-06 21:00:00+00:00,9390,1.39033,1.39182,1.39002,1.39181,1.39183,1.39204,1.3909,1.39199
2026-04-07 01:00:00+00:00,18357,1.39181,1.39291,1.39144,1.39168,1.39198,1.39313,1.39164,1.39189
2026-04-07 05:00:00+00:00,26994,1.39168,1.39259,1.39082,1.39097,1.39187,1.39277,1.39103,1.39118
2026-04-07 09:00:00+00:00,20899,1.39097,1.39284,1.39056,1.39138,1.39117,1.39302,1.39071,1.39156
2026-04-07 13:00:00+00:00,30086,1.39139,1.39246,1.38902,1.39009,1.39154,1.39265,1.38919,1.39029
2026-04-07 17:00:00+00:00,20742,1.3901,1.39049,1.38844,1.38844,1.39028,1.39069,1.3887,1.38871
2026-04-07 21:00:00+00:00,43927,1.38823,1.38992,1.38334,1.38484,1.38934,1.39017,1.38357,1.38504
2026-04-08 01:00:00+00:00,29810,1.38483,1.38494,1.38312,1.38335,1.38505,1.38513,1.38332,1.38354
2026-04-08 05:00:00+00:00,29643,1.38335,1.38654,1.38228,1.38653,1.38356,1.38676,1.38249,1.38674
2026-04-08 09:00:00+00:00,23154,1.38655,1.3874,1.38344,1.38408,1.38675,1.38759,1.38362,1.38425
2026-04-08 13:00:00+00:00,37555,1.38407,1.38687,1.38388,1.38414,1.38425,1.38706,1.38405,1.38432
2026-04-08 17:00:00+00:00,25911,1.38411,1.38602,1.38346,1.3844,1.3843,1.38619,1.38366,1.38464
2026-04-08 21:00:00+00:00,10872,1.38374,1.38549,1.38338,1.38525,1.38524,1.38567,1.38454,1.38546
2026-04-09 01:00:00+00:00,13786,1.38526,1.38586,1.38439,1.38483,1.38548,1.38606,1.38461,1.38504
2026-04-09 05:00:00+00:00,17414,1.38483,1.38598,1.38445,1.38487,1.38503,1.38618,1.38465,1.38505
2026-04-09 09:00:00+00:00,16180,1.3849,1.38565,1.38296,1.38338,1.38507,1.38584,1.38317,1.38357
2026-04-09 13:00:00+00:00,35244,1.3834,1.38342,1.38038,1.38165,1.38357,1.38361,1.38057,1.38184
2026-04-09 17:00:00+00:00,16692,1.38166,1.38238,1.38082,1.3815,1.38183,1.38256,1.38101,1.38203
2026-04-09 21:00:00+00:00,7828,1.38109,1.38261,1.38096,1.38236,1.38206,1.3828,1.38165,1.38257
2026-04-10 01:00:00+00:00,10174,1.38236,1.38268,1.38174,1.38242,1.38256,1.38288,1.38195,1.38262
2026-04-10 05:00:00+00:00,11559,1.38242,1.38434,1.38226,1.38365,1.38261,1.38453,1.38244,1.38383
2026-04-10 09:00:00+00:00,19681,1.38364,1.38408,1.38061,1.38194,1.38383,1.38426,1.38135,1.38212
2026-04-10 13:00:00+00:00,24828,1.38195,1.38381,1.37981,1.38333,1.38211,1.38397,1.38001,1.38351
2026-04-10 17:00:00+00:00,15083,1.38331,1.38422,1.38209,1.38392,1.38351,1.38486,1.38228,1.3847
2026-04-12 21:00:00+00:00,15536,1.38611,1.3877,1.3853,1.38617,1.38677,1.3879,1.38631,1.38639
2026-04-13 01:00:00+00:00,17265,1.38617,1.38666,1.38568,1.38589,1.38638,1.38686,1.38588,1.38604
2026-04-13 05:00:00+00:00,19867,1.38588,1.38628,1.38412,1.38417,1.38604,1.38648,1.38432,1.38436
2026-04-13 09:00:00+00:00,17049,1.38416,1.38513,1.38337,1.38414,1.38434,1.38532,1.38356,1.38432
2026-04-13 13:00:00+00:00,30981,1.38414,1.38419,1.37962,1.37968,1.38434,1.38435,1.37979,1.37986
2026-04-13 17:00:00+00:00,15653,1.37967,1.37988,1.37853,1.37923,1.37986,1.38004,1.37872,1.37948
2026-04-13 21:00:00+00:00,8890,1.37866,1.37889,1.37844,1.37851,1.37981,1.37985,1.37862,1.37868
2026-04-14 01:00:00+00:00,9915,1.37851,1.37893,1.37805,1.37822,1.37869,1.37909,1.37827,1.37841
2026-04-14 05:00:00+00:00,18476,1.37821,1.37879,1.37606,1.37623,1.37841,1.37898,1.37625,1.37643
2026-04-14 09:00:00+00:00,17944,1.37623,1.37657,1.37362,1.37364,1.37642,1.37678,1.3738,1.37382
2026-04-14 13:00:00+00:00,29821,1.37365,1.37625,1.37302,1.37608,1.37382,1.37644,1.3732,1.37626
2026-04-14 17:00:00+00:00,14470,1.37609,1.37777,1.37561,1.37655,1.37626,1.37794,1.3758,1.37686
2026-04-14 21:00:00+00:00,8168,1.37649,1.37698,1.37581,1.37666,1.37726,1.37737,1.37611,1.37686
2026-04-15 01:00:00+00:00,11263,1.37667,1.37815,1.37639,1.37745,1.37686,1.37835,1.37659,1.37763
2026-04-15 05:00:00+00:00,15100,1.37743,1.37755,1.376,1.37654,1.37763,1.37775,1.37619,1.37672
2026-04-15 09:00:00+00:00,19819,1.37654,1.37876,1.37642,1.37737,1.37673,1.37896,1.37662,1.37756
2026-04-15 13:00:00+00:00,29628,1.37736,1.37753,1.37328,1.37334,1.37756,1.37772,1.37346,1.37354
2026-04-15 17:00:00+00:00,14005,1.37336,1.3742,1.3726,1.37401,1.37353,1.37444,1.37278,1.37438
2026-04-15 21:00:00+00:00,8027,1.37323,1.3739,1.37277,1.37278,1.37427,1.37455,1.37294,1.37297
2026-04-16 01:00:00+00:00,17306,1.37279,1.37336,1.37123,1.37179,1.37297,1.37356,1.3714,1.37199
2026-04-16 05:00:00+00:00,20042,1.37179,1.37336,1.37135,1.37276,1.37198,1.37356,1.37154,1.37296
2026-04-16 09:00:00+00:00,18371,1.37276,1.37374,1.37194,1.37224,1.37294,1.37393,1.37213,1.37242
2026-04-16 13:00:00+00:00,30189,1.37224,1.37243,1.37009,1.37022,1.37243,1.37261,1.37028,1.3704
2026-04-16 17:00:00+00:00,16205,1.37022,1.37081,1.36946,1.37021,1.37039,1.37099,1.36963,1.37049
2026-04-16 21:00:00+00:00,6473,1.36996,1.37065,1.36971,1.37,1.37098,1.37121,1.36992,1.3702
2026-04-17 01:00:00+00:00,8725,1.37001,1.37029,1.36868,1.3687,1.37019,1.37046,1.36888,1.36889
2026-04-17 05:00:00+00:00,14271,1.36869,1.3688,1.36692,1.36718,1.36889,1.36899,1.36712,1.36738
2026-04-17 09:00:00+00:00,18457,1.3672,1.36832,1.36594,1.36601,1.36738,1.36849,1.36613,1.36621
2026-04-17 13:00:00+00:00,44624,1.36599,1.36754,1.36483,1.3667,1.3662,1.36773,1.36504,1.3669
2026-04-17 17:00:00+00:00,23224,1.36672,1.36941,1.3667,1.36884,1.3669,1.36991,1.36689,1.36985
2026-04-19 21:00:00+00:00,12785,1.36788,1.37089,1.36784,1.36941,1.36938,1.3711,1.36909,1.36961
2026-04-20 01:00:00+00:00,14118,1.3694,1.37016,1.36917,1.36939,1.36962,1.37035,1.36936,1.3696
2026-04-20 05:00:00+00:00,18394,1.3694,1.37025,1.36865,1.36925,1.36959,1.37043,1.36882,1.36943
2026-04-20 09:00:00+00:00,15750,1.36924,1.37,1.36821,1.36913,1.36943,1.37019,1.3684,1.36932
2026-04-20 13:00:00+00:00,29135,1.36909,1.36979,1.36391,1.36442,1.36929,1.36998,1.36408,1.36461
2026-04-20 17:00:00+00:00,13640,1.36442,1.36501,1.3634,1.36434,1.3646,1.36521,1.36359,1.36459
2026-04-20 21:00:00+00:00,10942,1.36416,1.36504,1.36377,1.36424,1.36566,1.36571,1.36397,1.36444
2026-04-21 01:00:00+00:00,10139,1.36424,1.36505,1.36402,1.36474,1.36443,1.36524,1.36422,1.36491
2026-04-21 05:00:00+00:00,16063,1.36474,1.3663,1.36424,1.36568,1.3649,1.36649,1.36443,1.36587
2026-04-21 09:00:00+00:00,14766,1.36567,1.36615,1.36502,1.36502,1.36587,1.36636,1.36521,1.36522
2026-04-21 13:00:00+00:00,28239,1.36503,1.36584,1.36303,1.36582,1.36522,1.366,1.3632,1.36598
2026-04-21 17:00:00+00:00,39327,1.36582,1.36761,1.36486,1.36596,1.36597,1.36779,1.36507,1.36643
2026-04-21 21:00:00+00:00,9810,1.36621,1.36638,1.36533,1.36556,1.3667,1.36698,1.36552,1.36574
2026-04-22 01:00:00+00:00,11875,1.36554,1.36627,1.36551,1.36559,1.36574,1.36647,1.3657,1.36576
2026-04-22 05:00:00+00:00,15976,1.36558,1.36602,1.36425,1.36462,1.36576,1.36622,1.36443,1.36481
2026-04-22 09:00:00+00:00,15889,1.3646,1.36716,1.3644,1.36673,1.36481,1.36735,1.36458,1.3669
2026-04-22 13:00:00+00:00,25916,1.36672,1.36686,1.36455,1.36569,1.3669,1.36705,1.36474,1.36586
2026-04-22 17:00:00+00:00,14033,1.36571,1.3674,1.36537,1.36708,1.36587,1.36758,1.36555,1.36732
2026-04-22 21:00:00+00:00,13945,1.3665,1.36788,1.36633,1.36648,1.36739,1.36807,1.36653,1.36666
2026-04-23 01:00:00+00:00,20919,1.36649,1.3676,1.36641,1.36706,1.36666,1.36779,1.36659,1.36723
2026-04-23 05:00:00+00:00,18066,1.36706,1.36736,1.36595,1.36629,1.36724,1.36754,1.36613,1.36649
2026-04-23 09:00:00+00:00,19248,1.36632,1.36838,1.36617,1.36793,1.3665,1.36855,1.36634,1.36812
2026-04-23 13:00:00+00:00,26233,1.36793,1.36946,1.36663,1.36928,1.36811,1.36965,1.36682,1.36946
2026-04-23 17:00:00+00:00,32575,1.36926,1.37137,1.36885,1.36979,1.36942,1.37155,1.36902,1.37001
2026-04-23 21:00:00+00:00,9022,1.37017,1.37036,1.36904,1.36975,1.37056,1.37073,1.36974,1.36994
2026-04-24 01:00:00+00:00,13167,1.36976,1.37137,1.36958,1.3709,1.36993,1.37157,1.36977,1.3711
2026-04-24 05:00:00+00:00,15614,1.37089,1.37129,1.3686,1.36885,1.3711,1.37149,1.36879,1.36903
2026-04-24 09:00:00+00:00,19801,1.36885,1.36911,1.36774,1.36803,1.36904,1.36931,1.36793,1.36822
2026-04-24 13:00:00+00:00,28747,1.36803,1.36987,1.36718,1.36732,1.36823,1.37006,1.36736,1.3675
2026-04-24 17:00:00+00:00,15804,1.36731,1.36736,1.36621,1.36645,1.36747,1.36755,1.36641,1.36739
2026-04-26 21:00:00+00:00,9529,1.36668,1.36803,1.36662,1.36691,1.36818,1.369,1.36701,1.3671
2026-04-27 01:00:00+00:00,13992,1.36691,1.36691,1.36601,1.36633,1.36709,1.36709,1.36621,1.36653
2026-04-27 05:00:00+00:00,15102,1.36634,1.36666,1.36098,1.36161,1.36653,1.36685,1.36114,1.36177
2026-04-27 09:00:00+00:00,15808,1.3616,1.36171,1.35968,1.36018,1.36177,1.3619,1.35985,1.36036
2026-04-27 13:00:00+00:00,22881,1.36018,1.36215,1.35978,1.36167,1.36035,1.36232,1.35996,1.36184
2026-04-27 17:00:00+00:00,11707,1.36167,1.36352,1.36143,1.36256,1.36185,1.36371,1.3616,1.36277
2026-04-27 21:00:00+00:00,6656,1.3619,1.36261,1.36121,1.36241,1.3634,1.36344,1.3614,1.36259
2026-04-28 01:00:00+00:00,13575,1.36243,1.36398,1.36238,1.36325,1.36259,1.36418,1.36258,1.36342
2026-04-28 05:00:00+00:00,20389,1.36324,1.36478,1.36293,1.36462,1.36342,1.36497,1.36312,1.3648
2026-04-28 09:00:00+00:00,23536,1.3646,1.3679,1.36443,1.36738,1.3648,1.36808,1.36461,1.36757
2026-04-28 13:00:00+00:00,30356,1.36738,1.36907,1.36631,1.36805,1.36758,1.36924,1.36648,1.36823
2026-04-28 17:00:00+00:00,15390,1.36806,1.36873,1.36733,1.36826,1.36823,1.3689,1.3675,1.36859
2026-04-28 21:00:00+00:00,5745,1.36736,1.3682,1.36707,1.36801,1.36865,1.36868,1.36774,1.3682
2026-04-29 01:00:00+00:00,14935,1.36802,1.36887,1.36779,1.36852,1.3682,1.36907,1.36796,1.36872
2026-04-29 05:00:00+00:00,17264,1.3685,1.36915,1.36751,1.36837,1.36871,1.36934,1.36773,1.36856
2026-04-29 09:00:00+00:00,15020,1.36839,1.36924,1.36724,1.36762,1.36856,1.36944,1.3674,1.36781
2026-04-29 13:00:00+00:00,35030,1.36762,1.371,1.36666,1.3675,1.3678,1.37122,1.36683,1.36765
2026-04-29 17:00:00+00:00,28726,1.3675,1.36911,1.36721,1.36825,1.36766,1.36929,1.36752,1.3685
2026-04-29 21:00:00+00:00,11999,1.3685,1.3685,1.36663,1.36749,1.36942,1.36951,1.36682,1.36767
2026-04-30 01:00:00+00:00,20374,1.36749,1.36881,1.36735,1.36852,1.36769,1.369,1.36751,1.36873
2026-04-30 05:00:00+00:00,22575,1.3685,1.3688,1.36633,1.36702,1.3687,1.369,1.36652,1.36721
2026-04-30 09:00:00+00:00,35095,1.36704,1.36757,1.36464,1.36703,1.36721,1.36775,1.36483,1.36721
2026-04-30 13:00:00+00:00,40144,1.36703,1.36708,1.36029,1.36116,1.36722,1.36724,1.36045,1.36133
2026-04-30 17:00:00+00:00,21087,1.36116,1.36148,1.35794,1.35809,1.36134,1.36165,1.3581,1.35834
2026-04-30 21:00:00+00:00,10132,1.35799,1.35837,1.35713,1.35788,1.35885,1.35902,1.35734,1.35807
2026-05-01 01:00:00+00:00,12651,1.35792,1.3586,1.3572,1.35858,1.35814,1.3588,1.35736,1.35876
2026-05-01 05:00:00+00:00,18982,1.35859,1.35874,1.35694,1.35718,1.35876,1.35893,1.35714,1.35739
2026-05-01 09:00:00+00:00,18374,1.35717,1.35798,1.35492,1.35632,1.35737,1.35816,1.3551,1.35651
2026-05-01 13:00:00+00:00,31170,1.35633,1.35873,1.35534,1.35872,1.35651,1.35893,1.35553,1.35889
2026-05-01 17:00:00+00:00,21484,1.35872,1.35927,1.35833,1.3588,1.35891,1.3599,1.3585,1.35977
2026-05-03 21:00:00+00:00,7715,1.35807,1.35889,1.35725,1.35875,1.35957,1.35974,1.35818,1.35893
2026-05-04 01:00:00+00:00,17346,1.35875,1.35951,1.35832,1.35892,1.35894,1.35971,1.35849,1.35912
2026-05-04 05:00:00+00:00,16953,1.35893,1.3607,1.3587,1.36008,1.35912,1.3609,1.35889,1.36024
2026-05-04 09:00:00+00:00,23537,1.36007,1.36186,1.35972,1.36163,1.36024,1.36206,1.35988,1.36181
2026-05-04 13:00:00+00:00,36471,1.36163,1.36188,1.36004,1.3615,1.36182,1.36207,1.36022,1.36168
2026-05-04 17:00:00+00:00,17023,1.3615,1.36254,1.36029,1.36235,1.3617,1.36273,1.36047,1.36257
2026-05-04 21:00:00+00:00,7316,1.36191,1.36265,1.36156,1.36253,1.36284,1.36286,1.36188,1.36272
2026-05-05 01:00:00+00:00,11013,1.36253,1.36277,1.36181,1.36273,1.36273,1.36297,1.36201,1.36293
2026-05-05 05:00:00+00:00,17603,1.36273,1.36294,1.36108,1.36165,1.36294,1.36314,1.36127,1.36183
2026-05-05 09:00:00+00:00,17714,1.36166,1.36264,1.36035,1.3622,1.36186,1.36283,1.36053,1.36237
2026-05-05 13:00:00+00:00,22626,1.36221,1.36222,1.36058,1.36194,1.36236,1.36237,1.36075,1.36212
2026-05-05 17:00:00+00:00,12405,1.36194,1.36257,1.36154,1.36191,1.36211,1.36276,1.36171,1.36215
2026-05-05 21:00:00+00:00,16737,1.36138,1.36209,1.35952,1.35965,1.36188,1.36262,1.35973,1.35984
2026-05-06 01:00:00+00:00,22111,1.35968,1.36026,1.35823,1.35865,1.35984,1.36047,1.35842,1.35884
2026-05-06 05:00:00+00:00,24933,1.35868,1.35986,1.35771,1.35843,1.35886,1.36005,1.35791,1.35865
2026-05-06 09:00:00+00:00,28509,1.35846,1.3613,1.35824,1.361,1.35866,1.36149,1.35843,1.36119
2026-05-06 13:00:00+00:00,31302,1.36102,1.36351,1.36062,1.36338,1.36122,1.3637,1.36081,1.36356
2026-05-06 17:00:00+00:00,13752,1.3634,1.36407,1.3628,1.36326,1.36358,1.36426,1.363,1.36347
2026-05-06 21:00:00+00:00,8721,1.3624,1.36411,1.36229,1.36375,1.3639,1.3643,1.36326,1.36395
2026-05-07 01:00:00+00:00,11065,1.36375,1.36413,1.3627,1.36346,1.36394,1.36434,1.36289,1.36365
2026-05-07 05:00:00+00:00,17194,1.36347,1.36429,1.36225,1.3625,1.36365,1.36448,1.36244,1.36267
2026-05-07 09:00:00+00:00,15687,1.36252,1.3635,1.36194,1.36337,1.3627,1.36368,1.36211,1.36355
2026-05-07 13:00:00+00:00,26144,1.3634,1.36443,1.36278,1.36306,1.36356,1.3646,1.36295,1.36322
2026-05-07 17:00:00+00:00,22077,1.36305,1.36645,1.36258,1.36637,1.36323,1.3667,1.36275,1.36662
2026-05-07 21:00:00+00:00,10428,1.36553,1.36639,1.36516,1.3659,1.36646,1.36673,1.36577,1.36609
2026-05-08 01:00:00+00:00,13361,1.3659,1.36634,1.36538,1.36551,1.36606,1.36653,1.36557,1.36569
2026-05-08 05:00:00+00:00,16732,1.3655,1.36586,1.36492,1.36506,1.36569,1.36604,1.3651,1.36521
2026-05-08 09:00:00+00:00,17909,1.36504,1.36922,1.36419,1.36897,1.36521,1.36941,1.36436,1.36915
2026-05-08 13:00:00+00:00,27096,1.36899,1.37096,1.36764,1.36887,1.36915,1.37113,1.3678,1.36904
2026-05-08 17:00:00+00:00,14971,1.36889,1.36891,1.36693,1.3674,1.36907,1.36908,1.3672,1.36787
2026-05-10 21:00:00+00:00,10454,1.36816,1.36905,1.36719,1.36828,1.3691,1.36948,1.36801,1.36843
2026-05-11 01:00:00+00:00,14031,1.36826,1.36941,1.36816,1.36933,1.36843,1.36961,1.36834,1.36951
2026-05-11 05:00:00+00:00,16461,1.36933,1.36935,1.3666,1.36687,1.3695,1.36954,1.36678,1.36704
2026-05-11 09:00:00+00:00,15814,1.36685,1.36818,1.36601,1.36664,1.36704,1.36837,1.36618,1.36681
2026-05-11 13:00:00+00:00,21688,1.36663,1.36693,1.36473,1.36634,1.36681,1.36712,1.36491,1.36651
2026-05-11 17:00:00+00:00,13195,1.36633,1.36812,1.36617,1.3677,1.36651,1.36828,1.36634,1.36795
2026-05-11 21:00:00+00:00,8869,1.36702,1.36878,1.36683,1.36875,1.36828,1.36898,1.3673,1.36892
2026-05-12 01:00:00+00:00,14436,1.36875,1.36938,1.36862,1.36919,1.36893,1.36955,1.36879,1.36938
2026-05-12 05:00:00+00:00,20323,1.36919,1.3709,1.3683,1.37042,1.36939,1.37107,1.36849,1.37057
2026-05-12 09:00:00+00:00,18408,1.3704,1.37117,1.36995,1.37006,1.37057,1.37136,1.37014,1.37025
2026-05-12 13:00:00+00:00,31021,1.37006,1.37237,1.36978,1.37126,1.37024,1.37256,1.36996,1.37142
2026-05-12 17:00:00+00:00,15140,1.37129,1.37153,1.3692,1.36958,1.37146,1.3717,1.36945,1.36981
2026-05-12 21:00:00+00:00,7571,1.36924,1.36987,1.36914,1.36941,1.37011,1.37036,1.36948,1.36958
2026-05-13 01:00:00+00:00,12708,1.36939,1.36974,1.36834,1.36939,1.36958,1.36991,1.36852,1.36958
2026-05-13 05:00:00+00:00,16152,1.36941,1.37099,1.36929,1.36989,1.36958,1.37118,1.36947,1.37008
2026-05-13 09:00:00+00:00,17401,1.36987,1.37078,1.36889,1.36954,1.37008,1.37097,1.36906,1.36972
2026-05-13 13:00:00+00:00,26348,1.36954,1.37116,1.36916,1.37048,1.36971,1.37133,1.36933,1.37063
2026-05-13 17:00:00+00:00,14370,1.37047,1.37179,1.37015,1.37054,1.37065,1.37196,1.37034,1.37075
2026-05-13 21:00:00+00:00,8043,1.37012,1.37071,1.36998,1.37048,1.37162,1.37163,1.37027,1.37066
2026-05-14 01:00:00+00:00,14304,1.37049,1.37087,1.37015,1.3704,1.37066,1.37104,1.37032,1.37057
2026-05-14 05:00:00+00:00,15267,1.37038,1.37152,1.37008,1.37047,1.37057,1.37169,1.37025,1.37064
2026-05-14 09:00:00+00:00,13780,1.37049,1.37268,1.37035,1.37241,1.37066,1.37286,1.37051,1.37258
2026-05-14 13:00:00+00:00,24702,1.37241,1.3737,1.37126,1.37216,1.37259,1.37389,1.37145,1.37232
2026-05-14 17:00:00+00:00,16420,1.37215,1.37296,1.37169,1.37192,1.37232,1.37314,1.37189,1.37211
2026-05-14 21:00:00+00:00,8283,1.37199,1.37365,1.37143,1.37346,1.37252,1.37384,1.37165,1.37364
2026-05-15 01:00:00+00:00,14535,1.37347,1.37462,1.37343,1.37453,1.37367,1.37481,1.37363,1.37469
2026-05-15 05:00:00+00:00,24868,1.37454,1.37566,1.37384,1.37473,1.37469,1.37586,1.37401,1.37489
2026-05-15 09:00:00+00:00,22516,1.3747,1.37589,1.37339,1.37531,1.37486,1.37608,1.37358,1.37548
2026-05-15 13:00:00+00:00,33041,1.37531,1.37665,1.37323,1.37342,1.37547,1.37682,1.37341,1.37361
2026-05-15 17:00:00+00:00,16227,1.37345,1.37578,1.37301,1.37469,1.37363,1.37596,1.37319,1.37521
2026-05-17 21:00:00+00:00,13703,1.37422,1.37629,1.37418,1.376,1.37572,1.37649,1.37506,1.37617
2026-05-18 01:00:00+00:00,18494,1.376,1.37623,1.3749,1.37528,1.37618,1.3764,1.3751,1.37548
2026-05-18 05:00:00+00:00,19760,1.37526,1.37553,1.37325,1.37365,1.37545,1.37571,1.37345,1.3738
2026-05-18 09:00:00+00:00,19355,1.37365,1.3753,1.37316,1.37386,1.37381,1.37548,1.37333,1.37404
2026-05-18 13:00:00+00:00,29376,1.37385,1.37511,1.37337,1.37405,1.37404,1.37528,1.37354,1.37423
2026-05-18 17:00:00+00:00,19461,1.37407,1.37499,1.37349,1.37384,1.37426,1.37517,1.37368,1.37409
2026-05-18 21:00:00+00:00,9363,1.37311,1.37475,1.37303,1.37472,1.37461,1.37495,1.37374,1.3749
2026-05-19 01:00:00+00:00,20847,1.37472,1.37524,1.37428,1.37515,1.37491,1.37541,1.37446,1.37532
2026-05-19 05:00:00+00:00,18100,1.37515,1.37598,1.37423,1.37595,1.37534,1.37616,1.37442,1.37613
2026-05-19 09:00:00+00:00,19107,1.37597,1.37734,1.37429,1.37646,1.37614,1.37749,1.37446,1.37665
2026-05-19 13:00:00+00:00,30793,1.37649,1.37714,1.3746,1.37482,1.37665,1.3773,1.37478,1.37501
2026-05-19 17:00:00+00:00,16582,1.37482,1.37527,1.37426,1.37434,1.375,1.37547,1.37445,1.37456
2026-05-19 21:00:00+00:00,10182,1.37415,1.37576,1.37412,1.37569,1.37472,1.37595,1.37431,1.37588
2026-05-20 01:00:00+00:00,21422,1.37572,1.37602,1.37507,1.37585,1.37591,1.37618,1.37527,1.37605
2026-05-20 05:00:00+00:00,18100,1.37585,1.37719,1.37552,1.37717,1.37604,1.37738,1.37571,1.37738
2026-05-20 09:00:00+00:00,13991,1.37718,1.37778,1.37519,1.37611,1.37738,1.37797,1.37538,1.37628
2026-05-20 13:00:00+00:00,39490,1.37612,1.37754,1.37302,1.3747,1.37628,1.37772,1.37319,1.37487
2026-05-20 17:00:00+00:00,18106,1.37469,1.37553,1.37395,1.37442,1.37487,1.37573,1.37414,1.37465
2026-05-20 21:00:00+00:00,7403,1.3736,1.37509,1.37301,1.37486,1.37503,1.37527,1.3745,1.37505
2026-05-21 01:00:00+00:00,15034,1.37485,1.37659,1.3745,1.3762,1.37505,1.37676,1.37469,1.37639
2026-05-21 05:00:00+00:00,21728,1.3762,1.37759,1.37587,1.37671,1.37638,1.37778,1.37605,1.3769
2026-05-21 09:00:00+00:00,19725,1.37671,1.37745,1.37599,1.37744,1.37689,1.37762,1.37618,1.37762
2026-05-21 13:00:00+00:00,29535,1.37745,1.37995,1.37726,1.37851,1.37762,1.38013,1.37745,1.37869
2026-05-21 17:00:00+00:00,25258,1.37852,1.37876,1.37666,1.37773,1.37869,1.37893,1.37684,1.378
2026-05-21 21:00:00+00:00,6761,1.37761,1.37871,1.37711,1.37828,1.37847,1.37889,1.3775,1.37846
2026-05-22 01:00:00+00:00,11133,1.37832,1.37918,1.37825,1.37885,1.37849,1.37937,1.37842,1.37902
2026-05-22 05:00:00+00:00,15904,1.37885,1.37947,1.37829,1.3784,1.37903,1.37965,1.37847,1.37857
2026-05-22 09:00:00+00:00,15435,1.37841,1.38063,1.37833,1.38033,1.3786,1.38082,1.37852,1.38048
2026-05-22 13:00:00+00:00,24560,1.3803,1.38217,1.379,1.38075,1.38048,1.38235,1.37919,1.38091
2026-05-22 17:00:00+00:00,13205,1.38074,1.38232,1.38036,1.38178,1.38092,1.38264,1.38054,1.38246
2026-05-24 21:00:00+00:00,9291,1.37979,1.38136,1.37967,1.38031,1.38129,1.3822,1.37994,1.38047
2026-05-25 01:00:00+00:00,12156,1.38031,1.38099,1.37947,1.38052,1.38049,1.38119,1.37967,1.38071
2026-05-25 05:00:00+00:00,12317,1.38052,1.38198,1.3803,1.38121,1.3807,1.38216,1.38049,1.38137
2026-05-25 09:00:00+00:00,9506,1.38121,1.38173,1.38039,1.38062,1.38136,1.38193,1.38057,1.3808
2026-05-25 13:00:00+00:00,13645,1.38062,1.38098,1.37941,1.38022,1.38079,1.38116,1.3796,1.3804
2026-05-25 17:00:00+00:00,3446,1.38021,1.38045,1.37985,1.38021,1.38041,1.38064,1.38,1.38044
2026-05-25 21:00:00+00:00,7185,1.37977,1.38081,1.37958,1.38029,1.38088,1.38107,1.38034,1.38046
2026-05-26 01:00:00+00:00,14855,1.38029,1.38106,1.38017,1.38104,1.38045,1.38124,1.38035,1.38123
2026-05-26 05:00:00+00:00,19556,1.38105,1.38144,1.37981,1.38023,1.38125,1.38164,1.37999,1.38042
2026-05-26 09:00:00+00:00,16972,1.38023,1.38207,1.37985,1.38174,1.38041,1.38223,1.38004,1.38191
2026-05-26 13:00:00+00:00,30233,1.38173,1.38182,1.3799,1.38115,1.38191,1.382,1.38008,1.38133
2026-05-26 17:00:00+00:00,16508,1.38115,1.3819,1.38077,1.38114,1.38134,1.38207,1.38095,1.38139
2026-05-26 21:00:00+00:00,8917,1.38053,1.38126,1.38028,1.38064,1.38141,1.3819,1.38048,1.38082
2026-05-27 01:00:00+00:00,15518,1.38064,1.3814,1.38056,1.38084,1.38084,1.38159,1.38074,1.38102
2026-05-27 05:00:00+00:00,16508,1.38083,1.38287,1.38079,1.38275,1.38102,1.38305,1.38095,1.38294
2026-05-27 09:00:00+00:00,19063,1.38275,1.38388,1.38195,1.38275,1.38293,1.38406,1.38211,1.38291
2026-05-27 13:00:00+00:00,33553,1.38274,1.38514,1.38221,1.38256,1.38292,1.38531,1.3824,1.38274
2026-05-27 17:00:00+00:00,15035,1.38257,1.38403,1.38256,1.38394,1.38274,1.38422,1.38274,1.3842
2026-05-27 21:00:00+00:00,10079,1.38326,1.38488,1.38323,1.3847,1.38447,1.38507,1.38378,1.38487
2026-05-28 01:00:00+00:00,16474,1.38469,1.38689,1.38464,1.38608,1.38487,1.38708,1.3848,1.38627
2026-05-28 05:00:00+00:00,22985,1.38608,1.38642,1.38446,1.38592,1.38625,1.38661,1.38465,1.3861
2026-05-28 09:00:00+00:00,26840,1.38593,1.38691,1.38393,1.3843,1.38613,1.3871,1.38411,1.38449
2026-05-28 13:00:00+00:00,39747,1.3843,1.38513,1.37885,1.37909,1.38445,1.38531,1.37902,1.37928
2026-05-28 17:00:00+00:00,19466,1.37909,1.37915,1.3773,1.37829,1.37927,1.37934,1.37747,1.37851
2026-05-28 21:00:00+00:00,11180,1.37744,1.37853,1.37736,1.37834,1.37878,1.37927,1.37807,1.37852
2026-05-29 01:00:00+00:00,16986,1.37834,1.37908,1.37774,1.37887,1.37851,1.37927,1.3779,1.37902
2026-05-29 05:00:00+00:00,19645,1.37886,1.3807,1.37841,1.38049,1.37902,1.38087,1.37857,1.38066
2026-05-29 09:00:00+00:00,24858,1.38049,1.38287,1.37988,1.38172,1.38065,1.38304,1.38006,1.3819
2026-05-29 13:00:00+00:00,46568,1.38171,1.38201,1.37693,1.37984,1.3819,1.38218,1.37711,1.38001
2026-05-29 17:00:00+00:00,22991,1.37982,1.38004,1.37839,1.37921,1.37999,1.38045,1.37859,1.37994
2026-05-31 21:00:00+00:00,13494,1.37962,1.38057,1.37875,1.38041,1.38073,1.38091,1.37908,1.38061
2026-06-01 01:00:00+00:00,22908,1.3804,1.3813,1.38037,1.38077,1.38059,1.38147,1.38055,1.38093
2026-06-01 05:00:00+00:00,17529,1.38075,1.38194,1.3801,1.38141,1.38093,1.38213,1.38028,1.38161
2026-06-01 09:00:00+00:00,21562,1.38144,1.38376,1.38114,1.38255,1.38163,1.38394,1.38132,1.38272
2026-06-01 13:00:00+00:00,39685,1.38257,1.38487,1.38256,1.38277,1.38274,1.38505,1.38272,1.38294
2026-06-01 17:00:00+00:00,18508,1.38276,1.38421,1.38266,1.38401,1.38294,1.38439,1.38284,1.38424
2026-06-01 21:00:00+00:00,7195,1.38398,1.38449,1.38307,1.38443,1.38493,1.38493,1.38391,1.38458
2026-06-02 01:00:00+00:00,17617,1.3844,1.38478,1.38419,1.38439,1.38458,1.38494,1.38434,1.38455
2026-06-02 05:00:00+00:00,18014,1.38439,1.38477,1.38346,1.38469,1.38456,1.38496,1.38363,1.38487
2026-06-02 09:00:00+00:00,20305,1.38465,1.38536,1.3835,1.38361,1.38487,1.38553,1.38366,1.38379
2026-06-02 13:00:00+00:00,31651,1.3836,1.3843,1.38142,1.38324,1.38379,1.38447,1.3816,1.3834
2026-06-02 17:00:00+00:00,13139,1.38324,1.38398,1.38286,1.38387,1.38341,1.38416,1.38303,1.38411
2026-06-02 21:00:00+00:00,9682,1.38307,1.38461,1.38276,1.38401,1.38457,1.38481,1.38384,1.38418
2026-06-03 01:00:00+00:00,11714,1.38401,1.38497,1.38357,1.3848,1.38419,1.38516,1.38375,1.38498
2026-06-03 05:00:00+00:00,24287,1.38479,1.38586,1.38455,1.38565,1.38498,1.38605,1.38472,1.38584
2026-06-03 09:00:00+00:00,22027,1.38567,1.38693,1.38463,1.38669,1.38584,1.38711,1.38482,1.38686
2026-06-03 13:00:00+00:00,34883,1.38668,1.38978,1.38625,1.38935,1.38686,1.38995,1.38642,1.38954
2026-06-03 17:00:00+00:00,13609,1.38935,1.3899,1.38886,1.38964,1.38952,1.39005,1.38905,1.38987
2026-06-03 21:00:00+00:00,9997,1.38931,1.38988,1.38862,1.3893,1.38982,1.39008,1.38905,1.38949
2026-06-04 01:00:00+00:00,13308,1.38932,1.39037,1.38924,1.39028,1.38953,1.39056,1.3894,1.39048
2026-06-04 05:00:00+00:00,21418,1.39029,1.39246,1.39009,1.39158,1.39047,1.39264,1.39026,1.39176
2026-06-04 09:00:00+00:00,26103,1.3916,1.39161,1.38872,1.38901,1.39177,1.39179,1.38891,1.38919
2026-06-04 13:00:00+00:00,32315,1.38902,1.39044,1.38802,1.38959,1.38918,1.3906,1.3882,1.38977
2026-06-04 17:00:00+00:00,14652,1.38958,1.39108,1.38946,1.39095,1.38977,1.39125,1.38964,1.39119
2026-06-04 21:00:00+00:00,9773,1.38943,1.39099,1.38934,1.39059,1.39093,1.39145,1.39049,1.39078
2026-06-05 01:00:00+00:00,9573,1.39056,1.39116,1.38997,1.3903,1.39076,1.39135,1.39014,1.39047
2026-06-05 05:00:00+00:00,16676,1.39029,1.39083,1.38821,1.38878,1.39047,1.39101,1.38838,1.38899
2026-06-05 09:00:00+00:00,24558,1.38879,1.38947,1.38653,1.3894,1.38899,1.3899,1.3868,1.38956
2026-06-05 13:00:00+00:00,40941,1.38938,1.39436,1.38873,1.39357,1.38953,1.39452,1.38889,1.39375
2026-06-05 17:00:00+00:00,19851,1.39356,1.395,1.39344,1.39365,1.39373,1.39518,1.3936,1.39438
2026-06-07 21:00:00+00:00,13881,1.39315,1.39518,1.39299,1.39378,1.39465,1.39537,1.39393,1.39397
2026-06-08 01:00:00+00:00,17828,1.39377,1.39515,1.39374,1.39426,1.39397,1.39534,1.39392,1.39445
2026-06-08 05:00:00+00:00,28514,1.39426,1.39515,1.39352,1.39503,1.39444,1.39534,1.39371,1.39521
2026-06-08 09:00:00+00:00,25633,1.39504,1.3953,1.39255,1.39306,1.39521,1.39548,1.39272,1.39322
2026-06-08 13:00:00+00:00,35636,1.39304,1.39534,1.39262,1.39529,1.39321,1.39552,1.39279,1.39547
2026-06-08 17:00:00+00:00,20564,1.39531,1.39604,1.39451,1.39527,1.39548,1.39622,1.39469,1.39549
2026-06-08 21:00:00+00:00,15036,1.39413,1.39587,1.39371,1.39519,1.39563,1.39606,1.39506,1.39537
2026-06-09 01:00:00+00:00,14748,1.39519,1.39553,1.39416,1.39434,1.39536,1.39572,1.39434,1.39453
2026-06-09 05:00:00+00:00,19186,1.39434,1.39467,1.39296,1.39371,1.39452,1.39486,1.39316,1.3939
2026-06-09 09:00:00+00:00,16106,1.3937,1.3938,1.39183,1.39207,1.3939,1.39398,1.392,1.39225
2026-06-09 13:00:00+00:00,42159,1.39208,1.39686,1.39195,1.39601,1.39225,1.39703,1.39213,1.39617
2026-06-09 17:00:00+00:00,29415,1.396,1.39616,1.39447,1.39484,1.39617,1.39633,1.39464,1.39508
2026-06-09 21:00:00+00:00,11096,1.39428,1.39565,1.39413,1.3948,1.3957,1.39585,1.39484,1.39497
2026-06-10 01:00:00+00:00,16058,1.39478,1.39537,1.39444,1.39471,1.39496,1.39556,1.39462,1.39491
2026-06-10 05:00:00+00:00,19197,1.39471,1.39486,1.39288,1.39315,1.3949,1.39503,1.39305,1.39332
2026-06-10 09:00:00+00:00,23978,1.39315,1.39363,1.39222,1.39356,1.39334,1.3938,1.39245,1.39374
2026-06-10 13:00:00+00:00,47900,1.39357,1.39379,1.38983,1.39305,1.39374,1.39396,1.39001,1.39322
2026-06-10 17:00:00+00:00,23257,1.39305,1.39497,1.39248,1.39429,1.39323,1.39513,1.39265,1.39449
2026-06-10 21:00:00+00:00,12215,1.39394,1.39494,1.39388,1.39397,1.39497,1.39527,1.39412,1.39416
2026-06-11 01:00:00+00:00,15740,1.39398,1.39401,1.39306,1.39375,1.39416,1.3942,1.39326,1.39393
2026-06-11 05:00:00+00:00,18131,1.39373,1.39758,1.39345,1.39756,1.39392,1.39777,1.39363,1.39776
2026-06-11 09:00:00+00:00,24328,1.39758,1.39891,1.39726,1.39847,1.39777,1.39909,1.39744,1.39864
2026-06-11 13:00:00+00:00,37460,1.39846,1.40232,1.39838,1.40054,1.39864,1.4025,1.39855,1.40071
2026-06-11 17:00:00+00:00,42388,1.40055,1.40149,1.39524,1.39645,1.40071,1.40168,1.39543,1.39671
2026-06-11 21:00:00+00:00,12446,1.39518,1.39774,1.39515,1.39763,1.39668,1.39792,1.39625,1.39781
2026-06-12 01:00:00+00:00,22272,1.39764,1.39796,1.397,1.3973,1.39781,1.39816,1.3972,1.39749
2026-06-12 05:00:00+00:00,31810,1.3973,1.3995,1.39715,1.3983,1.39747,1.39969,1.39733,1.39848
2026-06-12 09:00:00+00:00,28046,1.39832,1.39932,1.39744,1.39823,1.39848,1.3995,1.39762,1.39841
2026-06-12 13:00:00+00:00,40890,1.39824,1.3987,1.39583,1.39717,1.3984,1.39889,1.39602,1.39734
2026-06-12 17:00:00+00:00,18089,1.39717,1.39905,1.39692,1.39866,1.39733,1.39937,1.39709,1.39923
2026-06-14 21:00:00+00:00,14801,1.39851,1.39874,1.3954,1.397,1.39962,1.3998,1.39566,1.39715
2026-06-15 01:00:00+00:00,14947,1.397,1.3976,1.396,1.39602,1.39718,1.39779,1.39619,1.39621
2026-06-15 05:00:00+00:00,23118,1.396,1.39802,1.39498,1.39737,1.39619,1.39821,1.39515,1.39756
2026-06-15 09:00:00+00:00,21499,1.39737,1.39832,1.39658,1.39726,1.39754,1.3985,1.39677,1.39742
2026-06-15 13:00:00+00:00,24690,1.39725,1.39919,1.39697,1.39807,1.39744,1.39935,1.39715,1.39825
2026-06-15 17:00:00+00:00,15612,1.39806,1.39934,1.39796,1.39896,1.39823,1.39951,1.39814,1.39921
2026-06-15 21:00:00+00:00,8186,1.39822,1.39951,1.3981,1.39907,1.39945,1.39969,1.39906,1.39926
2026-06-16 01:00:00+00:00,17275,1.39908,1.40161,1.39888,1.40107,1.39926,1.40181,1.39907,1.40126
2026-06-16 05:00:00+00:00,21364,1.40106,1.40178,1.4001,1.40023,1.40126,1.40195,1.40028,1.40041
2026-06-16 09:00:00+00:00,16910,1.40024,1.4015,1.39914,1.40119,1.4004,1.40167,1.39933,1.40137
2026-06-16 13:00:00+00:00,25966,1.40123,1.40151,1.39793,1.39852,1.40138,1.40169,1.39811,1.39867
2026-06-16 17:00:00+00:00,13665,1.39851,1.40019,1.39831,1.3994,1.39867,1.40038,1.39848,1.39962
2026-06-16 21:00:00+00:00,10344,1.39902,1.39978,1.39878,1.3992,1.40006,1.40016,1.39917,1.39939
2026-06-17 01:00:00+00:00,8716,1.39921,1.40011,1.39918,1.39965,1.39939,1.4003,1.39936,1.39983
2026-06-17 05:00:00+00:00,14686,1.39965,1.40069,1.39949,1.39985,1.39984,1.40087,1.39968,1.40005
2026-06-17 09:00:00+00:00,15103,1.39986,1.40164,1.39947,1.40111,1.40005,1.40179,1.39964,1.40128
2026-06-17 13:00:00+00:00,21182,1.40112,1.4036,1.40038,1.40303,1.4013,1.40377,1.40055,1.40321
2026-06-17 17:00:00+00:00,47970,1.40303,1.41222,1.4027,1.40988,1.4032,1.41239,1.40287,1.41022
2026-06-17 21:00:00+00:00,11200,1.40957,1.41031,1.40925,1.40966,1.41022,1.41129,1.40953,1.40984
2026-06-18 01:00:00+00:00,18243,1.40966,1.41086,1.40942,1.41007,1.40985,1.41105,1.40961,1.41026
2026-06-18 05:00:00+00:00,19303,1.41008,1.41216,1.40974,1.41206,1.41026,1.41236,1.40993,1.41224
2026-06-18 09:00:00+00:00,26039,1.41205,1.41334,1.41097,1.41164,1.41221,1.41351,1.41116,1.41183
2026-06-18 13:00:00+00:00,28188,1.41165,1.41459,1.41108,1.41364,1.41183,1.41476,1.41126,1.4138
2026-06-18 17:00:00+00:00,18937,1.41363,1.41439,1.41281,1.41358,1.4138,1.41457,1.41299,1.41385
2026-06-18 21:00:00+00:00,8071,1.4128,1.41416,1.41248,1.41379,1.41419,1.41442,1.41347,1.41396
2026-06-19 01:00:00+00:00,11808,1.41378,1.41572,1.41373,1.41567,1.41397,1.41591,1.41391,1.41585
2026-06-19 05:00:00+00:00,20445,1.41567,1.41589,1.4134,1.4134,1.41584,1.41607,1.41357,1.41357
2026-06-19 09:00:00+00:00,16876,1.41341,1.4156,1.41339,1.41524,1.41357,1.41579,1.41356,1.41542
2026-06-19 13:00:00+00:00,15078,1.41523,1.41825,1.41521,1.4176,1.41542,1.41844,1.41539,1.41777
2026-06-19 17:00:00+00:00,15538,1.4176,1.41774,1.41492,1.41502,1.41778,1.41799,1.41532,1.4157
2026-06-21 21:00:00+00:00,7068,1.41616,1.41777,1.4159,1.41712,1.41766,1.418,1.41668,1.41731
2026-06-22 01:00:00+00:00,16121,1.41712,1.41902,1.41669,1.41878,1.41728,1.4192,1.41688,1.41894
2026-06-22 05:00:00+00:00,18837,1.41876,1.41927,1.41711,1.41789,1.41892,1.41946,1.41729,1.41807
2026-06-22 09:00:00+00:00,17748,1.41788,1.41789,1.41438,1.41552,1.41804,1.41808,1.4146,1.41571
2026-06-22 13:00:00+00:00,31017,1.41552,1.41774,1.41469,1.41636,1.4157,1.41791,1.41487,1.41654
2026-06-22 17:00:00+00:00,10812,1.41636,1.41677,1.41533,1.41583,1.41655,1.41695,1.41549,1.41604
2026-06-22 21:00:00+00:00,8659,1.41528,1.41642,1.41502,1.41584,1.41678,1.41715,1.41519,1.41602
2026-06-23 01:00:00+00:00,13450,1.41583,1.41744,1.4157,1.41735,1.41602,1.41762,1.41589,1.41751
2026-06-23 05:00:00+00:00,23672,1.41733,1.41851,1.41669,1.4181,1.41752,1.4187,1.41685,1.41827
2026-06-23 09:00:00+00:00,18696,1.4181,1.41909,1.41767,1.41863,1.41828,1.41928,1.41785,1.41882
2026-06-23 13:00:00+00:00,29499,1.41866,1.42075,1.41682,1.42072,1.41884,1.42092,1.41699,1.42089
2026-06-23 17:00:00+00:00,16287,1.42073,1.42165,1.4205,1.42092,1.42089,1.42182,1.42067,1.42116
2026-06-23 21:00:00+00:00,8098,1.42035,1.4214,1.42008,1.421,1.42173,1.42175,1.4208,1.42119
2026-06-24 01:00:00+00:00,12762,1.42099,1.42234,1.42052,1.42141,1.42119,1.42252,1.42071,1.42161
2026-06-24 05:00:00+00:00,18426,1.42142,1.42381,1.42109,1.42279,1.4216,1.42399,1.42126,1.42296
2026-06-24 09:00:00+00:00,19513,1.42279,1.42442,1.42206,1.42391,1.42295,1.42459,1.42223,1.42408
2026-06-24 13:00:00+00:00,31469,1.4239,1.42474,1.42146,1.42182,1.42408,1.42493,1.42163,1.42199
2026-06-24 17:00:00+00:00,16669,1.42185,1.42406,1.4217,1.42321,1.42201,1.42423,1.42187,1.42346
2026-06-24 21:00:00+00:00,6471,1.42234,1.42426,1.42207,1.4236,1.42384,1.42444,1.42319,1.42377
2026-06-25 01:00:00+00:00,15035,1.42359,1.42367,1.42267,1.42295,1.42377,1.42384,1.42287,1.42314
2026-06-25 05:00:00+00:00,16591,1.42297,1.42424,1.42218,1.42275,1.42314,1.42442,1.42236,1.42293
2026-06-25 09:00:00+00:00,16077,1.42277,1.42476,1.42205,1.42354,1.42295,1.42495,1.42223,1.42373
2026-06-25 13:00:00+00:00,33816,1.42355,1.42379,1.41767,1.41895,1.42373,1.42395,1.41785,1.41913
2026-06-25 17:00:00+00:00,15472,1.41895,1.42019,1.41874,1.42001,1.41914,1.42038,1.41891,1.42022
2026-06-25 21:00:00+00:00,9950,1.41994,1.4202,1.41864,1.41968,1.42053,1.42056,1.41906,1.41987
2026-06-26 01:00:00+00:00,17969,1.4197,1.42089,1.41896,1.41907,1.41989,1.42106,1.41915,1.41926
2026-06-26 05:00:00+00:00,21267,1.41908,1.42002,1.41805,1.41856,1.41928,1.42021,1.41823,1.41871
2026-06-26 09:00:00+00:00,20594,1.41856,1.41899,1.41734,1.4177,1.41872,1.41918,1.41751,1.41787
2026-06-26 13:00:00+00:00,31681,1.4177,1.41997,1.41685,1.41916,1.41786,1.42014,1.41702,1.41934
2026-06-26 17:00:00+00:00,15460,1.41915,1.4195,1.41772,1.4192,1.41931,1.42016,1.41789,1.41997
2026-06-28 21:00:00+00:00,7919,1.41869,1.41976,1.4181,1.41912,1.42019,1.42019,1.41887,1.41931
2026-06-29 01:00:00+00:00,11784,1.41914,1.41964,1.4181,1.41916,1.41933,1.41982,1.41829,1.41935
2026-06-29 05:00:00+00:00,14576,1.41914,1.41984,1.41745,1.41962,1.41932,1.42003,1.41763,1.41981
2026-06-29 09:00:00+00:00,15845,1.41962,1.42093,1.41878,1.42038,1.41979,1.4211,1.41895,1.42056
2026-06-29 13:00:00+00:00,25488,1.42038,1.4217,1.41952,1.42015,1.42053,1.4219,1.41969,1.42033
2026-06-29 17:00:00+00:00,11519,1.42015,1.42128,1.41953,1.42105,1.42032,1.42155,1.41972,1.42135
2026-06-29 21:00:00+00:00,8622,1.42027,1.42225,1.41995,1.4216,1.42147,1.42242,1.42012,1.42177
2026-06-30 01:00:00+00:00,11857,1.42159,1.4236,1.42133,1.4236,1.42177,1.4238,1.42151,1.4238
2026-06-30 05:00:00+00:00,19172,1.42362,1.42388,1.4223,1.42323,1.42381,1.42407,1.42247,1.42341
2026-06-30 09:00:00+00:00,18171,1.42323,1.4247,1.42231,1.42271,1.4234,1.42486,1.42248,1.42288
2026-06-30 13:00:00+00:00,29944,1.4227,1.42273,1.41827,1.42072,1.42289,1.42292,1.41845,1.42088
2026-06-30 17:00:00+00:00,13908,1.42072,1.42117,1.41775,1.41947,1.42089,1.42135,1.41793,1.41979
2026-06-30 21:00:00+00:00,4952,1.41951,1.42139,1.41914,1.42124,1.4199,1.42158,1.41949,1.42143
2026-07-01 01:00:00+00:00,12701,1.42126,1.42211,1.42109,1.42136,1.42145,1.4223,1.42128,1.42154
2026-07-01 05:00:00+00:00,13824,1.42136,1.42245,1.42083,1.42211,1.42155,1.42263,1.42103,1.42231
2026-07-01 09:00:00+00:00,14439,1.42214,1.42338,1.42124,1.42311,1.42233,1.42355,1.42143,1.42329
2026-07-01 13:00:00+00:00,31843,1.4231,1.42344,1.41906,1.42082,1.42325,1.42362,1.41928,1.42101
2026-07-01 17:00:00+00:00,11101,1.42083,1.42176,1.42055,1.42147,1.42101,1.42195,1.42073,1.42171
2026-07-01 21:00:00+00:00,5344,1.4205,1.42236,1.42027,1.42179,1.422,1.42256,1.42167,1.42195
2026-07-02 01:00:00+00:00,9945,1.42179,1.42199,1.42073,1.42134,1.42198,1.42216,1.42092,1.42154
2026-07-02 05:00:00+00:00,23975,1.42134,1.42178,1.41854,1.41893,1.42153,1.42196,1.41871,1.41916
2026-07-02 09:00:00+00:00,28485,1.41893,1.42184,1.41493,1.41746,1.41915,1.42207,1.41512,1.41764
2026-07-02 13:00:00+00:00,43323,1.41745,1.41894,1.41607,1.41787,1.4176,1.41911,1.41626,1.41804
2026-07-02 17:00:00+00:00,14974,1.41787,1.41862,1.41744,1.41805,1.41805,1.4188,1.4176,1.41828
2026-07-02 21:00:00+00:00,7186,1.41769,1.41968,1.4175,1.41849,1.41898,1.41987,1.41812,1.41865
2026-07-03 01:00:00+00:00,13896,1.41848,1.41879,1.41634,1.41648,1.41866,1.41894,1.41652,1.41666
2026-07-03 05:00:00+00:00,15967,1.41649,1.4181,1.41583,1.41795,1.41666,1.41826,1.41605,1.41814
2026-07-03 09:00:00+00:00,12104,1.41798,1.42037,1.41783,1.42015,1.41814,1.42056,1.41801,1.42033
2026-07-03 13:00:00+00:00,10027,1.42017,1.4206,1.4191,1.42015,1.42033,1.42077,1.41929,1.42031
2026-07-03 17:00:00+00:00,28665,1.42015,1.4207,1.41917,1.41937,1.42032,1.42142,1.41976,1.42071
2026-07-05 21:00:00+00:00,7767,1.41883,1.4211,1.41879,1.42047,1.42033,1.42128,1.42009,1.42067
2026-07-06 01:00:00+00:00,12695,1.42047,1.42128,1.42027,1.42069,1.42066,1.42147,1.42045,1.42088
2026-07-06 05:00:00+00:00,16981,1.4207,1.42277,1.42047,1.42271,1.42088,1.42295,1.42065,1.42293
2026-07-06 09:00:00+00:00,14549,1.42271,1.42381,1.42119,1.42344,1.42292,1.42398,1.42138,1.42362
2026-07-06 13:00:00+00:00,18618,1.42342,1.42361,1.421,1.42156,1.4236,1.42378,1.42117,1.42174
2026-07-06 17:00:00+00:00,11508,1.42157,1.42174,1.42029,1.42042,1.42173,1.4219,1.42046,1.42073
2026-07-06 21:00:00+00:00,6096,1.42001,1.42129,1.41994,1.42127,1.4208,1.42183,1.42019,1.42146
2026-07-07 01:00:00+00:00,9834,1.42128,1.42179,1.42076,1.42171,1.42145,1.42197,1.42095,1.4219
2026-07-07 05:00:00+00:00,15864,1.42173,1.42213,1.42084,1.42128,1.42192,1.42231,1.42102,1.42145
2026-07-07 09:00:00+00:00,12801,1.42127,1.42221,1.42024,1.42187,1.42145,1.42238,1.42041,1.42204
2026-07-07 13:00:00+00:00,19592,1.42188,1.42255,1.41872,1.41916,1.42204,1.42272,1.41889,1.41933
2026-07-07 17:00:00+00:00,13601,1.41917,1.42057,1.41829,1.41994,1.41932,1.42074,1.41846,1.42014
2026-07-07 21:00:00+00:00,10395,1.41899,1.42058,1.4188,1.42009,1.42049,1.42091,1.41977,1.42027
2026-07-08 01:00:00+00:00,13719,1.4201,1.42077,1.4191,1.4192,1.42029,1.42096,1.41926,1.41939
2026-07-08 05:00:00+00:00,26164,1.41921,1.41924,1.41578,1.41631,1.41938,1.41942,1.41597,1.4165
2026-07-08 09:00:00+00:00,24152,1.41632,1.41898,1.41541,1.41864,1.4165,1.41914,1.4156,1.41881
2026-07-08 13:00:00+00:00,26741,1.41863,1.41954,1.41636,1.41732,1.41879,1.41972,1.41653,1.41748
2026-07-08 17:00:00+00:00,13305,1.41731,1.41756,1.41604,1.41727,1.41746,1.41781,1.41622,1.41748
2026-07-08 21:00:00+00:00,6284,1.41596,1.41751,1.41593,1.4163,1.41746,1.41782,1.41614,1.41645
2026-07-09 01:00:00+00:00,11145,1.41629,1.41679,1.4161,1.41632,1.41647,1.41697,1.41627,1.4165
2026-07-09 05:00:00+00:00,16744,1.41631,1.41877,1.41519,1.41876,1.4165,1.41896,1.41536,1.41894
2026-07-09 09:00:00+00:00,16215,1.41877,1.41891,1.41638,1.41759,1.41894,1.41908,1.41655,1.41776
2026-07-09 13:00:00+00:00,19285,1.41759,1.41811,1.4158,1.41639,1.41777,1.4183,1.41597,1.41655
2026-07-09 17:00:00+00:00,9264,1.41638,1.41724,1.41594,1.41669,1.41655,1.41742,1.41613,1.41691
2026-07-09 21:00:00+00:00,7857,1.41595,1.41718,1.41587,1.41607,1.41745,1.41784,1.41613,1.41624
2026-07-10 01:00:00+00:00,15230,1.41608,1.41624,1.41351,1.41552,1.41624,1.41641,1.4137,1.41569
2026-07-10 05:00:00+00:00,16533,1.41551,1.41686,1.41527,1.41679,1.41567,1.41704,1.41546,1.41698
2026-07-10 09:00:00+00:00,17212,1.4168,1.41709,1.41378,1.41439,1.41698,1.41726,1.41436,1.41455
2026-07-10 13:00:00+00:00,24516,1.4144,1.41689,1.41167,1.41233,1.41455,1.41707,1.41184,1.4125
2026-07-10 17:00:00+00:00,10402,1.41236,1.41591,1.4122,1.41538,1.41254,1.41622,1.41237,1.4161
2026-07-12 21:00:00+00:00,9065,1.41515,1.41708,1.41509,1.41686,1.4164,1.41726,1.41627,1.41702
2026-07-13 01:00:00+00:00,16811,1.41686,1.4174,1.41525,1.41531,1.41705,1.41758,1.41542,1.41549
2026-07-13 05:00:00+00:00,21115,1.41531,1.41643,1.41317,1.41347,1.4155,1.41662,1.41336,1.41365
2026-07-13 09:00:00+00:00,21227,1.41348,1.41427,1.41243,1.41338,1.41365,1.41446,1.41261,1.41356
2026-07-13 13:00:00+00:00,25805,1.41339,1.41544,1.41306,1.41481,1.41355,1.41562,1.41323,1.41499
2026-07-13 17:00:00+00:00,13491,1.4148,1.41593,1.41447,1.41555,1.41497,1.41611,1.41465,1.41581
2026-07-13 21:00:00+00:00,10904,1.41469,1.41546,1.41437,1.41472,1.41611,1.41645,1.41457,1.41489
2026-07-14 01:00:00+00:00,17002,1.41471,1.41483,1.41279,1.41312,1.41489,1.41498,1.41296,1.41329
2026-07-14 05:00:00+00:00,18152,1.4131,1.41348,1.40894,1.40918,1.41328,1.41365,1.40912,1.40935
2026-07-14 09:00:00+00:00,31345,1.40916,1.41154,1.40536,1.40728,1.40934,1.41169,1.40553,1.40746
2026-07-14 13:00:00+00:00,37162,1.40727,1.40741,1.40468,1.40593,1.40743,1.40758,1.40486,1.40611
2026-07-14 17:00:00+00:00,15502,1.40592,1.4074,1.40573,1.40591,1.40609,1.40758,1.40593,1.40618
2026-07-14 21:00:00+00:00,7510,1.40576,1.40631,1.40461,1.40464,1.40726,1.40755,1.40479,1.40481
2026-07-15 01:00:00+00:00,10635,1.40466,1.40494,1.40387,1.40485,1.40481,1.40512,1.40405,1.40504
2026-07-15 05:00:00+00:00,17740,1.40484,1.40582,1.40428,1.40543,1.40501,1.40601,1.40445,1.40561
2026-07-15 09:00:00+00:00,16431,1.40543,1.40762,1.40516,1.40528,1.4056,1.40781,1.40534,1.40545
2026-07-15 13:00:00+00:00,25027,1.40527,1.4067,1.40447,1.40481,1.40545,1.40689,1.40464,1.40499
2026-07-15 17:00:00+00:00,14884,1.40481,1.40484,1.40239,1.40398,1.40498,1.40501,1.40255,1.40426
2026-07-15 21:00:00+00:00,9779,1.40303,1.40434,1.40283,1.4038,1.40453,1.4048,1.40367,1.40399
2026-07-16 01:00:00+00:00,11748,1.40381,1.40531,1.40368,1.40462,1.40399,1.4055,1.40385,1.40481
2026-07-16 05:00:00+00:00,15502,1.40462,1.40509,1.40394,1.40411,1.40479,1.40527,1.40413,1.4043
2026-07-16 09:00:00+00:00,16329,1.40411,1.40473,1.40197,1.40278,1.40429,1.40492,1.40214,1.40294
2026-07-16 13:00:00+00:00,22194,1.40279,1.40507,1.40095,1.40497,1.40294,1.40524,1.40111,1.40514
2026-07-16 17:00:00+00:00,11475,1.40496,1.40576,1.40405,1.40413,1.40514,1.40593,1.40425,1.40439
2026-07-16 21:00:00+00:00,8205,1.40394,1.4043,1.4033,1.40338,1.40524,1.40532,1.40347,1.40355
2026-07-17 01:00:00+00:00,15459,1.40338,1.40405,1.40288,1.40364,1.40357,1.40423,1.40305,1.40382
2026-07-17 05:00:00+00:00,16278,1.40366,1.40392,1.4025,1.40305,1.40385,1.40411,1.40269,1.40322
2026-07-17 09:00:00+00:00,18192,1.40304,1.40394,1.40193,1.40247,1.40323,1.40412,1.4021,1.40266
2026-07-17 13:00:00+00:00,22232,1.40247,1.40259,1.40046,1.40089,1.40264,1.40277,1.40064,1.40108
2026-07-17 17:00:00+00:00,10605,1.40089,1.40213,1.40077,1.40186,1.40107,1.40288,1.40094,1.4026
2026-07-19 21:00:00+00:00,9698,1.40089,1.40225,1.40075,1.40118,1.402,1.40274,1.40133,1.40135
2026-07-20 01:00:00+00:00,9906,1.4012,1.40124,1.40035,1.40046,1.40135,1.40144,1.40052,1.40065
2026-07-20 05:00:00+00:00,11886,1.40045,1.40254,1.40024,1.40219,1.40065,1.40272,1.40041,1.40236
2026-07-20 09:00:00+00:00,15615,1.40219,1.40516,1.40179,1.40446,1.40235,1.40555,1.40196,1.40464
2026-07-20 13:00:00+00:00,18438,1.40446,1.40655,1.40387,1.40566,1.40463,1.40671,1.40404,1.40583
2026-07-20 17:00:00+00:00,10379,1.40564,1.40714,1.40526,1.40696,1.40581,1.40732,1.40543,1.40716
2026-07-20 21:00:00+00:00,8185,1.40744,1.4085,1.4069,1.40737,1.40788,1.40911,1.40706,1.40755
2026-07-21 01:00:00+00:00,11969,1.40737,1.40804,1.40706,1.40707,1.40754,1.40821,1.40725,1.40725
2026-07-21 05:00:00+00:00,17459,1.40708,1.4077,1.40574,1.40654,1.40725,1.40789,1.40591,1.40673
2026-07-21 09:00:00+00:00,15216,1.40655,1.40808,1.40536,1.40747,1.40673,1.40827,1.40553,1.40763
2026-07-21 13:00:00+00:00,22518,1.40746,1.41041,1.40739,1.40974,1.40764,1.41059,1.40756,1.40991
2026-07-21 17:00:00+00:00,10649,1.40974,1.41103,1.40947,1.41083,1.4099,1.41122,1.40963,1.41107
2026-07-21 21:00:00+00:00,7201,1.41071,1.41105,1.41004,1.41042,1.41129,1.4115,1.41021,1.41061
2026-07-22 01:00:00+00:00,10525,1.4104,1.41075,1.40983,1.41044,1.4106,1.41094,1.41001,1.41062
2026-07-22 05:00:00+00:00,16171,1.41043,1.41057,1.40814,1.40934,1.4106,1.41076,1.40834,1.4095
2026-07-22 09:00:00+00:00,18318,1.40933,1.41045,1.40803,1.40908,1.4095,1.41063,1.40821,1.40924
2026-07-22 13:00:00+00:00,18214,1.40908,1.40941,1.40757,1.40926,1.40926,1.40957,1.40775,1.40944
2026-07-22 17:00:00+00:00,7305,1.40926,1.40941,1.408,1.40864,1.40943,1.40958,1.40816,1.40884
2026-07-22 21:00:00+00:00,13284,1.4079,1.4089,1.40763,1.40789,1.4094,1.40945,1.40806,1.40807
2026-07-23 01:00:00+00:00,17505,1.40787,1.40787,1.40601,1.40642,1.40806,1.40806,1.40619,1.40659
2026-07-23 05:00:00+00:00,17029,1.40639,1.40769,1.4056,1.40752,1.40658,1.40788,1.40579,1.4077
2026-07-23 09:00:00+00:00,18192,1.40755,1.40906,1.40701,1.40824,1.4077,1.40924,1.40722,1.4084
2026-07-23 13:00:00+00:00,30842,1.40825,1.4099,1.40691,1.40762,1.4084,1.41008,1.40708,1.4078
2026-07-23 17:00:00+00:00,11405,1.40765,1.40888,1.40746,1.40836,1.40782,1.40905,1.40763,1.4086
2026-07-23 21:00:00+00:00,10170,1.40778,1.40859,1.40698,1.40698,1.40928,1.40928,1.40717,1.40717
2026-07-24 01:00:00+00:00,18639,1.40698,1.40831,1.40673,1.40811,1.40715,1.4085,1.40691,1.4083
2026-07-24 05:00:00+00:00,20182,1.4081,1.40839,1.40653,1.40782,1.4083,1.40857,1.40673,1.40801
2026-07-24 09:00:00+00:00,15584,1.4078,1.41058,1.40719,1.41058,1.40798,1.41076,1.40736,1.41076
2026-07-24 13:00:00+00:00,22564,1.41062,1.41144,1.40737,1.40845,1.41078,1.41159,1.40753,1.40861
2026-07-24 17:00:00+00:00,10595,1.40847,1.41031,1.40847,1.40908,1.40863,1.4105,1.40863,1.40976
2026-07-26 21:00:00+00:00,9582,1.40864,1.40907,1.40725,1.40806,1.40903,1.40964,1.40743,1.40824
2026-07-27 01:00:00+00:00,13586,1.40804,1.4086,1.40698,1.40828,1.40822,1.40879,1.40716,1.40846
2026-07-27 05:00:00+00:00,15458,1.4083,1.41018,1.40801,1.40981,1.40847,1.41036,1.40818,1.40997
2026-07-27 09:00:00+00:00,14389,1.40982,1.41086,1.4097,1.41079,1.40999,1.41102,1.40987,1.41097
2026-07-27 13:00:00+00:00,23224,1.41079,1.41177,1.40986,1.41114,1.41096,1.41194,1.41004,1.41132
2026-07-27 17:00:00+00:00,10314,1.41117,1.41257,1.41116,1.41231,1.41134,1.41274,1.41133,1.41251
2026-07-27 21:00:00+00:00,6172,1.41175,1.41283,1.4115,1.41167,1.41307,1.41307,1.4118,1.41183
2026-07-28 01:00:00+00:00,11393,1.41165,1.41218,1.41104,1.41181,1.41183,1.41238,1.41121,1.41199
2026-07-28 05:00:00+00:00,15899,1.41182,1.4126,1.41094,1.41105,1.41199,1.41278,1.41111,1.41122
2026-07-28 09:00:00+00:00,13082,1.41103,1.41171,1.41035,1.41126,1.41121,1.41189,1.41052,1.41144
2026-07-28 13:00:00+00:00,20227,1.41126,1.41126,1.40854,1.40875,1.41145,1.41145,1.40871,1.40893
2026-07-28 17:00:00+00:00,9799,1.40875,1.41108,1.40873,1.41071,1.40892,1.41126,1.40889,1.41094
2026-07-28 21:00:00+00:00,7995,1.40978,1.4109,1.4096,1.41004,1.41111,1.41128,1.41021,1.41022
2026-07-29 01:00:00+00:00,14711,1.41005,1.4105,1.40874,1.40898,1.41022,1.41069,1.40892,1.40917
2026-07-29 05:00:00+00:00,17128,1.40897,1.41,1.40839,1.40976,1.40915,1.41018,1.40855,1.40993
2026-07-29 09:00:00+00:00,15250,1.40974,1.41057,1.40901,1.40921,1.40992,1.41075,1.40918,1.40939
2026-07-29 13:00:00+00:00,25902,1.4092,1.41001,1.40766,1.40944,1.40935,1.41019,1.40784,1.4096
2026-07-29 17:00:00+00:00,39042,1.40945,1.40972,1.40225,1.40465,1.40962,1.41016,1.40242,1.40487
2026-07-29 21:00:00+00:00,12045,1.40393,1.40469,1.40303,1.40431,1.40532,1.40539,1.4032,1.40449
2026-07-30 01:00:00+00:00,14428,1.40429,1.40554,1.40391,1.40545,1.40446,1.40572,1.40409,1.40563
2026-07-30 05:00:00+00:00,18262,1.40546,1.40673,1.4048,1.40571,1.40562,1.40691,1.40498,1.40589
2026-07-30 09:00:00+00:00,22154,1.40573,1.40576,1.40359,1.40547,1.40592,1.40595,1.40378,1.40565
2026-07-30 13:00:00+00:00,47095,1.40547,1.40581,1.39944,1.39944,1.40564,1.40599,1.3996,1.3996
2026-07-30 17:00:00+00:00,17543,1.39942,1.40103,1.39901,1.40096,1.3996,1.40122,1.39918,1.40119
2026-07-30 21:00:00+00:00,9531,1.40036,1.40142,1.4002,1.40138,1.4017,1.40195,1.40041,1.40157
2026-07-31 01:00:00+00:00,15732,1.40136,1.40229,1.40088,1.40187,1.40154,1.40248,1.40106,1.40205
2026-07-31 05:00:00+00:00,21858,1.40189,1.40221,1.40066,1.40088,1.40208,1.40241,1.40082,1.40105
2026-07-31 09:00:00+00:00,19139,1.40088,1.4049,1.40027,1.40357,1.40108,1.40509,1.40045,1.40375
2026-07-31 13:00:00+00:00,39069,1.40357,1.40579,1.4015,1.40292,1.40374,1.40598,1.40168,1.40309
2026-07-31 17:00:00+00:00,27943,1.40292,1.40302,1.40072,1.40102,1.4031,1.4032,1.40107,1.4017
2026-08-02 21:00:00+00:00,17777,1.40061,1.40212,1.40031,1.40208,1.40155,1.40227,1.40059,1.40226
2026-08-03 01:00:00+00:00,14187,1.40209,1.40347,1.40187,1.40323,1.40226,1.40366,1.40207,1.40341
2026-08-03 05:00:00+00:00,18813,1.40323,1.40439,1.40266,1.40409,1.40343,1.40456,1.40284,1.40427
2026-08-03 09:00:00+00:00,16768,1.40411,1.40448,1.40264,1.40383,1.40427,1.40465,1.40281,1.40402
2026-08-03 13:00:00+00:00,23909,1.40384,1.40489,1.40331,1.40426,1.40402,1.40505,1.40348,1.40444
2026-08-03 17:00:00+00:00,10310,1.40426,1.40529,1.40414,1.40453,1.40445,1.40547,1.40431,1.40477
2026-08-03 21:00:00+00:00,9837,1.40401,1.40474,1.4038,1.40428,1.40533,1.40536,1.40399,1.40445
2026-08-04 01:00:00+00:00,26035,1.40429,1.40474,1.40389,1.40437,1.40445,1.40491,1.40408,1.40455
2026-08-04 05:00:00+00:00,21932,1.40437,1.40648,1.40384,1.40385,1.40454,1.40666,1.404,1.40401
2026-08-04 09:00:00+00:00,22198,1.40383,1.40639,1.40344,1.40625,1.404,1.40656,1.4036,1.40642
2026-08-04 13:00:00+00:00,23581,1.40627,1.40794,1.4051,1.40755,1.40644,1.4081,1.40528,1.40773
2026-08-04 17:00:00+00:00,12668,1.40754,1.40779,1.40595,1.40603,1.4077,1.40797,1.40619,1.40625
2026-08-04 21:00:00+00:00,7889,1.40602,1.40681,1.40579,1.40667,1.40708,1.40731,1.4064,1.40685
2026-08-05 01:00:00+00:00,12086,1.40669,1.4075,1.40634,1.40722,1.40685,1.40769,1.40651,1.4074
2026-08-05 05:00:00+00:00,17542,1.40724,1.40793,1.40648,1.40684,1.40743,1.40811,1.40665,1.40701
2026-08-05 09:00:00+00:00,21088,1.40683,1.40693,1.40401,1.40506,1.40702,1.40711,1.40418,1.40523
2026-08-05 13:00:00+00:00,25719,1.40505,1.40553,1.40137,1.40258,1.40523,1.40571,1.40154,1.40275
2026-08-05 17:00:00+00:00,9189,1.40254,1.40278,1.40043,1.40107,1.40271,1.40296,1.4006,1.40129
2026-08-05 21:00:00+00:00,7366,1.40077,1.40119,1.40052,1.40071,1.40186,1.40209,1.4007,1.40088
2026-08-06 01:00:00+00:00,9774,1.40071,1.40151,1.40018,1.40134,1.40089,1.40168,1.40036,1.40151
2026-08-06 05:00:00+00:00,12151,1.40134,1.40172,1.40058,1.40095,1.40152,1.40189,1.40076,1.40112
2026-08-06 09:00:00+00:00,10458,1.40095,1.40114,1.39898,1.4006,1.40114,1.40132,1.39915,1.40079
2026-08-06 13:00:00+00:00,19917,1.40062,1.40371,1.40048,1.40215,1.40078,1.40388,1.40065,1.40233
2026-08-06 17:00:00+00:00,8017,1.40217,1.40227,1.4011,1.40125,1.40234,1.40245,1.40126,1.40144
2026-08-06 21:00:00+00:00,4538,1.40092,1.40191,1.40064,1.4018,1.40189,1.4021,1.40118,1.40198
2026-08-07 01:00:00+00:00,11536,1.4018,1.40205,1.40122,1.40186,1.40197,1.40223,1.40139,1.40204
2026-08-07 05:00:00+00:00,8972,1.40185,1.40284,1.4018,1.40223,1.40204,1.40301,1.40197,1.40241
2026-08-07 09:00:00+00:00,21518,1.40222,1.40227,1.39418,1.3947,1.40241,1.40246,1.39437,1.39488
2026-08-07 13:00:00+00:00,28410,1.39472,1.3958,1.39248,1.39342,1.3949,1.39597,1.39265,1.39359
2026-08-07 17:00:00+00:00,12776,1.39343,1.39527,1.39308,1.39347,1.39361,1.39547,1.39326,1.39458
2026-08-09 21:00:00+00:00,7298,1.39466,1.39527,1.3941,1.39489,1.39533,1.39562,1.39434,1.39508
2026-08-10 01:00:00+00:00,10583,1.39491,1.39632,1.39489,1.396,1.39508,1.39649,1.39506,1.39618
2026-08-10 05:00:00+00:00,14122,1.396,1.39621,1.39324,1.39397,1.39617,1.39639,1.39343,1.39414
2026-08-10 09:00:00+00:00,13777,1.39397,1.39502,1.39366,1.39475,1.39415,1.3952,1.39383,1.39492
2026-08-10 13:00:00+00:00,17427,1.39473,1.39568,1.39259,1.3933,1.39489,1.39586,1.39275,1.39347
2026-08-10 17:00:00+00:00,8799,1.39329,1.39463,1.39319,1.39399,1.39347,1.39481,1.39336,1.39421
2026-08-10 21:00:00+00:00,6268,1.39339,1.39413,1.3929,1.3932,1.39442,1.39461,1.39306,1.39338
2026-08-11 01:00:00+00:00,13678,1.39319,1.3937,1.3928,1.393,1.39336,1.3939,1.393,1.39318
2026-08-11 05:00:00+00:00,14087,1.39301,1.39453,1.39271,1.39333,1.39318,1.3947,1.39288,1.39351
2026-08-11 09:00:00+00:00,14388,1.39334,1.39409,1.39287,1.39333,1.39351,1.39426,1.39305,1.39351
2026-08-11 13:00:00+00:00,15060,1.39332,1.39385,1.39158,1.3916,1.39351,1.39401,1.39174,1.39176
2026-08-11 17:00:00+00:00,9020,1.39157,1.39261,1.39144,1.39243,1.39175,1.39278,1.39163,1.39262
2026-08-11 21:00:00+00:00,4576,1.39211,1.39248,1.39177,1.39223,1.39282,1.39298,1.39196,1.3924
2026-08-12 01:00:00+00:00,8719,1.39222,1.39307,1.3922,1.39296,1.3924,1.39326,1.39238,1.39314
2026-08-12 05:00:00+00:00,11041,1.39297,1.39338,1.39274,1.39303,1.39314,1.39354,1.39292,1.3932
2026-08-12 09:00:00+00:00,17553,1.39304,1.39375,1.39103,1.39108,1.3932,1.39392,1.39121,1.39125
2026-08-12 13:00:00+00:00,20321,1.39106,1.39413,1.39072,1.39406,1.39124,1.3943,1.39089,1.39424
2026-08-12 17:00:00+00:00,8918,1.39407,1.39464,1.3937,1.39381,1.39426,1.39481,1.3939,1.39406
2026-08-12 21:00:00+00:00,5781,1.3938,1.39425,1.39354,1.39386,1.39457,1.39457,1.3938,1.39405
2026-08-13 01:00:00+00:00,12959,1.39386,1.39502,1.39381,1.39448,1.39406,1.39521,1.39399,1.39465
2026-08-13 05:00:00+00:00,13572,1.39449,1.39577,1.39435,1.3953,1.39465,1.39597,1.39454,1.39548
2026-08-13 09:00:00+00:00,14682,1.3953,1.39554,1.39302,1.39308,1.39547,1.39572,1.3932,1.39327
2026-08-13 13:00:00+00:00,21011,1.39308,1.39534,1.39288,1.39309,1.39326,1.39551,1.39306,1.39327
2026-08-13 17:00:00+00:00,9477,1.39309,1.39382,1.39271,1.39303,1.39326,1.39399,1.39289,1.39327
2026-08-13 21:00:00+00:00,7766,1.39276,1.39334,1.39201,1.39206,1.39377,1.39394,1.39219,1.39223
2026-08-14 01:00:00+00:00,11279,1.39207,1.39297,1.39174,1.3918,1.39226,1.39315,1.39193,1.39199
2026-08-14 05:00:00+00:00,14597,1.39181,1.39185,1.38853,1.38912,1.39199,1.39202,1.38868,1.3893
2026-08-14 09:00:00+00:00,14208,1.38912,1.38918,1.38662,1.38806,1.38931,1.38935,1.3868,1.38824
2026-08-14 13:00:00+00:00,21332,1.38804,1.38827,1.38636,1.38719,1.38821,1.38845,1.38652,1.38736
2026-08-14 17:00:00+00:00,9009,1.38719,1.38803,1.38697,1.38718,1.38737,1.38821,1.38726,1.38772
2026-08-16 21:00:00+00:00,7246,1.38743,1.38748,1.38629,1.38658,1.38827,1.38836,1.38644,1.38676
2026-08-17 01:00:00+00:00,10880,1.38658,1.38712,1.38609,1.38632,1.38677,1.38731,1.3863,1.38651
2026-08-17 05:00:00+00:00,9566,1.38631,1.3866,1.38514,1.38573,1.38651,1.38679,1.38534,1.38591
2026-08-17 09:00:00+00:00,12071,1.38574,1.38663,1.38499,1.38507,1.38591,1.38681,1.38516,1.38524
2026-08-17 13:00:00+00:00,17263,1.38506,1.38736,1.38439,1.38684,1.38524,1.38754,1.38455,1.38701
2026-08-17 17:00:00+00:00,9127,1.38685,1.38771,1.38656,1.38733,1.38703,1.38788,1.38672,1.38764
2026-08-17 21:00:00+00:00,4988,1.38638,1.38756,1.38619,1.38695,1.38788,1.38801,1.38669,1.38712
2026-08-18 01:00:00+00:00,11883,1.38695,1.38769,1.38652,1.38755,1.3871,1.38787,1.3867,1.38774
2026-08-18 05:00:00+00:00,12030,1.38755,1.38781,1.38629,1.38667,1.38772,1.38799,1.38644,1.38685
2026-08-18 09:00:00+00:00,11946,1.38667,1.38772,1.38609,1.38737,1.38686,1.38789,1.38627,1.38754
2026-08-18 13:00:00+00:00,19745,1.38737,1.3897,1.38663,1.38963,1.38752,1.38988,1.38678,1.3898
2026-08-18 17:00:00+00:00,10696,1.38964,1.39097,1.38925,1.38953,1.38979,1.39114,1.38943,1.38975
2026-08-18 21:00:00+00:00,7782,1.38893,1.39015,1.38887,1.39012,1.38943,1.39035,1.38934,1.3903
2026-08-19 01:00:00+00:00,16541,1.39014,1.39071,1.3871,1.38801,1.39033,1.39091,1.38729,1.3882
2026-08-19 05:00:00+00:00,15208,1.38802,1.38834,1.38694,1.38771,1.3882,1.38853,1.38712,1.38791
2026-08-19 09:00:00+00:00,18099,1.38771,1.38781,1.38561,1.386,1.3879,1.38799,1.38581,1.38616
2026-08-19 13:00:00+00:00,33815,1.386,1.38601,1.38026,1.38118,1.38618,1.38618,1.38041,1.38135
2026-08-19 17:00:00+00:00,16213,1.38119,1.38257,1.38063,1.3807,1.38134,1.38275,1.38083,1.38094
2026-08-19 21:00:00+00:00,7031,1.38054,1.381,1.38023,1.38089,1.38112,1.38118,1.38041,1.38108
2026-08-20 01:00:00+00:00,16353,1.38089,1.38119,1.37926,1.38021,1.38107,1.38138,1.37943,1.3804
2026-08-20 05:00:00+00:00,18319,1.3802,1.38029,1.37692,1.37697,1.38038,1.38047,1.3771,1.37714
2026-08-20 09:00:00+00:00,22688,1.37697,1.37854,1.37548,1.37777,1.37712,1.37872,1.37563,1.37794
2026-08-20 13:00:00+00:00,25959,1.37775,1.37949,1.37653,1.37904,1.37793,1.37966,1.37669,1.37921
2026-08-20 17:00:00+00:00,10630,1.37906,1.37942,1.37852,1.37886,1.37924,1.37959,1.3787,1.37911
2026-08-20 21:00:00+00:00,6677,1.37841,1.3788,1.37754,1.3777,1.37966,1.37966,1.37773,1.37787
2026-08-21 01:00:00+00:00,10411,1.3777,1.378,1.37599,1.37656,1.37788,1.37815,1.37617,1.37674
2026-08-21 05:00:00+00:00,14138,1.37655,1.37677,1.37456,1.3746,1.37674,1.37695,1.37472,1.37477
2026-08-21 09:00:00+00:00,16541,1.37461,1.37507,1.37314,1.37451,1.37477,1.37524,1.3733,1.37467
2026-08-21 13:00:00+00:00,24458,1.37451,1.37768,1.37429,1.37647,1.37466,1.37785,1.37446,1.37664
2026-08-21 17:00:00+00:00,10512,1.37648,1.37688,1.37546,1.37639,1.37666,1.37728,1.37564,1.37699
2026-08-23 21:00:00+00:00,10471,1.38125,1.38148,1.37819,1.37867,1.38186,1.3824,1.37837,1.37887
2026-08-24 01:00:00+00:00,16248,1.37868,1.37983,1.37866,1.37942,1.37886,1.37998,1.37882,1.3796
2026-08-24 05:00:00+00:00,22050,1.3794,1.38433,1.37932,1.38421,1.37959,1.3845,1.3795,1.38437
2026-08-24 09:00:00+00:00,20398,1.38421,1.38501,1.38285,1.38348,1.38436,1.38518,1.38303,1.38365
2026-08-24 13:00:00+00:00,26503,1.38346,1.38477,1.38204,1.38474,1.38364,1.38494,1.38221,1.38491
2026-08-24 17:00:00+00:00,12055,1.38472,1.38594,1.38425,1.38438,1.38489,1.38612,1.38445,1.38461
2026-08-24 21:00:00+00:00,7821,1.38363,1.3848,1.38363,1.3845,1.3849,1.38517,1.38411,1.38467
2026-08-25 01:00:00+00:00,12589,1.38449,1.38596,1.38439,1.38589,1.38467,1.38613,1.38458,1.38606
2026-08-25 05:00:00+00:00,16768,1.38588,1.38663,1.3855,1.38598,1.38606,1.38681,1.38567,1.38615
2026-08-25 09:00:00+00:00,20826,1.38595,1.3864,1.38505,1.38506,1.38611,1.38656,1.38522,1.38525
2026-08-25 13:00:00+00:00,23268,1.38507,1.38552,1.38252,1.3838,1.38525,1.38569,1.38269,1.38397
2026-08-25 17:00:00+00:00,12831,1.3838,1.38455,1.38245,1.38399,1.38398,1.38478,1.38262,1.38425
2026-08-25 21:00:00+00:00,7897,1.38293,1.38427,1.38293,1.38415,1.38443,1.38473,1.38346,1.38433
2026-08-26 01:00:00+00:00,13522,1.38417,1.38652,1.38412,1.38641,1.38436,1.38668,1.38429,1.3866
2026-08-26 05:00:00+00:00,14390,1.3864,1.38667,1.3855,1.38653,1.38658,1.38685,1.38567,1.38671
2026-08-26 09:00:00+00:00,13621,1.38653,1.38735,1.38529,1.38712,1.38669,1.38752,1.38566,1.38729
2026-08-26 13:00:00+00:00,22979,1.38713,1.38923,1.38652,1.38771,1.38728,1.3894,1.3867,1.38787
2026-08-26 17:00:00+00:00,9931,1.38769,1.38801,1.38705,1.38754,1.38784,1.38819,1.38723,1.38781
2026-08-26 21:00:00+00:00,9670,1.38712,1.38806,1.38689,1.38729,1.38828,1.38846,1.3874,1.38746
2026-08-27 01:00:00+00:00,12822,1.38729,1.38847,1.38725,1.38813,1.38747,1.38866,1.38742,1.38832
2026-08-27 05:00:00+00:00,17135,1.38813,1.38904,1.38766,1.38807,1.38831,1.38923,1.38784,1.38826
2026-08-27 09:00:00+00:00,17919,1.38807,1.38871,1.38661,1.3872,1.38825,1.3889,1.38679,1.38736
2026-08-27 13:00:00+00:00,25553,1.3872,1.38731,1.38519,1.38561,1.38738,1.38748,1.38536,1.38578
2026-08-27 17:00:00+00:00,10987,1.38561,1.38614,1.38512,1.38548,1.38577,1.38631,1.3853,1.38569
2026-08-27 21:00:00+00:00,5304,1.38496,1.38565,1.38472,1.38482,1.38557,1.38597,1.38491,1.385
2026-08-28 01:00:00+00:00,10585,1.38483,1.38549,1.38473,1.38518,1.385,1.38567,1.38489,1.38537
2026-08-28 05:00:00+00:00,12948,1.38518,1.38577,1.38463,1.38549,1.38536,1.38596,1.38481,1.38567
2026-08-28 09:00:00+00:00,14136,1.38547,1.38599,1.38439,1.38529,1.38565,1.38617,1.38457,1.38546
2026-08-28 13:00:00+00:00,36762,1.38529,1.39078,1.38415,1.39013,1.38547,1.39096,1.38444,1.3903
2026-08-28 17:00:00+00:00,12830,1.39012,1.39092,1.38985,1.39026,1.3903,1.3911,1.39003,1.39068
2026-08-30 21:00:00+00:00,7929,1.39076,1.39104,1.38959,1.3898,1.39124,1.39147,1.38977,1.38999
2026-08-31 01:00:00+00:00,18868,1.38981,1.39029,1.38878,1.38894,1.38999,1.39047,1.38896,1.38911
2026-08-31 05:00:00+00:00,16274,1.38893,1.39011,1.38876,1.38978,1.38912,1.39029,1.38893,1.38996
2026-08-31 09:00:00+00:00,18796,1.38976,1.38987,1.38794,1.38798,1.38994,1.39005,1.38811,1.38816
2026-08-31 13:00:00+00:00,22765,1.38798,1.3883,1.38554,1.38593,1.38815,1.38847,1.38571,1.38612
2026-08-31 17:00:00+00:00,8655,1.38592,1.38617,1.38519,1.38541,1.38608,1.38635,1.38537,1.38562
2026-08-31 21:00:00+00:00,8331,1.38501,1.38579,1.38444,1.38535,1.38634,1.3864,1.38461,1.38553
2026-09-01 01:00:00+00:00,13790,1.38538,1.38699,1.38529,1.38658,1.38553,1.38717,1.38547,1.38675
2026-09-01 05:00:00+00:00,16365,1.38658,1.3876,1.38587,1.38703,1.38676,1.38779,1.38606,1.38722
2026-09-01 09:00:00+00:00,18019,1.38701,1.38872,1.38653,1.38826,1.38721,1.3889,1.38671,1.38843
2026-09-01 13:00:00+00:00,24039,1.38828,1.3906,1.38795,1.39042,1.38844,1.39077,1.38812,1.39059
2026-09-01 17:00:00+00:00,12009,1.39043,1.39058,1.38914,1.38951,1.39059,1.39076,1.3893,1.38977
2026-09-01 21:00:00+00:00,8377,1.38867,1.39002,1.38856,1.38984,1.39017,1.39074,1.38949,1.39002
2026-09-02 01:00:00+00:00,21658,1.38985,1.39212,1.38959,1.39208,1.39005,1.39232,1.38976,1.39226
2026-09-02 05:00:00+00:00,22909,1.39209,1.39359,1.39096,1.39353,1.39226,1.39377,1.39115,1.39371
2026-09-02 09:00:00+00:00,20756,1.39353,1.39392,1.391,1.3916,1.3937,1.3941,1.39116,1.39178
2026-09-02 13:00:00+00:00,36638,1.39159,1.39189,1.3837,1.38455,1.39176,1.39208,1.38389,1.38472
2026-09-02 17:00:00+00:00,13438,1.38456,1.38485,1.38341,1.38435,1.38472,1.38503,1.38359,1.38457
2026-09-02 21:00:00+00:00,7313,1.38344,1.3847,1.38344,1.38384,1.38449,1.38489,1.38367,1.384
2026-09-03 01:00:00+00:00,17090,1.38382,1.38401,1.38257,1.38311,1.38397,1.38419,1.38277,1.38329
2026-09-03 05:00:00+00:00,25863,1.3831,1.38362,1.38029,1.38062,1.38329,1.38381,1.38047,1.38082
2026-09-03 09:00:00+00:00,24765,1.38059,1.38132,1.37844,1.37914,1.38079,1.38149,1.37872,1.37931
2026-09-03 13:00:00+00:00,30611,1.37913,1.38064,1.37645,1.37702,1.37931,1.38081,1.37662,1.3772
2026-09-03 17:00:00+00:00,11720,1.37703,1.37952,1.37699,1.37927,1.3772,1.37971,1.37716,1.37949
2026-09-03 21:00:00+00:00,7846,1.37848,1.37942,1.37805,1.37891,1.37998,1.38048,1.37884,1.37909
2026-09-04 01:00:00+00:00,13459,1.37889,1.37946,1.37838,1.37907,1.37907,1.37965,1.37857,1.37923
2026-09-04 05:00:00+00:00,14706,1.37908,1.38053,1.37876,1.38003,1.37923,1.38071,1.37894,1.3802
2026-09-04 09:00:00+00:00,21837,1.38002,1.38715,1.37907,1.38658,1.3802,1.38732,1.37941,1.38675
2026-09-04 13:00:00+00:00,32591,1.38658,1.38711,1.38299,1.38358,1.38677,1.3873,1.38316,1.38376
2026-09-04 17:00:00+00:00,10594,1.38359,1.38409,1.38265,1.38351,1.38376,1.38426,1.38282,1.38379
2026-09-06 21:00:00+00:00,8061,1.38283,1.38379,1.3826,1.38307,1.38387,1.38396,1.38309,1.38324
2026-09-07 01:00:00+00:00,15247,1.38307,1.38407,1.38296,1.38344,1.38323,1.38426,1.38315,1.38363
2026-09-07 05:00:00+00:00,15818,1.38345,1.38372,1.38182,1.38251,1.38363,1.3839,1.382,1.3827
2026-09-07 09:00:00+00:00,12346,1.38252,1.38268,1.38092,1.38119,1.3827,1.38287,1.3811,1.38136
2026-09-07 13:00:00+00:00,9312,1.38121,1.38185,1.38043,1.38095,1.38137,1.38203,1.3806,1.38113
2026-09-07 17:00:00+00:00,1662,1.38094,1.38172,1.38094,1.38136,1.38111,1.3819,1.38111,1.38156
2026-09-07 21:00:00+00:00,9263,1.3808,1.38138,1.38016,1.38072,1.3823,1.38252,1.38034,1.3809
2026-09-08 01:00:00+00:00,15760,1.38072,1.38111,1.37988,1.38025,1.38091,1.3813,1.38007,1.38043
2026-09-08 05:00:00+00:00,21151,1.38024,1.38029,1.37749,1.38014,1.38041,1.38046,1.37765,1.38031
2026-09-08 09:00:00+00:00,18565,1.38014,1.3814,1.37885,1.37885,1.38032,1.38159,1.37902,1.37902
2026-09-08 13:00:00+00:00,25176,1.37885,1.37928,1.3759,1.37875,1.37904,1.37945,1.37607,1.37892
2026-09-08 17:00:00+00:00,13837,1.37873,1.37911,1.37759,1.37821,1.37891,1.37929,1.37775,1.37842
2026-09-08 21:00:00+00:00,7151,1.37762,1.37871,1.37733,1.3774,1.37912,1.37942,1.3775,1.37755
2026-09-09 01:00:00+00:00,13730,1.37739,1.37821,1.37718,1.37721,1.37755,1.37838,1.37737,1.37739
2026-09-09 05:00:00+00:00,15882,1.37723,1.3779,1.37659,1.37784,1.37741,1.37808,1.37677,1.37801
2026-09-09 09:00:00+00:00,16327,1.37785,1.37862,1.37652,1.37775,1.37804,1.3788,1.3767,1.37791
2026-09-09 13:00:00+00:00,26379,1.37775,1.38196,1.37774,1.38057,1.37792,1.38214,1.37791,1.38075
2026-09-09 17:00:00+00:00,10066,1.38058,1.38116,1.38007,1.38045,1.38077,1.38135,1.38025,1.38067
2026-09-09 21:00:00+00:00,7188,1.37998,1.38083,1.37947,1.38076,1.38148,1.3815,1.38007,1.38095
2026-09-10 01:00:00+00:00,11876,1.38076,1.38113,1.38034,1.38081,1.38093,1.38132,1.38051,1.38099
2026-09-10 05:00:00+00:00,11064,1.38081,1.3811,1.38016,1.38044,1.381,1.38127,1.38036,1.38061
2026-09-10 09:00:00+00:00,19077,1.38042,1.38342,1.38005,1.38252,1.38059,1.38362,1.38023,1.38271
2026-09-10 13:00:00+00:00,27414,1.38252,1.38319,1.38038,1.38171,1.38269,1.38337,1.38057,1.38189
2026-09-10 17:00:00+00:00,10517,1.38171,1.38387,1.38126,1.38324,1.38188,1.38406,1.38143,1.38347
2026-09-10 21:00:00+00:00,8951,1.38227,1.38367,1.38213,1.38342,1.38377,1.38435,1.38307,1.3836
2026-09-11 01:00:00+00:00,24876,1.38342,1.38458,1.38331,1.38395,1.38361,1.38476,1.38351,1.38413
2026-09-11 05:00:00+00:00,24801,1.38397,1.38465,1.38336,1.3846,1.38416,1.38484,1.38355,1.38478
2026-09-11 09:00:00+00:00,25250,1.3846,1.38821,1.38423,1.38616,1.38479,1.38874,1.3844,1.38633
2026-09-11 13:00:00+00:00,34796,1.38615,1.38833,1.38588,1.38628,1.38634,1.3885,1.38606,1.38645
2026-09-11 17:00:00+00:00,15792,1.38627,1.38726,1.38601,1.38703,1.38645,1.3878,1.38617,1.38741
2026-09-13 21:00:00+00:00,9136,1.38661,1.38718,1.3864,1.38664,1.38718,1.38781,1.38658,1.38683
2026-09-14 01:00:00+00:00,17288,1.38663,1.38745,1.38663,1.38736,1.38683,1.38762,1.38682,1.38755
2026-09-14 05:00:00+00:00,17135,1.38739,1.3897,1.38706,1.38964,1.38756,1.38987,1.38726,1.38983
2026-09-14 09:00:00+00:00,16309,1.38965,1.39163,1.38853,1.39155,1.38983,1.39181,1.38871,1.39172
2026-09-14 13:00:00+00:00,24424,1.39156,1.39291,1.38994,1.39022,1.39174,1.39308,1.3901,1.39039
2026-09-14 17:00:00+00:00,10617,1.3902,1.3906,1.3897,1.39,1.39037,1.39077,1.38987,1.3902
2026-09-14 21:00:00+00:00,8371,1.38986,1.39045,1.38963,1.39024,1.39075,1.39075,1.38982,1.39042
2026-09-15 01:00:00+00:00,18385,1.39023,1.39154,1.39021,1.3913,1.3904,1.39173,1.39039,1.39147
2026-09-15 05:00:00+00:00,17571,1.3913,1.39137,1.38975,1.39044,1.39148,1.39156,1.38994,1.39062
2026-09-15 09:00:00+00:00,15913,1.39045,1.39286,1.39016,1.39248,1.39062,1.39304,1.39034,1.39266
2026-09-15 13:00:00+00:00,20838,1.39246,1.39275,1.39059,1.39108,1.39263,1.39292,1.39078,1.39125
2026-09-15 17:00:00+00:00,9805,1.39109,1.39242,1.39096,1.39193,1.39127,1.39261,1.39112,1.39222
2026-09-15 21:00:00+00:00,7617,1.39108,1.39302,1.39102,1.39288,1.39214,1.39321,1.39187,1.39305
2026-09-16 01:00:00+00:00,10788,1.39289,1.39362,1.39268,1.39281,1.39307,1.3938,1.39285,1.393
2026-09-16 05:00:00+00:00,13693,1.39283,1.39376,1.39204,1.39282,1.393,1.39394,1.39221,1.393
2026-09-16 09:00:00+00:00,11581,1.3928,1.39432,1.3923,1.39354,1.39298,1.39449,1.39248,1.39371
2026-09-16 13:00:00+00:00,17204,1.39356,1.39415,1.39286,1.39392,1.39374,1.39432,1.39303,1.39411
2026-09-16 17:00:00+00:00,33217,1.39395,1.39943,1.39285,1.3988,1.39412,1.39959,1.39333,1.39904
2026-09-16 21:00:00+00:00,10173,1.39852,1.39944,1.39851,1.39924,1.39943,1.39962,1.39869,1.39942
2026-09-17 01:00:00+00:00,25985,1.39922,1.39976,1.39878,1.39884,1.3994,1.39993,1.39898,1.39901
2026-09-17 05:00:00+00:00,20956,1.39883,1.3996,1.39802,1.39884,1.39901,1.39978,1.39821,1.39902
2026-09-17 09:00:00+00:00,19666,1.39884,1.40008,1.39802,1.39819,1.39903,1.40025,1.39825,1.39837
2026-09-17 13:00:00+00:00,20678,1.39821,1.39967,1.39731,1.39849,1.39837,1.39985,1.39747,1.39864
2026-09-17 17:00:00+00:00,11430,1.39847,1.39924,1.39846,1.39899,1.39862,1.39943,1.39862,1.39931
2026-09-17 21:00:00+00:00,8947,1.39826,1.39933,1.39812,1.3988,1.39966,1.39973,1.39894,1.39898
2026-09-18 01:00:00+00:00,19006,1.3988,1.39899,1.39754,1.3982,1.39899,1.39918,1.39773,1.39839
2026-09-18 05:00:00+00:00,17566,1.39821,1.40035,1.39802,1.39997,1.39838,1.40052,1.39821,1.40015
2026-09-18 09:00:00+00:00,15034,1.39997,1.40137,1.39956,1.40048,1.40014,1.40155,1.39974,1.40065
2026-09-18 13:00:00+00:00,21869,1.40051,1.40133,1.39988,1.4,1.40067,1.40151,1.40004,1.40017
2026-09-18 17:00:00+00:00,11199,1.39999,1.39999,1.39801,1.39815,1.40015,1.40015,1.39826,1.39871
2026-09-20 21:00:00+00:00,7343,1.39825,1.39952,1.398,1.39952,1.39975,1.39978,1.39843,1.3997
2026-09-21 01:00:00+00:00,12078,1.39953,1.4006,1.39936,1.40042,1.39972,1.40079,1.39954,1.4006
2026-09-21 05:00:00+00:00,14538,1.40041,1.40226,1.40038,1.40135,1.4006,1.40245,1.40054,1.40153
2026-09-21 09:00:00+00:00,14037,1.40135,1.40219,1.39957,1.39959,1.40154,1.40238,1.39974,1.39976
2026-09-21 13:00:00+00:00,15628,1.39961,1.40314,1.3996,1.40307,1.39977,1.40332,1.39977,1.40324
2026-09-21 17:00:00+00:00,8261,1.40307,1.40384,1.40271,1.40339,1.40325,1.40402,1.40288,1.40363
2026-09-21 21:00:00+00:00,6319,1.40262,1.40337,1.40255,1.40305,1.40384,1.404,1.40299,1.40323
2026-09-22 01:00:00+00:00,16523,1.40305,1.4043,1.40237,1.40242,1.40324,1.40448,1.40256,1.40259
2026-09-22 05:00:00+00:00,20394,1.40242,1.40491,1.40237,1.40385,1.4026,1.4051,1.40255,1.40405
2026-09-22 09:00:00+00:00,22091,1.40387,1.40474,1.40268,1.40472,1.40405,1.40491,1.40287,1.4049
2026-09-22 13:00:00+00:00,22491,1.40472,1.40782,1.40444,1.407,1.40492,1.40799,1.4046,1.40717
2026-09-22 17:00:00+00:00,13834,1.40702,1.40835,1.40597,1.40642,1.4072,1.40852,1.40614,1.40662
2026-09-22 21:00:00+00:00,8669,1.40577,1.40693,1.40565,1.40667,1.40652,1.4071,1.40639,1.40686
2026-09-23 01:00:00+00:00,17031,1.40667,1.4085,1.40666,1.40826,1.40684,1.40867,1.40682,1.40844
2026-09-23 05:00:00+00:00,19069,1.40829,1.4091,1.40768,1.40808,1.40848,1.4093,1.40786,1.40823
2026-09-23 09:00:00+00:00,17228,1.40807,1.40937,1.40773,1.4084,1.40823,1.40955,1.40791,1.40858
2026-09-23 13:00:00+00:00,27211,1.40839,1.41055,1.4081,1.41035,1.40855,1.41073,1.40829,1.41054
2026-09-23 17:00:00+00:00,15636,1.41035,1.4109,1.40903,1.41033,1.41052,1.4111,1.40919,1.41052
2026-09-23 21:00:00+00:00,7072,1.4093,1.41118,1.40865,1.41068,1.41057,1.41136,1.4095,1.41086
2026-09-24 01:00:00+00:00,18678,1.41066,1.41129,1.40992,1.41033,1.41086,1.41147,1.4101,1.41052
2026-09-24 05:00:00+00:00,21123,1.41034,1.41091,1.4096,1.4105,1.41054,1.41108,1.4098,1.41068
2026-09-24 09:00:00+00:00,16781,1.41052,1.41236,1.41026,1.4122,1.41068,1.41255,1.41044,1.41237
2026-09-24 13:00:00+00:00,24467,1.4122,1.4149,1.41208,1.41336,1.41238,1.41506,1.41224,1.41354
2026-09-24 17:00:00+00:00,13363,1.41337,1.4146,1.41313,1.41371,1.41354,1.41477,1.41332,1.41393
2026-09-24 21:00:00+00:00,6870,1.41286,1.41469,1.41275,1.41444,1.41416,1.41489,1.41384,1.41462
2026-09-25 01:00:00+00:00,10850,1.41445,1.41491,1.41391,1.41485,1.41462,1.4151,1.41411,1.41504
2026-09-25 05:00:00+00:00,14888,1.41484,1.41539,1.41391,1.41483,1.41502,1.41556,1.41409,1.41498
2026-09-25 09:00:00+00:00,15739,1.41482,1.41494,1.41325,1.41398,1.41498,1.41511,1.41344,1.41418
2026-09-25 13:00:00+00:00,27590,1.41398,1.41511,1.41337,1.41501,1.41417,1.41529,1.41353,1.41519
2026-09-25 17:00:00+00:00,11573,1.41502,1.41537,1.4137,1.41383,1.41521,1.41554,1.41416,1.41419
2026-09-27 21:00:00+00:00,9502,1.41346,1.41636,1.41345,1.41557,1.41496,1.41656,1.41476,1.41576
