time,volume,bid_open,bid_high,bid_low,bid_close,ask_open,ask_high,ask_low,ask_close
2025-09-30 21:00:00+00:00,8917,0.79519,0.7968,0.79499,0.79625,0.79669,0.79721,0.79613,0.79641
2025-10-01 01:00:00+00:00,8230,0.79625,0.79659,0.79416,0.79429,0.79639,0.79676,0.7943,0.79443
2025-10-01 05:00:00+00:00,14457,0.79429,0.79582,0.79278,0.79573,0.79444,0.79598,0.79292,0.79586
2025-10-01 09:00:00+00:00,22723,0.79574,0.79879,0.79506,0.79732,0.79588,0.79895,0.79521,0.79745
2025-10-01 13:00:00+00:00,24669,0.7973,0.79895,0.79614,0.79817,0.79744,0.7991,0.79632,0.79831
2025-10-01 17:00:00+00:00,7249,0.79815,0.79818,0.79658,0.79697,0.7983,0.79833,0.79674,0.79733
2025-10-01 21:00:00+00:00,6541,0.7964,0.7974,0.79628,0.79704,0.79778,0.79788,0.79681,0.79721
2025-10-02 01:00:00+00:00,7493,0.79703,0.79733,0.79602,0.79662,0.79719,0.79748,0.79619,0.79677
2025-10-02 05:00:00+00:00,10303,0.79663,0.79747,0.7958,0.79617,0.79679,0.79762,0.79594,0.79631
2025-10-02 09:00:00+00:00,11467,0.79617,0.79686,0.79505,0.79659,0.79633,0.79702,0.79519,0.79674
2025-10-02 13:00:00+00:00,17258,0.79656,0.79997,0.79629,0.79803,0.7967,0.80012,0.79642,0.79819
2025-10-02 17:00:00+00:00,5963,0.79805,0.7985,0.79709,0.79775,0.79819,0.79866,0.79723,0.79797
2025-10-02 21:00:00+00:00,5709,0.79738,0.79765,0.79698,0.79731,0.79888,0.79909,0.79714,0.79747
2025-10-03 01:00:00+00:00,8793,0.79731,0.79791,0.79699,0.79765,0.79749,0.79807,0.79714,0.79781
2025-10-03 05:00:00+00:00,8880,0.79765,0.79795,0.7957,0.79616,0.7978,0.79812,0.79585,0.7963
2025-10-03 09:00:00+00:00,9145,0.79617,0.79712,0.79562,0.7957,0.79633,0.79728,0.79575,0.79584
2025-10-03 13:00:00+00:00,15749,0.79569,0.79661,0.79463,0.79523,0.79585,0.79676,0.79477,0.79536
2025-10-03 17:00:00+00:00,4118,0.79523,0.79608,0.79461,0.79495,0.79537,0.79623,0.79517,0.7955
2025-10-05 21:00:00+00:00,14421,0.79626,0.79772,0.79578,0.79646,0.79691,0.79788,0.79652,0.79662
2025-10-06 01:00:00+00:00,11524,0.79645,0.79709,0.79529,0.79595,0.79658,0.79725,0.79544,0.79609
2025-10-06 05:00:00+00:00,18702,0.79598,0.79929,0.79551,0.79858,0.79612,0.79943,0.79566,0.79872
2025-10-06 09:00:00+00:00,14612,0.79858,0.79932,0.79706,0.79715,0.79873,0.79947,0.7972,0.79729
2025-10-06 13:00:00+00:00,14152,0.79713,0.79761,0.79473,0.79503,0.79726,0.79776,0.79487,0.7952
2025-10-06 17:00:00+00:00,4755,0.79505,0.79552,0.79462,0.79468,0.7952,0.79566,0.79475,0.79527
2025-10-06 21:00:00+00:00,10335,0.7947,0.79532,0.79432,0.79496,0.7962,0.79641,0.7949,0.79509
2025-10-07 01:00:00+00:00,11423,0.79496,0.79571,0.79492,0.79552,0.7951,0.79589,0.79508,0.79567
2025-10-07 05:00:00+00:00,11975,0.79552,0.79773,0.79543,0.7977,0.79568,0.79786,0.79558,0.79783
2025-10-07 09:00:00+00:00,11435,0.79771,0.7991,0.79688,0.79747,0.79786,0.79923,0.79701,0.79759
2025-10-07 13:00:00+00:00,13571,0.7975,0.79829,0.79666,0.79733,0.79763,0.79844,0.79681,0.79748
2025-10-07 17:00:00+00:00,7207,0.79732,0.7989,0.79655,0.79808,0.79746,0.79905,0.7967,0.79833
2025-10-07 21:00:00+00:00,15600,0.79738,0.79918,0.79675,0.79892,0.79888,0.79935,0.79797,0.79906
2025-10-08 01:00:00+00:00,10053,0.79892,0.80098,0.79892,0.80082,0.79908,0.80113,0.79908,0.80097
2025-10-08 05:00:00+00:00,12057,0.80082,0.80181,0.80043,0.80103,0.80098,0.80195,0.80056,0.80118
2025-10-08 09:00:00+00:00,11026,0.80103,0.80127,0.79937,0.80022,0.80116,0.80141,0.79952,0.80037
2025-10-08 13:00:00+00:00,13993,0.80024,0.80274,0.79979,0.80216,0.80037,0.80288,0.79993,0.80232
2025-10-08 17:00:00+00:00,6675,0.80216,0.80287,0.80151,0.80169,0.8023,0.803,0.80165,0.80222
2025-10-08 21:00:00+00:00,6189,0.80117,0.80184,0.80064,0.80097,0.80202,0.80282,0.80081,0.8011
2025-10-09 01:00:00+00:00,4239,0.80098,0.801,0.8002,0.80044,0.8011,0.80113,0.80035,0.80057
2025-10-09 05:00:00+00:00,11073,0.80044,0.80348,0.80037,0.80195,0.80059,0.80362,0.80053,0.80211
2025-10-09 09:00:00+00:00,10899,0.80198,0.80237,0.80036,0.80227,0.80211,0.80253,0.8005,0.80241
2025-10-09 13:00:00+00:00,21853,0.80226,0.80691,0.80164,0.8066,0.80241,0.80705,0.8018,0.80675
2025-10-09 17:00:00+00:00,8644,0.80661,0.80755,0.80585,0.80622,0.80675,0.80769,0.80599,0.80641
2025-10-09 21:00:00+00:00,5411,0.80621,0.80672,0.80526,0.80626,0.80747,0.8078,0.80608,0.80642
2025-10-10 01:00:00+00:00,7694,0.80627,0.80663,0.8058,0.80584,0.80642,0.80678,0.80594,0.80602
2025-10-10 05:00:00+00:00,11903,0.80584,0.80608,0.80465,0.80512,0.806,0.80622,0.80479,0.80525
2025-10-10 09:00:00+00:00,9902,0.80512,0.80642,0.80491,0.80551,0.80524,0.80656,0.80506,0.80563
2025-10-10 13:00:00+00:00,26565,0.80549,0.80613,0.79995,0.80136,0.80563,0.80626,0.80009,0.80151
2025-10-10 17:00:00+00:00,9289,0.80133,0.80205,0.79823,0.79863,0.80146,0.80219,0.79928,0.79972
2025-10-12 21:00:00+00:00,12541,0.80041,0.80381,0.79942,0.80112,0.80191,0.80397,0.8008,0.80128
2025-10-13 01:00:00+00:00,9504,0.80111,0.80162,0.8008,0.80107,0.80125,0.80178,0.80096,0.80121
2025-10-13 05:00:00+00:00,15396,0.80106,0.80428,0.79995,0.80403,0.80119,0.80442,0.80007,0.80417
2025-10-13 09:00:00+00:00,14226,0.80406,0.8051,0.80243,0.80459,0.80419,0.80524,0.80259,0.80473
2025-10-13 13:00:00+00:00,12753,0.8046,0.80573,0.80366,0.80398,0.80475,0.80588,0.80381,0.80413
2025-10-13 17:00:00+00:00,4078,0.80398,0.80426,0.80371,0.80392,0.80412,0.80441,0.80387,0.80435
2025-10-13 21:00:00+00:00,7708,0.80372,0.80494,0.80292,0.80452,0.80446,0.80522,0.80399,0.80464
2025-10-14 01:00:00+00:00,8720,0.80451,0.80456,0.80231,0.8025,0.80464,0.8047,0.80248,0.80264
2025-10-14 05:00:00+00:00,17628,0.80249,0.80455,0.80175,0.8032,0.80266,0.8047,0.8019,0.80335
2025-10-14 09:00:00+00:00,11468,0.80319,0.80478,0.80319,0.80418,0.80335,0.80493,0.80333,0.80432
2025-10-14 13:00:00+00:00,20086,0.80419,0.80444,0.8002,0.80074,0.80434,0.80457,0.80033,0.80088
2025-10-14 17:00:00+00:00,7433,0.80078,0.80142,0.80047,0.80069,0.80092,0.80156,0.80061,0.80117
2025-10-14 21:00:00+00:00,5254,0.80078,0.80152,0.7996,0.80103,0.80129,0.80176,0.80093,0.8012
2025-10-15 01:00:00+00:00,6182,0.80103,0.80112,0.79979,0.79998,0.80118,0.80125,0.79994,0.80012
2025-10-15 05:00:00+00:00,10834,0.79998,0.80014,0.79902,0.79973,0.80014,0.8003,0.79916,0.79988
2025-10-15 09:00:00+00:00,10246,0.79977,0.80101,0.79968,0.80057,0.79991,0.80117,0.79982,0.80071
2025-10-15 13:00:00+00:00,15213,0.80057,0.80079,0.7956,0.79663,0.8007,0.80092,0.79575,0.79679
2025-10-15 17:00:00+00:00,5782,0.79666,0.79766,0.79631,0.79669,0.79681,0.79781,0.79646,0.79687
2025-10-15 21:00:00+00:00,6951,0.79643,0.79702,0.79495,0.79532,0.79693,0.79821,0.79511,0.79548
2025-10-16 01:00:00+00:00,8869,0.79532,0.79553,0.79324,0.79545,0.79546,0.79569,0.7934,0.7956
2025-10-16 05:00:00+00:00,11772,0.79543,0.79754,0.79531,0.7965,0.79559,0.79769,0.79544,0.79664
2025-10-16 09:00:00+00:00,9591,0.7965,0.79843,0.79621,0.79679,0.79666,0.79856,0.79633,0.79695
2025-10-16 13:00:00+00:00,17971,0.79682,0.79781,0.79412,0.79426,0.79697,0.79794,0.79428,0.79439
2025-10-16 17:00:00+00:00,15717,0.79423,0.79429,0.79228,0.79274,0.79438,0.79445,0.79241,0.7932
2025-10-16 21:00:00+00:00,5735,0.79258,0.79288,0.79081,0.79131,0.79408,0.79438,0.79095,0.79144
2025-10-17 01:00:00+00:00,10063,0.7913,0.79184,0.78997,0.79035,0.79145,0.792,0.79012,0.7905
2025-10-17 05:00:00+00:00,23133,0.79032,0.79036,0.78722,0.78927,0.79046,0.79051,0.78738,0.78942
2025-10-17 09:00:00+00:00,22384,0.78922,0.79314,0.78835,0.79212,0.78937,0.79327,0.78851,0.79227
2025-10-17 13:00:00+00:00,18567,0.79212,0.79325,0.7905,0.79211,0.79226,0.79338,0.79065,0.79225
2025-10-17 17:00:00+00:00,6661,0.79209,0.79362,0.79174,0.79341,0.79225,0.79397,0.7919,0.7938
2025-10-19 21:00:00+00:00,6852,0.7913,0.79411,0.79106,0.79276,0.7928,0.79428,0.79234,0.79292
2025-10-20 01:00:00+00:00,7026,0.79277,0.79376,0.79255,0.79275,0.79291,0.79391,0.79271,0.7929
2025-10-20 05:00:00+00:00,10802,0.79275,0.79429,0.79226,0.79243,0.79289,0.79442,0.79241,0.79257
2025-10-20 09:00:00+00:00,10903,0.79241,0.79342,0.79215,0.79244,0.79256,0.79356,0.79229,0.79257
2025-10-20 13:00:00+00:00,13356,0.7924,0.79287,0.79054,0.79203,0.79254,0.793,0.79069,0.79218
2025-10-20 17:00:00+00:00,6017,0.79205,0.79254,0.79166,0.79244,0.79219,0.79285,0.7918,0.79279
2025-10-20 21:00:00+00:00,7324,0.79121,0.79252,0.79121,0.79173,0.79271,0.79298,0.79152,0.7919
2025-10-21 01:00:00+00:00,10940,0.79176,0.79337,0.79164,0.79294,0.79191,0.79352,0.79178,0.79311
2025-10-21 05:00:00+00:00,14417,0.79296,0.79374,0.79175,0.7936,0.79311,0.79388,0.79189,0.79374
2025-10-21 09:00:00+00:00,15271,0.79361,0.79594,0.79361,0.79547,0.79374,0.7961,0.79374,0.79561
2025-10-21 13:00:00+00:00,17785,0.79547,0.79617,0.79392,0.79581,0.7956,0.79633,0.79406,0.79594
2025-10-21 17:00:00+00:00,6037,0.79581,0.79637,0.79553,0.79634,0.79596,0.79655,0.79569,0.79651
2025-10-21 21:00:00+00:00,13817,0.79545,0.79686,0.79521,0.79593,0.79678,0.79702,0.79608,0.79608
2025-10-22 01:00:00+00:00,8145,0.79591,0.79609,0.79537,0.79571,0.79604,0.79625,0.79552,0.79586
2025-10-22 05:00:00+00:00,11337,0.79572,0.79683,0.79509,0.79606,0.79585,0.79697,0.79524,0.79619
2025-10-22 09:00:00+00:00,11647,0.79606,0.79717,0.79576,0.7969,0.7962,0.79731,0.79591,0.79704
2025-10-22 13:00:00+00:00,15844,0.79691,0.79732,0.79479,0.79511,0.79703,0.79747,0.79493,0.79525
2025-10-22 17:00:00+00:00,5768,0.79512,0.79631,0.79504,0.79598,0.79525,0.79645,0.7952,0.79616
2025-10-22 21:00:00+00:00,6106,0.79523,0.79661,0.79496,0.79628,0.79673,0.79696,0.79581,0.79645
2025-10-23 01:00:00+00:00,6033,0.79631,0.79759,0.79625,0.79719,0.79646,0.79774,0.79641,0.79733
2025-10-23 05:00:00+00:00,7927,0.79717,0.79798,0.79674,0.79745,0.79733,0.79812,0.79688,0.79759
2025-10-23 09:00:00+00:00,7425,0.79746,0.79862,0.7965,0.79685,0.79761,0.79877,0.79664,0.79699
2025-10-23 13:00:00+00:00,10514,0.79685,0.79708,0.79508,0.79561,0.797,0.79723,0.79521,0.79577
2025-10-23 17:00:00+00:00,4446,0.79566,0.79599,0.79494,0.79507,0.79579,0.79614,0.79507,0.7953
2025-10-23 21:00:00+00:00,7609,0.79499,0.79542,0.79454,0.79509,0.79649,0.79663,0.79478,0.79522
2025-10-24 01:00:00+00:00,5648,0.79507,0.79609,0.79501,0.79599,0.79522,0.79623,0.79516,0.79614
2025-10-24 05:00:00+00:00,9533,0.79597,0.79649,0.79461,0.79573,0.79614,0.79663,0.79476,0.79588
2025-10-24 09:00:00+00:00,13058,0.79575,0.79677,0.79283,0.7945,0.79588,0.79692,0.79358,0.79465
2025-10-24 13:00:00+00:00,15203,0.79448,0.7961,0.79392,0.79576,0.79464,0.79625,0.79407,0.79591
2025-10-24 17:00:00+00:00,5230,0.79575,0.79575,0.79489,0.79542,0.79591,0.79608,0.79505,0.79599
2025-10-26 21:00:00+00:00,5332,0.79648,0.7966,0.79521,0.79531,0.79697,0.79708,0.79536,0.79545
2025-10-27 01:00:00+00:00,6414,0.7953,0.79641,0.79444,0.79623,0.79546,0.79655,0.79458,0.79636
2025-10-27 05:00:00+00:00,7950,0.79621,0.79724,0.79579,0.79706,0.79635,0.79738,0.79593,0.7972
2025-10-27 09:00:00+00:00,9647,0.79706,0.7971,0.79459,0.79561,0.79722,0.79725,0.79473,0.79576
2025-10-27 13:00:00+00:00,10107,0.79561,0.79674,0.79546,0.79555,0.79575,0.79689,0.7956,0.79569
2025-10-27 17:00:00+00:00,5747,0.79553,0.79605,0.79497,0.79527,0.79568,0.7962,0.79512,0.79552
2025-10-27 21:00:00+00:00,7769,0.79497,0.79528,0.79382,0.79413,0.79631,0.7964,0.79398,0.79429
2025-10-28 01:00:00+00:00,8147,0.79413,0.79434,0.79307,0.79318,0.79428,0.79449,0.79323,0.79332
2025-10-28 05:00:00+00:00,10717,0.79316,0.79476,0.793,0.79394,0.79332,0.7949,0.79316,0.79409
2025-10-28 09:00:00+00:00,9288,0.79395,0.79595,0.79325,0.79558,0.79408,0.7961,0.79339,0.79572
2025-10-28 13:00:00+00:00,15405,0.79557,0.79664,0.79243,0.7928,0.7957,0.79678,0.79258,0.79292
2025-10-28 17:00:00+00:00,6636,0.7928,0.79343,0.79255,0.79324,0.79293,0.79357,0.79269,0.79348
2025-10-28 21:00:00+00:00,9705,0.79299,0.79361,0.7925,0.7929,0.79449,0.79449,0.79265,0.79306
2025-10-29 01:00:00+00:00,8709,0.79289,0.79425,0.79276,0.79412,0.79306,0.79439,0.79291,0.79426
2025-10-29 05:00:00+00:00,11315,0.79412,0.79704,0.79401,0.79662,0.79428,0.7972,0.79415,0.79675
2025-10-29 09:00:00+00:00,9906,0.79662,0.79771,0.79575,0.79744,0.79677,0.79785,0.79589,0.79757
2025-10-29 13:00:00+00:00,12535,0.79742,0.79787,0.79555,0.79637,0.79757,0.798,0.79568,0.79653
2025-10-29 17:00:00+00:00,29133,0.79638,0.80195,0.79629,0.79995,0.79652,0.80207,0.79643,0.80019
2025-10-29 21:00:00+00:00,9536,0.7989,0.80059,0.79862,0.79966,0.80022,0.80111,0.79951,0.7998
2025-10-30 01:00:00+00:00,12899,0.79966,0.79972,0.79748,0.79772,0.79978,0.79985,0.79763,0.79787
2025-10-30 05:00:00+00:00,11806,0.79769,0.79945,0.79756,0.79872,0.79786,0.79961,0.79772,0.79889
2025-10-30 09:00:00+00:00,10764,0.79875,0.80286,0.79764,0.80282,0.7989,0.803,0.79778,0.80297
2025-10-30 13:00:00+00:00,16124,0.80284,0.80364,0.80062,0.80143,0.803,0.80379,0.80077,0.80158
2025-10-30 17:00:00+00:00,6713,0.80142,0.80265,0.80137,0.80184,0.80154,0.8028,0.80151,0.80202
2025-10-30 21:00:00+00:00,5422,0.80136,0.80194,0.80109,0.80109,0.8027,0.8031,0.80124,0.80125
2025-10-31 01:00:00+00:00,8536,0.80109,0.80188,0.80083,0.80164,0.80124,0.80203,0.80097,0.80179
2025-10-31 05:00:00+00:00,8888,0.80164,0.80321,0.80153,0.80231,0.80177,0.80337,0.80169,0.80245
2025-10-31 09:00:00+00:00,9272,0.80231,0.80388,0.80135,0.80374,0.80247,0.80401,0.80149,0.80389
2025-10-31 13:00:00+00:00,16765,0.80375,0.80485,0.80231,0.80355,0.80388,0.80499,0.80244,0.8037
2025-10-31 17:00:00+00:00,6097,0.80356,0.80511,0.8035,0.80434,0.8037,0.8053,0.80363,0.80473
2025-11-02 22:00:00+00:00,14564,0.80389,0.80524,0.80318,0.80492,0.80531,0.80562,0.80419,0.80506
2025-11-03 02:00:00+00:00,10553,0.8049,0.80494,0.80428,0.80445,0.80505,0.8051,0.80441,0.8046
2025-11-03 06:00:00+00:00,9961,0.80445,0.80726,0.80378,0.80715,0.80458,0.8074,0.80391,0.80729
2025-11-03 10:00:00+00:00,8736,0.80716,0.80861,0.80655,0.80827,0.80728,0.80876,0.8067,0.80839
2025-11-03 14:00:00+00:00,12458,0.80825,0.8091,0.80674,0.80742,0.80839,0.80926,0.80688,0.80755
2025-11-03 18:00:00+00:00,4584,0.80738,0.8082,0.80697,0.80794,0.80754,0.80833,0.80713,0.80821
2025-11-03 22:00:00+00:00,9051,0.80723,0.80981,0.80701,0.80936,0.80873,0.80996,0.80799,0.80949
2025-11-04 02:00:00+00:00,9216,0.80936,0.80962,0.80847,0.80872,0.80951,0.80978,0.80861,0.80885
2025-11-04 06:00:00+00:00,9949,0.80868,0.80889,0.80665,0.80863,0.8088,0.80902,0.80678,0.80875
2025-11-04 10:00:00+00:00,9155,0.80866,0.81009,0.80805,0.80841,0.80878,0.81022,0.80818,0.80856
2025-11-04 14:00:00+00:00,12741,0.80842,0.81031,0.80826,0.80948,0.80855,0.81046,0.80841,0.80962
2025-11-04 18:00:00+00:00,5797,0.80947,0.81076,0.80942,0.81036,0.80963,0.81091,0.80957,0.81069
2025-11-04 22:00:00+00:00,10299,0.80935,0.8105,0.80784,0.80862,0.81085,0.81108,0.80801,0.80876
2025-11-05 02:00:00+00:00,10597,0.80862,0.80981,0.80836,0.80896,0.80875,0.80995,0.80851,0.80909
2025-11-05 06:00:00+00:00,7246,0.80896,0.81066,0.80862,0.81051,0.8091,0.81081,0.80875,0.81064
2025-11-05 10:00:00+00:00,9776,0.81051,0.81158,0.80946,0.81093,0.81066,0.81173,0.80958,0.81107
2025-11-05 14:00:00+00:00,14747,0.81094,0.81235,0.80969,0.81095,0.81109,0.81252,0.80983,0.81109
2025-11-05 18:00:00+00:00,6173,0.81093,0.81096,0.80989,0.81019,0.81106,0.8111,0.81003,0.81038
2025-11-05 22:00:00+00:00,6389,0.80921,0.81035,0.80863,0.80892,0.81071,0.81083,0.80878,0.80907
2025-11-06 02:00:00+00:00,6332,0.80893,0.80944,0.80878,0.80905,0.80907,0.8096,0.80892,0.8092
2025-11-06 06:00:00+00:00,7493,0.80906,0.80982,0.80823,0.8088,0.80923,0.80997,0.80838,0.80895
2025-11-06 10:00:00+00:00,8858,0.80881,0.80939,0.80673,0.80748,0.80894,0.80954,0.80689,0.80761
2025-11-06 14:00:00+00:00,14141,0.8075,0.80871,0.8066,0.80708,0.80762,0.80886,0.80675,0.80721
2025-11-06 18:00:00+00:00,7901,0.80708,0.80732,0.80595,0.8061,0.80722,0.80745,0.80608,0.80634
2025-11-06 22:00:00+00:00,10598,0.80609,0.80711,0.80597,0.80689,0.80759,0.80791,0.80612,0.80704
2025-11-07 02:00:00+00:00,6509,0.80687,0.80782,0.80652,0.80759,0.80703,0.80797,0.80666,0.80774
2025-11-07 06:00:00+00:00,6418,0.80759,0.80837,0.80743,0.80815,0.80773,0.80852,0.80758,0.80829
2025-11-07 10:00:00+00:00,10016,0.80812,0.80814,0.80444,0.80522,0.80827,0.80827,0.80457,0.80536
2025-11-07 14:00:00+00:00,13084,0.8052,0.80541,0.80313,0.80383,0.80535,0.80555,0.80328,0.80396
2025-11-07 18:00:00+00:00,7271,0.80382,0.80581,0.80359,0.80465,0.80396,0.80594,0.80374,0.80544
2025-11-09 22:00:00+00:00,10582,0.80467,0.80718,0.80403,0.80635,0.80617,0.8074,0.80543,0.8065
2025-11-10 02:00:00+00:00,11195,0.80636,0.80666,0.80564,0.8059,0.80649,0.80679,0.80577,0.80606
2025-11-10 06:00:00+00:00,11237,0.80591,0.80688,0.80472,0.80585,0.80606,0.80701,0.80486,0.806
2025-11-10 10:00:00+00:00,8286,0.80586,0.80646,0.8046,0.80468,0.806,0.80661,0.80474,0.80483
2025-11-10 14:00:00+00:00,12765,0.80469,0.80669,0.80465,0.80472,0.80483,0.80683,0.80479,0.80486
2025-11-10 18:00:00+00:00,6141,0.80471,0.80526,0.80436,0.80473,0.80487,0.8054,0.8045,0.80522
2025-11-10 22:00:00+00:00,5939,0.80475,0.80609,0.80419,0.80519,0.80524,0.80699,0.80504,0.80535
2025-11-11 02:00:00+00:00,4966,0.80519,0.80519,0.80395,0.80398,0.80534,0.80534,0.8041,0.80413
2025-11-11 06:00:00+00:00,8646,0.80398,0.80497,0.80249,0.80321,0.80412,0.80511,0.80263,0.80337
2025-11-11 10:00:00+00:00,10321,0.80319,0.80329,0.79894,0.79933,0.80333,0.80345,0.79909,0.79945
2025-11-11 14:00:00+00:00,10626,0.7993,0.80009,0.79855,0.79979,0.79944,0.80023,0.79869,0.79992
2025-11-11 18:00:00+00:00,5267,0.7998,0.80062,0.79963,0.80049,0.79994,0.8008,0.79975,0.80066
2025-11-11 22:00:00+00:00,7565,0.79967,0.80092,0.79952,0.80083,0.80117,0.80209,0.80036,0.801
2025-11-12 02:00:00+00:00,5549,0.80084,0.80108,0.80022,0.80061,0.80099,0.80123,0.80036,0.80077
2025-11-12 06:00:00+00:00,7781,0.80063,0.80091,0.79866,0.79917,0.80077,0.80106,0.7988,0.79932
2025-11-12 10:00:00+00:00,8532,0.79919,0.7996,0.79836,0.79838,0.79932,0.79975,0.79851,0.79852
2025-11-12 14:00:00+00:00,11382,0.79836,0.79902,0.79669,0.79698,0.79851,0.79917,0.79682,0.79711
2025-11-12 18:00:00+00:00,5953,0.79696,0.79823,0.79696,0.79749,0.7971,0.79836,0.7971,0.79799
2025-11-12 22:00:00+00:00,7231,0.79678,0.79865,0.79678,0.79807,0.79828,0.79879,0.79764,0.79821
2025-11-13 02:00:00+00:00,4912,0.79806,0.79936,0.79782,0.79922,0.79819,0.79952,0.79797,0.79937
2025-11-13 06:00:00+00:00,10190,0.79922,0.79928,0.79422,0.7954,0.79939,0.79943,0.79436,0.79554
2025-11-13 10:00:00+00:00,10092,0.79541,0.7961,0.79483,0.7957,0.79557,0.79623,0.79498,0.79583
2025-11-13 14:00:00+00:00,15228,0.7957,0.7958,0.7908,0.79117,0.79582,0.79595,0.79094,0.7913
2025-11-13 18:00:00+00:00,7861,0.79116,0.79322,0.79077,0.79271,0.79131,0.79337,0.79092,0.79295
2025-11-13 22:00:00+00:00,10109,0.79195,0.79353,0.7916,0.79307,0.79345,0.79398,0.79281,0.79323
2025-11-14 02:00:00+00:00,8158,0.79306,0.79352,0.79172,0.79183,0.79323,0.79366,0.79184,0.79199
2025-11-14 06:00:00+00:00,12453,0.79182,0.79228,0.79006,0.79213,0.79199,0.79242,0.79021,0.79229
2025-11-14 10:00:00+00:00,15983,0.79214,0.79257,0.78775,0.78948,0.79228,0.79273,0.78788,0.78962
2025-11-14 14:00:00+00:00,18374,0.78946,0.79473,0.7891,0.79395,0.78962,0.79489,0.78924,0.7941
2025-11-14 18:00:00+00:00,8098,0.79392,0.79427,0.79352,0.79359,0.79408,0.7949,0.79383,0.79422
2025-11-16 22:00:00+00:00,7502,0.79271,0.79466,0.79271,0.79442,0.79421,0.79519,0.79357,0.79458
2025-11-17 02:00:00+00:00,6506,0.79445,0.79548,0.79436,0.7949,0.79459,0.79564,0.79451,0.79504
2025-11-17 06:00:00+00:00,8617,0.79489,0.79541,0.79312,0.79428,0.79501,0.79558,0.79327,0.79443
2025-11-17 10:00:00+00:00,7872,0.79431,0.79607,0.79422,0.79581,0.79447,0.79622,0.79439,0.79596
2025-11-17 14:00:00+00:00,10927,0.79583,0.79616,0.79509,0.79563,0.79596,0.7963,0.79524,0.79577
2025-11-17 18:00:00+00:00,6352,0.79563,0.79651,0.79558,0.79605,0.79578,0.79667,0.79571,0.79627
2025-11-17 22:00:00+00:00,5323,0.79506,0.79657,0.79481,0.79601,0.79656,0.79673,0.79599,0.79616
2025-11-18 02:00:00+00:00,7900,0.79602,0.79629,0.79392,0.7945,0.79618,0.79643,0.79406,0.79465
2025-11-18 06:00:00+00:00,9227,0.79452,0.79631,0.79371,0.79628,0.79468,0.79646,0.79385,0.79643
2025-11-18 10:00:00+00:00,10280,0.79632,0.79747,0.79543,0.79638,0.79646,0.79763,0.79558,0.79653
2025-11-18 14:00:00+00:00,17499,0.79636,0.8,0.79606,0.79972,0.79649,0.80016,0.79619,0.79987
2025-11-18 18:00:00+00:00,8220,0.79973,0.79993,0.79855,0.79965,0.79987,0.80006,0.7987,0.79979
2025-11-18 22:00:00+00:00,5843,0.79857,0.80037,0.79849,0.8003,0.80007,0.80054,0.79954,0.80047
2025-11-19 02:00:00+00:00,6833,0.80032,0.80093,0.7985,0.79922,0.80048,0.80107,0.79866,0.79939
2025-11-19 06:00:00+00:00,9592,0.79921,0.80145,0.79875,0.8013,0.79939,0.80159,0.79891,0.80145
2025-11-19 10:00:00+00:00,10046,0.80129,0.80299,0.80081,0.80245,0.80142,0.80313,0.80095,0.80258
2025-11-19 14:00:00+00:00,17259,0.80245,0.80551,0.80215,0.80468,0.8026,0.80564,0.80228,0.80483
2025-11-19 18:00:00+00:00,10474,0.80469,0.80664,0.80446,0.80532,0.80483,0.8068,0.80459,0.80572
2025-11-19 22:00:00+00:00,7123,0.80495,0.80622,0.80481,0.80617,0.80603,0.80639,0.80518,0.80633
2025-11-20 02:00:00+00:00,6927,0.80618,0.80722,0.80616,0.80674,0.80635,0.80736,0.80631,0.80688
2025-11-20 06:00:00+00:00,9500,0.80676,0.80696,0.80542,0.80547,0.80688,0.8071,0.80558,0.80561
2025-11-20 10:00:00+00:00,14593,0.80547,0.80768,0.80517,0.80639,0.8056,0.80795,0.80531,0.80656
2025-11-20 14:00:00+00:00,23419,0.80641,0.80748,0.80482,0.8056,0.80656,0.80761,0.80497,0.80575
2025-11-20 18:00:00+00:00,9216,0.80561,0.80633,0.8048,0.8057,0.80575,0.80648,0.80494,0.80591
2025-11-20 22:00:00+00:00,7578,0.8057,0.80609,0.80467,0.80539,0.806,0.80693,0.80481,0.80555
2025-11-21 02:00:00+00:00,6463,0.80537,0.80538,0.80411,0.80457,0.8055,0.80552,0.80424,0.80472
2025-11-21 06:00:00+00:00,12526,0.80457,0.80559,0.8035,0.8054,0.80474,0.80573,0.80364,0.80555
2025-11-21 10:00:00+00:00,16127,0.80544,0.80718,0.8049,0.80677,0.80557,0.80733,0.80505,0.80691
2025-11-21 14:00:00+00:00,17130,0.80675,0.8098,0.80616,0.80832,0.80691,0.80993,0.80633,0.80845
2025-11-21 18:00:00+00:00,7139,0.80827,0.809,0.80745,0.80831,0.80842,0.80914,0.80759,0.80869
2025-11-23 22:00:00+00:00,5692,0.80696,0.80915,0.80696,0.80872,0.80846,0.8093,0.80814,0.80885
2025-11-24 02:00:00+00:00,4612,0.80872,0.80877,0.8079,0.80813,0.80886,0.80893,0.80805,0.80828
2025-11-24 06:00:00+00:00,9296,0.80815,0.81012,0.80693,0.80717,0.80829,0.81027,0.80707,0.80731
2025-11-24 10:00:00+00:00,8145,0.80716,0.80767,0.80599,0.80744,0.80728,0.80781,0.80613,0.80756
2025-11-24 14:00:00+00:00,10844,0.80743,0.80915,0.80702,0.80849,0.80756,0.80929,0.80716,0.80863
2025-11-24 18:00:00+00:00,5322,0.80847,0.80856,0.80755,0.80822,0.80862,0.80871,0.80769,0.80858
2025-11-24 22:00:00+00:00,6343,0.80818,0.80862,0.80791,0.8082,0.8094,0.8094,0.80805,0.80835
2025-11-25 02:00:00+00:00,5426,0.80816,0.80925,0.80812,0.8088,0.80831,0.80939,0.80824,0.80896
2025-11-25 06:00:00+00:00,8337,0.80882,0.80948,0.80851,0.80942,0.80897,0.80962,0.80866,0.80957
2025-11-25 10:00:00+00:00,11404,0.80943,0.81014,0.80813,0.80834,0.80959,0.81028,0.80834,0.8085
2025-11-25 14:00:00+00:00,16627,0.80835,0.80914,0.80572,0.80649,0.8085,0.80927,0.80586,0.80663
2025-11-25 18:00:00+00:00,9417,0.80647,0.80808,0.80622,0.80759,0.80663,0.80822,0.80634,0.80783
2025-11-25 22:00:00+00:00,8540,0.80695,0.80807,0.80642,0.80698,0.80845,0.80845,0.80658,0.80711
2025-11-26 02:00:00+00:00,10155,0.80696,0.80716,0.80425,0.80447,0.80711,0.8073,0.8044,0.80461
2025-11-26 06:00:00+00:00,11458,0.80448,0.80665,0.80413,0.8065,0.80464,0.80678,0.80427,0.80665
2025-11-26 10:00:00+00:00,16832,0.8065,0.8083,0.80592,0.80804,0.80663,0.80844,0.80605,0.80819
2025-11-26 14:00:00+00:00,14536,0.80805,0.80824,0.80409,0.80412,0.80818,0.80838,0.80424,0.80427
2025-11-26 18:00:00+00:00,4602,0.80413,0.80446,0.8038,0.80416,0.80427,0.8046,0.80396,0.80449
2025-11-26 22:00:00+00:00,6573,0.80397,0.80414,0.80277,0.80287,0.80547,0.80547,0.80293,0.80302
2025-11-27 02:00:00+00:00,6768,0.80285,0.80376,0.80258,0.8035,0.80301,0.80391,0.80272,0.80364
2025-11-27 06:00:00+00:00,8597,0.80351,0.80562,0.80328,0.80555,0.80363,0.80576,0.80343,0.80569
2025-11-27 10:00:00+00:00,6545,0.80558,0.80619,0.80488,0.80494,0.80573,0.80633,0.80502,0.80508
2025-11-27 14:00:00+00:00,3841,0.80494,0.80588,0.80455,0.80482,0.80506,0.80604,0.80471,0.80497
2025-11-27 18:00:00+00:00,2434,0.80482,0.80513,0.80468,0.80472,0.80495,0.80526,0.80482,0.80494
2025-11-27 22:00:00+00:00,5667,0.80446,0.80547,0.80414,0.80543,0.80511,0.80578,0.80443,0.80556
2025-11-28 02:00:00+00:00,48257,0.80543,0.80544,0.80441,0.80447,0.80558,0.80642,0.80465,0.80467
2025-11-28 06:00:00+00:00,50486,0.80447,0.80643,0.80429,0.80624,0.80469,0.80661,0.80454,0.80645
2025-11-28 10:00:00+00:00,22394,0.8062,0.80711,0.80438,0.8049,0.80641,0.80726,0.80451,0.80504
2025-11-28 14:00:00+00:00,15184,0.80489,0.80577,0.80258,0.80305,0.80505,0.8059,0.80272,0.80319
2025-11-28 18:00:00+00:00,13803,0.80307,0.80385,0.803,0.80338,0.80323,0.80459,0.80317,0.80457
2025-11-30 22:00:00+00:00,10323,0.80408,0.80408,0.80235,0.80339,0.80525,0.80525,0.80248,0.80354
2025-12-01 02:00:00+00:00,7060,0.80339,0.80448,0.80332,0.80438,0.80353,0.80461,0.80348,0.80451
2025-12-01 06:00:00+00:00,12207,0.80438,0.80468,0.80203,0.80279,0.80452,0.80482,0.80218,0.80294
2025-12-01 10:00:00+00:00,12732,0.80281,0.80347,0.79957,0.80069,0.80294,0.8036,0.79971,0.80083
2025-12-01 14:00:00+00:00,16677,0.80069,0.80373,0.80068,0.80367,0.80082,0.80387,0.80082,0.80382
2025-12-01 18:00:00+00:00,7176,0.80365,0.80483,0.80346,0.80468,0.80381,0.80498,0.8036,0.80483
2025-12-01 22:00:00+00:00,4704,0.80325,0.80493,0.80325,0.80437,0.80475,0.80508,0.80437,0.80451
2025-12-02 02:00:00+00:00,4665,0.80437,0.80474,0.80397,0.8045,0.80452,0.80489,0.80414,0.80464
2025-12-02 06:00:00+00:00,7650,0.8045,0.80513,0.80389,0.80417,0.80463,0.80527,0.80402,0.80432
2025-12-02 10:00:00+00:00,8335,0.80414,0.80525,0.80397,0.80439,0.8043,0.80539,0.80411,0.80451
2025-12-02 14:00:00+00:00,13254,0.80438,0.805,0.80297,0.80397,0.80452,0.80515,0.80312,0.80412
2025-12-02 18:00:00+00:00,6286,0.80393,0.80444,0.80265,0.80277,0.80408,0.80458,0.80278,0.80311
2025-12-02 22:00:00+00:00,5761,0.80236,0.80303,0.80182,0.80195,0.80386,0.80411,0.80196,0.80211
2025-12-03 02:00:00+00:00,4225,0.80195,0.80217,0.80177,0.8019,0.80212,0.80233,0.8019,0.80206
2025-12-03 06:00:00+00:00,10511,0.80188,0.80262,0.80071,0.80178,0.80206,0.80278,0.80085,0.80193
2025-12-03 10:00:00+00:00,10629,0.80178,0.80178,0.79937,0.8001,0.80192,0.80192,0.79953,0.80025
2025-12-03 14:00:00+00:00,18459,0.8001,0.80113,0.79928,0.79944,0.80024,0.80127,0.79941,0.79958
2025-12-03 18:00:00+00:00,7158,0.79943,0.79985,0.7991,0.79951,0.79958,0.80001,0.79925,0.79971
2025-12-03 22:00:00+00:00,5776,0.79916,0.80037,0.79906,0.80001,0.80066,0.80066,0.79952,0.80015
2025-12-04 02:00:00+00:00,7305,0.80001,0.80097,0.79994,0.80076,0.80014,0.80113,0.80011,0.80091
2025-12-04 06:00:00+00:00,9680,0.80076,0.80143,0.79954,0.79964,0.8009,0.80158,0.79968,0.79977
2025-12-04 10:00:00+00:00,10246,0.79965,0.80154,0.79948,0.8006,0.79979,0.80176,0.79963,0.80074
2025-12-04 14:00:00+00:00,13501,0.80061,0.80265,0.79955,0.80248,0.80074,0.80278,0.79969,0.80261
2025-12-04 18:00:00+00:00,7079,0.80249,0.80391,0.80227,0.80361,0.80261,0.80405,0.80241,0.80377
2025-12-04 22:00:00+00:00,4957,0.80313,0.80381,0.80292,0.8031,0.80382,0.80396,0.80319,0.80325
2025-12-05 02:00:00+00:00,6274,0.8031,0.8036,0.80258,0.80286,0.80324,0.80375,0.80274,0.80301
2025-12-05 06:00:00+00:00,9339,0.80286,0.80346,0.80181,0.80262,0.80299,0.80359,0.80197,0.80275
2025-12-05 10:00:00+00:00,9835,0.80263,0.80419,0.80247,0.80341,0.80277,0.80432,0.80262,0.80356
2025-12-05 14:00:00+00:00,16702,0.80341,0.80547,0.80268,0.80473,0.80355,0.80561,0.80282,0.80487
2025-12-05 18:00:00+00:00,6708,0.80471,0.8049,0.80402,0.8045,0.80484,0.80505,0.80416,0.80482
2025-12-07 22:00:00+00:00,10964,0.80362,0.80486,0.80335,0.80349,0.80485,0.80548,0.80358,0.80365
2025-12-08 02:00:00+00:00,5639,0.80347,0.80378,0.80323,0.80331,0.80364,0.80395,0.80338,0.80345
2025-12-08 06:00:00+00:00,8102,0.80331,0.80432,0.80274,0.80424,0.80347,0.80448,0.80289,0.80438
2025-12-08 10:00:00+00:00,7439,0.80426,0.80625,0.80382,0.80579,0.80438,0.80639,0.80397,0.80592
2025-12-08 14:00:00+00:00,13036,0.80577,0.80849,0.80528,0.80662,0.80591,0.80864,0.80543,0.80678
2025-12-08 18:00:00+00:00,6345,0.80662,0.80711,0.80626,0.80668,0.80677,0.80727,0.8064,0.80693
2025-12-08 22:00:00+00:00,4805,0.80668,0.80689,0.80615,0.80616,0.80778,0.80793,0.80629,0.8063
2025-12-09 02:00:00+00:00,8168,0.80616,0.80656,0.80515,0.80542,0.80632,0.80671,0.80529,0.80556
2025-12-09 06:00:00+00:00,10517,0.80543,0.80657,0.80493,0.80554,0.8056,0.80671,0.80509,0.80569
2025-12-09 10:00:00+00:00,10963,0.80554,0.80711,0.80541,0.80605,0.80568,0.80724,0.80555,0.8062
2025-12-09 14:00:00+00:00,16095,0.80605,0.80819,0.80583,0.80631,0.80619,0.80833,0.80597,0.80646
2025-12-09 18:00:00+00:00,6090,0.80632,0.80661,0.80554,0.80612,0.80646,0.80676,0.80568,0.80629
2025-12-09 22:00:00+00:00,5175,0.80584,0.80651,0.80532,0.80631,0.80734,0.80754,0.80599,0.80646
2025-12-10 02:00:00+00:00,4812,0.80629,0.80634,0.80574,0.806,0.80646,0.8065,0.8059,0.80613
2025-12-10 06:00:00+00:00,8583,0.80599,0.80608,0.80392,0.80514,0.80614,0.80621,0.80407,0.80528
2025-12-10 10:00:00+00:00,11112,0.80515,0.80561,0.80307,0.8032,0.80528,0.80576,0.80323,0.80334
2025-12-10 14:00:00+00:00,11423,0.80319,0.80342,0.80205,0.80216,0.80334,0.80354,0.8022,0.80229
2025-12-10 18:00:00+00:00,26318,0.80218,0.80299,0.79914,0.7999,0.80232,0.80333,0.79931,0.80023
2025-12-10 22:00:00+00:00,5300,0.79972,0.79995,0.7987,0.79892,0.79997,0.80027,0.79885,0.79908
2025-12-11 02:00:00+00:00,6022,0.79893,0.7998,0.79862,0.79971,0.79908,0.79995,0.79877,0.79985
2025-12-11 06:00:00+00:00,10203,0.7997,0.80006,0.79782,0.79799,0.79985,0.80021,0.79797,0.79814
2025-12-11 10:00:00+00:00,12179,0.79798,0.79838,0.7951,0.79546,0.79811,0.79852,0.79524,0.79559
2025-12-11 14:00:00+00:00,13365,0.79548,0.79554,0.79236,0.79341,0.79563,0.79568,0.79251,0.79357
2025-12-11 18:00:00+00:00,8295,0.79342,0.79537,0.79321,0.79508,0.79357,0.7956,0.79336,0.79558
2025-12-11 22:00:00+00:00,8129,0.79538,0.79538,0.7934,0.79467,0.79593,0.79607,0.79427,0.79482
2025-12-12 02:00:00+00:00,5717,0.79466,0.7951,0.79438,0.79461,0.79483,0.79525,0.79452,0.79475
2025-12-12 06:00:00+00:00,8297,0.79461,0.79529,0.79441,0.79482,0.79478,0.79543,0.79456,0.79496
2025-12-12 10:00:00+00:00,7142,0.7948,0.79624,0.79472,0.79588,0.79496,0.79637,0.79486,0.79601
2025-12-12 14:00:00+00:00,14460,0.7959,0.79642,0.79446,0.79533,0.79605,0.79656,0.79458,0.79547
2025-12-12 18:00:00+00:00,6963,0.79534,0.79619,0.79508,0.79568,0.79547,0.79641,0.79524,0.79627
2025-12-14 22:00:00+00:00,6468,0.79234,0.79675,0.79234,0.7959,0.79384,0.79719,0.79384,0.79602
2025-12-15 02:00:00+00:00,7906,0.7959,0.79629,0.79531,0.7959,0.79603,0.79644,0.79546,0.79604
2025-12-15 06:00:00+00:00,10667,0.7959,0.7973,0.79587,0.79604,0.79605,0.79745,0.79602,0.79618
2025-12-15 10:00:00+00:00,8921,0.79608,0.79622,0.79517,0.79613,0.79622,0.79634,0.79532,0.79627
2025-12-15 14:00:00+00:00,13423,0.79612,0.79703,0.79377,0.79682,0.79625,0.79718,0.79391,0.79694
2025-12-15 18:00:00+00:00,6248,0.79682,0.79728,0.79567,0.79586,0.79695,0.7974,0.79632,0.79655
2025-12-15 22:00:00+00:00,7445,0.79513,0.79632,0.79486,0.7957,0.79663,0.79702,0.79557,0.79582
2025-12-16 02:00:00+00:00,8749,0.79568,0.79629,0.79516,0.79627,0.79582,0.79645,0.79529,0.79641
2025-12-16 06:00:00+00:00,7794,0.79628,0.79703,0.79558,0.79576,0.79643,0.79718,0.79574,0.7959
2025-12-16 10:00:00+00:00,13500,0.79575,0.7964,0.79255,0.79471,0.7959,0.79654,0.79271,0.79485
2025-12-16 14:00:00+00:00,17633,0.79471,0.79562,0.79289,0.79417,0.79486,0.79574,0.79304,0.79431
2025-12-16 18:00:00+00:00,10592,0.79417,0.79605,0.79412,0.79499,0.79432,0.79622,0.79425,0.79525
2025-12-16 22:00:00+00:00,5977,0.79401,0.79541,0.79394,0.79509,0.79551,0.79569,0.79497,0.79526
2025-12-17 02:00:00+00:00,7590,0.7951,0.79637,0.79509,0.79621,0.79525,0.79652,0.79524,0.79637
2025-12-17 06:00:00+00:00,11661,0.79622,0.7987,0.79614,0.79783,0.79637,0.79884,0.79631,0.79796
2025-12-17 10:00:00+00:00,10096,0.79782,0.79808,0.79506,0.79569,0.79796,0.79821,0.79521,0.79584
2025-12-17 14:00:00+00:00,15302,0.79571,0.79645,0.79347,0.79454,0.79585,0.79657,0.7936,0.79467
2025-12-17 18:00:00+00:00,7056,0.79453,0.79585,0.79422,0.79553,0.79467,0.796,0.79435,0.79569
2025-12-17 22:00:00+00:00,7232,0.79446,0.79556,0.79421,0.79546,0.79596,0.79608,0.7949,0.79561
2025-12-18 02:00:00+00:00,5419,0.79547,0.79553,0.79492,0.79495,0.79564,0.79567,0.79507,0.79509
2025-12-18 06:00:00+00:00,8039,0.79492,0.79651,0.79465,0.79646,0.79507,0.79666,0.79478,0.7966
2025-12-18 10:00:00+00:00,14642,0.79648,0.79655,0.79273,0.79372,0.7966,0.79667,0.79292,0.79386
2025-12-18 14:00:00+00:00,18476,0.79375,0.79544,0.79299,0.7946,0.7939,0.79559,0.79313,0.79474
2025-12-18 18:00:00+00:00,6626,0.79457,0.79479,0.79365,0.794,0.7947,0.79493,0.79379,0.7943
2025-12-18 22:00:00+00:00,6798,0.79374,0.79473,0.79357,0.79459,0.79524,0.79558,0.7941,0.79473
2025-12-19 02:00:00+00:00,7114,0.79458,0.79535,0.79436,0.79487,0.79473,0.79551,0.79449,0.79502
2025-12-19 06:00:00+00:00,10345,0.79487,0.79605,0.79453,0.79512,0.79503,0.79618,0.79468,0.79524
2025-12-19 10:00:00+00:00,9299,0.79512,0.79605,0.79458,0.79501,0.79526,0.7962,0.79471,0.79515
2025-12-19 14:00:00+00:00,13733,0.79498,0.79618,0.79401,0.795,0.79511,0.79632,0.79415,0.79514
2025-12-19 18:00:00+00:00,5305,0.79501,0.79578,0.79441,0.79539,0.79516,0.7961,0.79456,0.79594
2025-12-21 22:00:00+00:00,22604,0.79438,0.79581,0.79384,0.79473,0.79588,0.79604,0.79448,0.79485
2025-12-22 02:00:00+00:00,4198,0.79476,0.79512,0.79425,0.79466,0.79488,0.79525,0.79439,0.79479
2025-12-22 06:00:00+00:00,8071,0.79466,0.7953,0.79326,0.79331,0.79481,0.79544,0.7934,0.79347
2025-12-22 10:00:00+00:00,8608,0.79332,0.79378,0.79255,0.79291,0.79347,0.79392,0.7927,0.79306
2025-12-22 14:00:00+00:00,10430,0.79292,0.79334,0.79153,0.79192,0.79305,0.79347,0.79166,0.79208
2025-12-22 18:00:00+00:00,5330,0.79193,0.7924,0.79165,0.79174,0.79208,0.79255,0.79185,0.792
2025-12-22 22:00:00+00:00,6020,0.79194,0.79196,0.79028,0.79055,0.79344,0.79346,0.79043,0.7907
2025-12-23 02:00:00+00:00,8615,0.79055,0.79055,0.78923,0.78974,0.79068,0.79068,0.78938,0.78986
2025-12-23 06:00:00+00:00,9504,0.78969,0.79076,0.78771,0.7883,0.78981,0.79089,0.78785,0.78842
2025-12-23 10:00:00+00:00,10985,0.78828,0.78921,0.78659,0.78918,0.78841,0.78936,0.78676,0.78932
2025-12-23 14:00:00+00:00,13953,0.78917,0.79079,0.78894,0.78921,0.78933,0.79094,0.78907,0.78934
2025-12-23 18:00:00+00:00,6262,0.78921,0.7893,0.78733,0.78749,0.78936,0.78945,0.78748,0.78782
2025-12-23 22:00:00+00:00,6978,0.78794,0.78794,0.78611,0.78628,0.78944,0.78944,0.78627,0.78644
2025-12-24 02:00:00+00:00,5132,0.78628,0.78764,0.78619,0.78695,0.78642,0.78779,0.78634,0.78711
2025-12-24 06:00:00+00:00,8827,0.78699,0.78817,0.78616,0.78621,0.78714,0.78829,0.78629,0.78635
2025-12-24 10:00:00+00:00,10031,0.78622,0.7879,0.78608,0.78789,0.78635,0.78811,0.78623,0.78804
2025-12-24 14:00:00+00:00,11324,0.78794,0.78961,0.78776,0.78839,0.78808,0.78977,0.78791,0.78853
2025-12-24 18:00:00+00:00,12738,0.78843,0.78857,0.78747,0.78784,0.78857,0.78934,0.78809,0.78934
2025-12-25 22:00:00+00:00,16139,0.78634,0.7887,0.78634,0.78793,0.78736,0.7889,0.78736,0.78809
2025-12-26 02:00:00+00:00,6121,0.78793,0.78841,0.78774,0.78801,0.7881,0.7886,0.78791,0.78817
2025-12-26 06:00:00+00:00,10368,0.78801,0.79025,0.78794,0.78983,0.78816,0.79041,0.78809,0.79001
2025-12-26 10:00:00+00:00,10449,0.78985,0.78996,0.78789,0.78828,0.79001,0.7901,0.78801,0.78842
2025-12-26 14:00:00+00:00,37493,0.78828,0.79022,0.78784,0.78971,0.7884,0.79038,0.78797,0.78983
2025-12-26 18:00:00+00:00,19254,0.7897,0.78994,0.7887,0.78914,0.78983,0.79007,0.78887,0.78962
2025-12-28 22:00:00+00:00,9474,0.78879,0.78941,0.78761,0.78854,0.79007,0.79063,0.78831,0.78868
2025-12-29 02:00:00+00:00,7483,0.78854,0.79006,0.78849,0.7899,0.7887,0.79021,0.78863,0.79004
2025-12-29 06:00:00+00:00,9022,0.7899,0.78996,0.78727,0.78842,0.79002,0.79012,0.7874,0.78856
2025-12-29 10:00:00+00:00,11286,0.78845,0.79152,0.78823,0.78995,0.7886,0.79167,0.78838,0.7901
2025-12-29 14:00:00+00:00,19655,0.79,0.7909,0.78812,0.79057,0.79012,0.79105,0.78828,0.79071
2025-12-29 18:00:00+00:00,11039,0.79058,0.79073,0.78891,0.78904,0.79073,0.79086,0.78913,0.78943
2025-12-29 22:00:00+00:00,7419,0.78856,0.78916,0.7883,0.78877,0.79006,0.79012,0.78845,0.78891
2025-12-30 02:00:00+00:00,4191,0.78873,0.78913,0.78812,0.78858,0.78888,0.78929,0.78828,0.7887
2025-12-30 06:00:00+00:00,6915,0.78855,0.78964,0.78812,0.78869,0.78868,0.78978,0.78826,0.78882
2025-12-30 10:00:00+00:00,8688,0.78869,0.7903,0.78755,0.78982,0.78883,0.79044,0.7877,0.78997
2025-12-30 14:00:00+00:00,10021,0.78982,0.79162,0.78982,0.79114,0.78995,0.79178,0.78995,0.79128
2025-12-30 18:00:00+00:00,3997,0.79114,0.79232,0.79079,0.79171,0.79129,0.79248,0.79092,0.79187
2025-12-30 22:00:00+00:00,4671,0.79119,0.79188,0.79116,0.79182,0.79207,0.79213,0.79169,0.79198
2025-12-31 02:00:00+00:00,7023,0.79184,0.79274,0.79184,0.79266,0.79199,0.79289,0.79199,0.79283
2025-12-31 06:00:00+00:00,7567,0.7927,0.79416,0.7925,0.79338,0.79286,0.79431,0.79263,0.79354
2025-12-31 10:00:00+00:00,10298,0.7934,0.79373,0.79165,0.79242,0.79355,0.79386,0.79181,0.79257
2025-12-31 14:00:00+00:00,15969,0.79244,0.79407,0.79191,0.79338,0.79257,0.79421,0.79206,0.79353
2025-12-31 18:00:00+00:00,6961,0.7934,0.79365,0.79176,0.79239,0.79353,0.79379,0.79191,0.79301
2026-01-01 22:00:00+00:00,6040,0.79201,0.79249,0.79091,0.79105,0.79351,0.79351,0.79105,0.79121
2026-01-02 02:00:00+00:00,4426,0.79107,0.79241,0.79077,0.79239,0.7912,0.79256,0.79092,0.79255
2026-01-02 06:00:00+00:00,7401,0.79241,0.79398,0.7922,0.79358,0.79254,0.79412,0.79235,0.79373
2026-01-02 10:00:00+00:00,7239,0.79359,0.79405,0.79256,0.79303,0.79373,0.79419,0.79271,0.79319
2026-01-02 14:00:00+00:00,10221,0.79302,0.7932,0.79006,0.79184,0.79316,0.79335,0.7902,0.79197
2026-01-02 18:00:00+00:00,5219,0.79183,0.79273,0.79178,0.79215,0.79198,0.7929,0.79192,0.79248
2026-01-04 22:00:00+00:00,6933,0.79091,0.79344,0.79084,0.79266,0.79241,0.79374,0.79226,0.79282
2026-01-05 02:00:00+00:00,8422,0.79265,0.79502,0.79256,0.79404,0.79282,0.79515,0.7927,0.79419
2026-01-05 06:00:00+00:00,7901,0.79406,0.7966,0.79363,0.79633,0.79422,0.79675,0.79376,0.79647
2026-01-05 10:00:00+00:00,12433,0.79634,0.79668,0.79399,0.7954,0.7965,0.79682,0.79416,0.79554
2026-01-05 14:00:00+00:00,14678,0.79538,0.79589,0.79223,0.79253,0.7955,0.79604,0.79238,0.79268
2026-01-05 18:00:00+00:00,7236,0.79257,0.79268,0.79119,0.7914,0.7927,0.79282,0.79133,0.79164
2026-01-05 22:00:00+00:00,4742,0.79113,0.79259,0.79081,0.79128,0.79263,0.79276,0.79143,0.79143
2026-01-06 02:00:00+00:00,5335,0.79127,0.79145,0.79061,0.79132,0.79141,0.7916,0.79075,0.79149
2026-01-06 06:00:00+00:00,8760,0.79131,0.79278,0.79057,0.79255,0.79145,0.7929,0.7907,0.79269
2026-01-06 10:00:00+00:00,9687,0.79254,0.79394,0.79229,0.79278,0.7927,0.79407,0.79243,0.79293
2026-01-06 14:00:00+00:00,13635,0.79278,0.79584,0.79233,0.79486,0.79292,0.79599,0.79248,0.79501
2026-01-06 18:00:00+00:00,4882,0.79482,0.79588,0.79477,0.79547,0.79497,0.79603,0.79491,0.79598
2026-01-06 22:00:00+00:00,6366,0.79491,0.7958,0.7946,0.79495,0.79614,0.79618,0.79475,0.79507
2026-01-07 02:00:00+00:00,8485,0.79494,0.79527,0.79441,0.79511,0.79508,0.79541,0.79453,0.79526
2026-01-07 06:00:00+00:00,8192,0.79511,0.79669,0.79444,0.79574,0.79527,0.79683,0.7946,0.7959
2026-01-07 10:00:00+00:00,10216,0.79576,0.79677,0.79531,0.79578,0.79591,0.7969,0.79547,0.79591
2026-01-07 14:00:00+00:00,17718,0.79578,0.7972,0.79509,0.79685,0.79593,0.79735,0.79523,0.79699
2026-01-07 18:00:00+00:00,7593,0.79685,0.79784,0.79665,0.7978,0.797,0.79801,0.79679,0.79799
2026-01-07 22:00:00+00:00,3866,0.79644,0.79794,0.79641,0.79777,0.79794,0.79809,0.79759,0.79791
2026-01-08 02:00:00+00:00,7145,0.79776,0.7979,0.79695,0.79716,0.79792,0.79806,0.79711,0.7973
2026-01-08 06:00:00+00:00,8473,0.79718,0.79844,0.79688,0.79748,0.79731,0.79858,0.79702,0.79764
2026-01-08 10:00:00+00:00,7879,0.79749,0.79844,0.79676,0.79818,0.79764,0.79858,0.79691,0.7983
2026-01-08 14:00:00+00:00,11389,0.79819,0.79982,0.79747,0.79939,0.79832,0.79996,0.79762,0.79954
2026-01-08 18:00:00+00:00,5998,0.79942,0.79992,0.79856,0.79858,0.79955,0.80006,0.79881,0.79895
2026-01-08 22:00:00+00:00,4717,0.79842,0.79994,0.79766,0.7998,0.79897,0.80009,0.79867,0.79993
2026-01-09 02:00:00+00:00,6375,0.79983,0.80005,0.79917,0.79968,0.79995,0.80021,0.79932,0.79982
2026-01-09 06:00:00+00:00,8421,0.79967,0.80027,0.7993,0.80004,0.79983,0.80044,0.79945,0.80018
2026-01-09 10:00:00+00:00,11147,0.80006,0.80105,0.79855,0.79963,0.80022,0.80179,0.79869,0.79978
2026-01-09 14:00:00+00:00,20105,0.79967,0.80169,0.79894,0.80135,0.79979,0.80184,0.79907,0.80152
2026-01-09 18:00:00+00:00,5721,0.80137,0.80151,0.80058,0.80109,0.80152,0.80165,0.80073,0.80157
2026-01-11 22:00:00+00:00,8676,0.79981,0.80173,0.79719,0.79839,0.80125,0.80187,0.79733,0.79854
2026-01-12 02:00:00+00:00,7590,0.79839,0.79925,0.79768,0.79793,0.79852,0.79939,0.79783,0.79806
2026-01-12 06:00:00+00:00,9530,0.79794,0.79831,0.79553,0.79695,0.79808,0.79845,0.79566,0.7971
2026-01-12 10:00:00+00:00,9080,0.79697,0.79789,0.79561,0.79631,0.7971,0.79803,0.79575,0.79646
2026-01-12 14:00:00+00:00,12814,0.79635,0.79782,0.79577,0.79705,0.79649,0.79794,0.79591,0.79718
2026-01-12 18:00:00+00:00,6030,0.79705,0.79778,0.79662,0.79722,0.7972,0.79793,0.79677,0.7976
2026-01-12 22:00:00+00:00,5181,0.79671,0.79789,0.79667,0.79788,0.79735,0.79804,0.79712,0.79801
2026-01-13 02:00:00+00:00,7106,0.79787,0.79796,0.79675,0.79723,0.79801,0.79812,0.79689,0.79739
2026-01-13 06:00:00+00:00,8481,0.79723,0.79793,0.79671,0.79763,0.79738,0.79806,0.79684,0.79777
2026-01-13 10:00:00+00:00,11795,0.79759,0.79922,0.79727,0.79824,0.79774,0.7996,0.79746,0.79838
2026-01-13 14:00:00+00:00,15691,0.79824,0.80154,0.79774,0.80074,0.79839,0.80167,0.79787,0.80086
2026-01-13 18:00:00+00:00,8784,0.80072,0.80117,0.80013,0.8009,0.80086,0.80133,0.80027,0.80114
2026-01-13 22:00:00+00:00,7488,0.80059,0.80162,0.80054,0.80154,0.80106,0.80178,0.8009,0.8017
2026-01-14 02:00:00+00:00,7547,0.80156,0.80169,0.80059,0.80133,0.8017,0.80183,0.80072,0.80149
2026-01-14 06:00:00+00:00,10343,0.80133,0.80271,0.80043,0.80196,0.80148,0.80286,0.80058,0.80208
2026-01-14 10:00:00+00:00,13072,0.80195,0.80239,0.8003,0.80107,0.8021,0.80253,0.80043,0.80121
2026-01-14 14:00:00+00:00,18399,0.8011,0.8011,0.7983,0.79953,0.80122,0.80124,0.79844,0.79966
2026-01-14 18:00:00+00:00,9624,0.79952,0.80043,0.7995,0.79965,0.79967,0.80058,0.79964,0.80017
2026-01-14 22:00:00+00:00,8650,0.79925,0.79999,0.79841,0.79978,0.7999,0.80085,0.79951,0.79993
2026-01-15 02:00:00+00:00,8189,0.79985,0.80111,0.79953,0.80097,0.80001,0.80126,0.79968,0.80112
2026-01-15 06:00:00+00:00,8770,0.80094,0.80167,0.80007,0.80046,0.80108,0.8018,0.80023,0.80058
2026-01-15 10:00:00+00:00,9682,0.80043,0.80267,0.80007,0.80235,0.80057,0.80281,0.80023,0.8025
2026-01-15 14:00:00+00:00,13432,0.80237,0.80402,0.80171,0.80295,0.80251,0.80417,0.80185,0.80309
2026-01-15 18:00:00+00:00,5871,0.80292,0.80363,0.80242,0.80313,0.80306,0.80378,0.80257,0.80332
2026-01-15 22:00:00+00:00,4423,0.80233,0.80388,0.80232,0.80326,0.80383,0.80411,0.80314,0.8034
2026-01-16 02:00:00+00:00,8519,0.80325,0.80327,0.80205,0.80256,0.80341,0.80343,0.80221,0.8027
2026-01-16 06:00:00+00:00,7656,0.80256,0.8028,0.80173,0.80219,0.80271,0.80296,0.80188,0.80233
2026-01-16 10:00:00+00:00,7787,0.8022,0.80222,0.80099,0.8015,0.80233,0.80234,0.80115,0.80165
2026-01-16 14:00:00+00:00,15019,0.80149,0.80344,0.80054,0.80299,0.80163,0.80359,0.80069,0.80313
2026-01-16 18:00:00+00:00,5541,0.80297,0.80354,0.8024,0.80277,0.80313,0.80368,0.80297,0.80331
2026-01-18 22:00:00+00:00,21268,0.80133,0.80226,0.7979,0.79919,0.80283,0.80304,0.79804,0.79935
2026-01-19 02:00:00+00:00,19504,0.79914,0.79976,0.79802,0.79883,0.7993,0.79993,0.79818,0.79897
2026-01-19 06:00:00+00:00,13329,0.79884,0.80002,0.79779,0.7987,0.79899,0.80016,0.79794,0.79887
2026-01-19 10:00:00+00:00,8664,0.79873,0.79908,0.79732,0.7978,0.79889,0.79925,0.79747,0.79794
2026-01-19 14:00:00+00:00,9636,0.79779,0.79793,0.79619,0.79728,0.79792,0.79808,0.79633,0.79743
2026-01-19 18:00:00+00:00,6048,0.79731,0.79755,0.79691,0.79723,0.79744,0.79773,0.79706,0.79766
2026-01-19 22:00:00+00:00,5441,0.79726,0.7984,0.79697,0.79738,0.79833,0.79854,0.79744,0.79752
2026-01-20 02:00:00+00:00,5752,0.79739,0.79758,0.79577,0.79626,0.79752,0.79773,0.79593,0.79642
2026-01-20 06:00:00+00:00,17783,0.79627,0.7966,0.7895,0.79051,0.79642,0.79675,0.78965,0.79065
2026-01-20 10:00:00+00:00,23206,0.79049,0.79145,0.78774,0.79013,0.79065,0.7916,0.7879,0.79028
2026-01-20 14:00:00+00:00,22089,0.79011,0.79202,0.78855,0.78933,0.79027,0.79216,0.78868,0.78948
2026-01-20 18:00:00+00:00,9194,0.78934,0.79046,0.78901,0.78972,0.78948,0.79061,0.78916,0.78996
2026-01-20 22:00:00+00:00,6515,0.78891,0.79053,0.78887,0.78935,0.79032,0.79117,0.78904,0.78951
2026-01-21 02:00:00+00:00,8750,0.78935,0.79167,0.78925,0.79087,0.7895,0.79183,0.78941,0.79101
2026-01-21 06:00:00+00:00,11219,0.79088,0.79305,0.79035,0.79278,0.791,0.79319,0.79049,0.79292
2026-01-21 10:00:00+00:00,13754,0.79279,0.79304,0.78896,0.7901,0.79294,0.7932,0.7891,0.79025
2026-01-21 14:00:00+00:00,26856,0.79011,0.79422,0.78991,0.79329,0.79027,0.79436,0.79008,0.79345
2026-01-21 18:00:00+00:00,14652,0.79331,0.79682,0.79291,0.79517,0.79345,0.79699,0.79307,0.7957
2026-01-21 22:00:00+00:00,7126,0.79509,0.79647,0.79458,0.79547,0.79648,0.79662,0.79508,0.79563
2026-01-22 02:00:00+00:00,5860,0.79548,0.79567,0.79399,0.79461,0.79562,0.79584,0.79414,0.79476
2026-01-22 06:00:00+00:00,10029,0.79458,0.79522,0.79294,0.7932,0.79474,0.79537,0.79309,0.79336
2026-01-22 10:00:00+00:00,15494,0.79319,0.79409,0.79165,0.79242,0.79333,0.79422,0.79179,0.79257
2026-01-22 14:00:00+00:00,17622,0.7924,0.79244,0.78935,0.78995,0.79256,0.79259,0.78949,0.7901
2026-01-22 18:00:00+00:00,7365,0.78997,0.79026,0.78887,0.78891,0.79013,0.79039,0.78903,0.78915
2026-01-22 22:00:00+00:00,5981,0.78925,0.78972,0.78852,0.78967,0.79075,0.79075,0.7888,0.78982
2026-01-23 02:00:00+00:00,5880,0.78967,0.79051,0.78961,0.79005,0.78983,0.79068,0.78975,0.79017
2026-01-23 06:00:00+00:00,16582,0.79004,0.79106,0.78933,0.79095,0.79017,0.79122,0.78948,0.7911
2026-01-23 10:00:00+00:00,10600,0.79095,0.79138,0.78971,0.79076,0.79109,0.79152,0.78985,0.7909
2026-01-23 14:00:00+00:00,19601,0.79076,0.79088,0.78547,0.78574,0.79089,0.79103,0.7856,0.78587
2026-01-23 18:00:00+00:00,13820,0.78572,0.78712,0.77879,0.77994,0.78586,0.78725,0.77895,0.78056
2026-01-25 22:00:00+00:00,20308,0.77553,0.77932,0.7741,0.77748,0.77619,0.77947,0.77447,0.77764
2026-01-26 02:00:00+00:00,15710,0.77749,0.77767,0.77601,0.77694,0.77764,0.77782,0.77618,0.7771
2026-01-26 06:00:00+00:00,20338,0.77694,0.77923,0.77521,0.77579,0.77709,0.7794,0.77537,0.77595
2026-01-26 10:00:00+00:00,17027,0.77578,0.77931,0.77556,0.77764,0.77593,0.77946,0.77572,0.77778
2026-01-26 14:00:00+00:00,21581,0.77761,0.77789,0.77301,0.77616,0.77777,0.77802,0.77316,0.77631
2026-01-26 18:00:00+00:00,11294,0.77613,0.77718,0.77518,0.7769,0.77629,0.77735,0.77531,0.77704
2026-01-26 22:00:00+00:00,6350,0.77665,0.77751,0.77582,0.777,0.77707,0.77764,0.77687,0.77713
2026-01-27 02:00:00+00:00,10283,0.77699,0.77791,0.7752,0.77733,0.77713,0.77807,0.77535,0.77748
2026-01-27 06:00:00+00:00,13830,0.77733,0.77834,0.77551,0.77563,0.77749,0.7785,0.77565,0.77576
2026-01-27 10:00:00+00:00,22433,0.77564,0.777,0.76964,0.77072,0.77578,0.77717,0.76981,0.77088
2026-01-27 14:00:00+00:00,28786,0.77075,0.77131,0.76591,0.76635,0.7709,0.77146,0.76606,0.7665
2026-01-27 18:00:00+00:00,28118,0.76636,0.76706,0.76024,0.76099,0.7665,0.76721,0.7605,0.76155
2026-01-27 22:00:00+00:00,24465,0.7606,0.76575,0.76009,0.76575,0.7621,0.7659,0.76141,0.7659
2026-01-28 02:00:00+00:00,12391,0.76574,0.76657,0.76505,0.76518,0.7659,0.76675,0.76521,0.76534
2026-01-28 06:00:00+00:00,23630,0.7652,0.76934,0.7628,0.76703,0.76535,0.76953,0.76294,0.76718
2026-01-28 10:00:00+00:00,21262,0.76702,0.7687,0.7662,0.76837,0.76716,0.76883,0.76635,0.76851
2026-01-28 14:00:00+00:00,37028,0.76837,0.77193,0.76655,0.76945,0.7685,0.77207,0.7667,0.76959
2026-01-28 18:00:00+00:00,23451,0.76945,0.7727,0.76817,0.76829,0.76957,0.77289,0.76841,0.7685
2026-01-28 22:00:00+00:00,16937,0.76771,0.76842,0.7646,0.76722,0.76881,0.76992,0.76475,0.76739
2026-01-29 02:00:00+00:00,10876,0.76724,0.76794,0.76483,0.76567,0.7674,0.76809,0.76499,0.7658
2026-01-29 06:00:00+00:00,17637,0.76566,0.76797,0.76479,0.76779,0.76581,0.76812,0.76495,0.76793
2026-01-29 10:00:00+00:00,18023,0.76779,0.7686,0.7663,0.76744,0.76791,0.76876,0.76644,0.76758
2026-01-29 14:00:00+00:00,43582,0.76743,0.77053,0.76568,0.76648,0.76758,0.77069,0.76584,0.76661
2026-01-29 18:00:00+00:00,13788,0.76648,0.76709,0.76391,0.76423,0.76663,0.76724,0.76409,0.76447
2026-01-29 22:00:00+00:00,27531,0.76432,0.76851,0.76355,0.76831,0.76582,0.76866,0.76372,0.76843
2026-01-30 02:00:00+00:00,19916,0.76829,0.76998,0.76753,0.76852,0.76842,0.77011,0.76768,0.76867
2026-01-30 06:00:00+00:00,23881,0.76851,0.76994,0.76685,0.76964,0.76868,0.77008,0.76701,0.76981
2026-01-30 10:00:00+00:00,24397,0.76965,0.76984,0.76621,0.76887,0.7698,0.76999,0.76635,0.76902
2026-01-30 14:00:00+00:00,31315,0.76886,0.77222,0.7679,0.77179,0.76902,0.77236,0.76806,0.77195
2026-01-30 18:00:00+00:00,22222,0.77181,0.77317,0.77062,0.77288,0.77196,0.7734,0.77077,0.77304
2026-02-01 22:00:00+00:00,17608,0.77167,0.7747,0.77167,0.77209,0.77276,0.77488,0.77185,0.77224
2026-02-02 02:00:00+00:00,13217,0.77206,0.77361,0.77138,0.77292,0.77222,0.77375,0.77152,0.77309
2026-02-02 06:00:00+00:00,19429,0.77289,0.77492,0.77235,0.77479,0.77307,0.77508,0.77251,0.77494
2026-02-02 10:00:00+00:00,18988,0.77479,0.77912,0.77398,0.77864,0.77495,0.77928,0.77412,0.77882
2026-02-02 14:00:00+00:00,29378,0.77865,0.78168,0.77832,0.77963,0.7788,0.78182,0.77847,0.77979
2026-02-02 18:00:00+00:00,9885,0.77962,0.78104,0.77928,0.77956,0.77975,0.78118,0.77942,0.77979
2026-02-02 22:00:00+00:00,10269,0.77954,0.77982,0.77806,0.77818,0.7798,0.78077,0.77821,0.7783
2026-02-03 02:00:00+00:00,9691,0.77817,0.77888,0.77755,0.77822,0.77833,0.77902,0.77771,0.77839
2026-02-03 06:00:00+00:00,15112,0.77824,0.7788,0.77662,0.7788,0.77839,0.77895,0.77676,0.77895
2026-02-03 10:00:00+00:00,15118,0.77881,0.77885,0.77661,0.77728,0.77894,0.77897,0.77675,0.77742
2026-02-03 14:00:00+00:00,23529,0.77727,0.77876,0.77378,0.77502,0.7774,0.7789,0.77392,0.77518
2026-02-03 18:00:00+00:00,10586,0.77503,0.77588,0.77435,0.77497,0.77517,0.77602,0.77451,0.77555
2026-02-03 22:00:00+00:00,11413,0.77499,0.77653,0.77458,0.77573,0.77548,0.77675,0.77529,0.77588
2026-02-04 02:00:00+00:00,7577,0.77572,0.77606,0.7745,0.77499,0.77588,0.7762,0.77467,0.77511
2026-02-04 06:00:00+00:00,13833,0.77499,0.77662,0.77473,0.77619,0.77512,0.77676,0.77487,0.77631
2026-02-04 10:00:00+00:00,13713,0.77619,0.77718,0.77489,0.77545,0.77632,0.77733,0.77503,0.7756
2026-02-04 14:00:00+00:00,26188,0.77545,0.77753,0.77507,0.77673,0.77561,0.77768,0.77523,0.77688
2026-02-04 18:00:00+00:00,11861,0.77673,0.77741,0.77627,0.77725,0.77687,0.77767,0.77643,0.77767
2026-02-04 22:00:00+00:00,11805,0.77641,0.77749,0.77598,0.77691,0.77791,0.77846,0.7767,0.77706
2026-02-05 02:00:00+00:00,10564,0.77692,0.77849,0.77686,0.77809,0.77706,0.77864,0.77701,0.77826
2026-02-05 06:00:00+00:00,15113,0.77809,0.77866,0.77681,0.77845,0.77824,0.77881,0.77695,0.7786
2026-02-05 10:00:00+00:00,23214,0.77843,0.77856,0.77416,0.77467,0.77859,0.77872,0.77432,0.77481
2026-02-05 14:00:00+00:00,27886,0.77467,0.77797,0.77449,0.77681,0.77483,0.77812,0.77462,0.77697
2026-02-05 18:00:00+00:00,8734,0.77682,0.77841,0.77667,0.77798,0.77696,0.77857,0.77682,0.7783
2026-02-05 22:00:00+00:00,9843,0.77753,0.77825,0.77696,0.77725,0.77888,0.77888,0.77713,0.7774
2026-02-06 02:00:00+00:00,6132,0.77722,0.77732,0.77626,0.77644,0.77739,0.77747,0.77642,0.77658
2026-02-06 06:00:00+00:00,10975,0.77643,0.77854,0.77608,0.77835,0.77658,0.77869,0.77622,0.77851
2026-02-06 10:00:00+00:00,10468,0.77839,0.7784,0.77687,0.77694,0.77854,0.77854,0.77701,0.77708
2026-02-06 14:00:00+00:00,15824,0.77695,0.77707,0.77502,0.77534,0.77708,0.7772,0.77516,0.7755
2026-02-06 18:00:00+00:00,4679,0.77535,0.77592,0.77502,0.77541,0.77552,0.77612,0.77518,0.77597
2026-02-08 22:00:00+00:00,11360,0.77513,0.77709,0.77424,0.77548,0.77663,0.77738,0.77488,0.77565
2026-02-09 02:00:00+00:00,6082,0.77548,0.77645,0.77462,0.77483,0.77563,0.77658,0.77478,0.775
2026-02-09 06:00:00+00:00,14851,0.77485,0.77486,0.77159,0.7724,0.775,0.77503,0.77175,0.77255
2026-02-09 10:00:00+00:00,15110,0.77241,0.77284,0.76854,0.7688,0.77255,0.77301,0.76869,0.76894
2026-02-09 14:00:00+00:00,16967,0.76879,0.76882,0.76601,0.7674,0.76894,0.76897,0.76614,0.76753
2026-02-09 18:00:00+00:00,7559,0.7674,0.76741,0.76568,0.76604,0.76755,0.76756,0.76585,0.76661
2026-02-09 22:00:00+00:00,5661,0.76588,0.76765,0.76541,0.76688,0.76738,0.76781,0.76663,0.76702
2026-02-10 02:00:00+00:00,6176,0.76687,0.76742,0.76564,0.76714,0.76703,0.76756,0.76579,0.76729
2026-02-10 06:00:00+00:00,10131,0.76713,0.76752,0.76525,0.76558,0.76729,0.76768,0.76539,0.76572
2026-02-10 10:00:00+00:00,12796,0.76558,0.76726,0.76502,0.76515,0.76573,0.7675,0.76517,0.76529
2026-02-10 14:00:00+00:00,20962,0.76515,0.76788,0.76285,0.76756,0.76527,0.76803,0.76299,0.76771
2026-02-10 18:00:00+00:00,5478,0.76753,0.76873,0.76726,0.76789,0.76767,0.76887,0.76742,0.7682
2026-02-10 22:00:00+00:00,7125,0.76792,0.76876,0.76662,0.76794,0.76837,0.76895,0.76756,0.76809
2026-02-11 02:00:00+00:00,6673,0.76791,0.76794,0.76538,0.76544,0.76806,0.76807,0.76553,0.76559
2026-02-11 06:00:00+00:00,11983,0.76543,0.76692,0.76477,0.76565,0.76557,0.76707,0.76491,0.7658
2026-02-11 10:00:00+00:00,24237,0.76565,0.7729,0.76537,0.77069,0.76579,0.77309,0.76551,0.77086
2026-02-11 14:00:00+00:00,28982,0.7707,0.77295,0.76907,0.77,0.77083,0.7731,0.76923,0.77015
2026-02-11 18:00:00+00:00,8208,0.76999,0.77177,0.7696,0.77163,0.77015,0.77193,0.76976,0.77181
2026-02-11 22:00:00+00:00,6791,0.77036,0.77156,0.77013,0.77029,0.77186,0.77221,0.7703,0.77046
2026-02-12 02:00:00+00:00,7215,0.7703,0.77175,0.76991,0.77134,0.77044,0.77191,0.77008,0.77148
2026-02-12 06:00:00+00:00,13250,0.77134,0.77245,0.7679,0.76794,0.77147,0.77259,0.76807,0.7681
2026-02-12 10:00:00+00:00,12235,0.76795,0.77013,0.76662,0.76868,0.76809,0.77036,0.76676,0.76882
2026-02-12 14:00:00+00:00,25631,0.76866,0.77005,0.76713,0.76973,0.76881,0.77021,0.76728,0.76986
2026-02-12 18:00:00+00:00,9294,0.76972,0.77014,0.76899,0.76917,0.76986,0.77028,0.76912,0.76966
2026-02-12 22:00:00+00:00,6628,0.76794,0.76978,0.76784,0.76939,0.76944,0.76991,0.76895,0.76954
2026-02-13 02:00:00+00:00,5894,0.76938,0.77046,0.76918,0.77004,0.76954,0.77061,0.76932,0.77019
2026-02-13 06:00:00+00:00,10118,0.77005,0.77175,0.76912,0.76961,0.77019,0.77192,0.76926,0.76976
2026-02-13 10:00:00+00:00,13625,0.76963,0.77016,0.76697,0.76824,0.76977,0.77032,0.76712,0.76839
2026-02-13 14:00:00+00:00,18687,0.76825,0.77029,0.76751,0.76779,0.76841,0.77042,0.76766,0.76793
2026-02-13 18:00:00+00:00,4488,0.76777,0.76853,0.7673,0.76743,0.76793,0.76868,0.76768,0.76799
2026-02-15 22:00:00+00:00,6017,0.76794,0.76882,0.76712,0.76829,0.76944,0.76944,0.76769,0.76845
2026-02-16 02:00:00+00:00,4546,0.76827,0.76878,0.76796,0.76852,0.76844,0.76895,0.76813,0.76869
2026-02-16 06:00:00+00:00,7115,0.76854,0.7695,0.76784,0.76949,0.76869,0.76966,0.76798,0.76965
2026-02-16 10:00:00+00:00,5648,0.76949,0.7704,0.76924,0.7697,0.76966,0.77054,0.76938,0.76985
2026-02-16 14:00:00+00:00,4866,0.76971,0.76981,0.76893,0.7696,0.76987,0.76997,0.76908,0.76975
2026-02-16 18:00:00+00:00,1176,0.7696,0.7696,0.76911,0.76944,0.76974,0.76976,0.76924,0.76961
2026-02-16 22:00:00+00:00,5575,0.76877,0.77006,0.76872,0.76962,0.77027,0.77049,0.76948,0.76979
2026-02-17 02:00:00+00:00,5810,0.76963,0.76983,0.76906,0.76912,0.76979,0.77,0.76921,0.76927
2026-02-17 06:00:00+00:00,8606,0.76909,0.77061,0.76871,0.76912,0.76926,0.77077,0.76886,0.76926
2026-02-17 10:00:00+00:00,10289,0.76911,0.7717,0.76877,0.77117,0.76926,0.77186,0.76891,0.77132
2026-02-17 14:00:00+00:00,17856,0.77115,0.77391,0.77081,0.77104,0.77132,0.77407,0.77094,0.77118
2026-02-17 18:00:00+00:00,5770,0.77102,0.77113,0.76991,0.76993,0.77118,0.77128,0.77005,0.7703
2026-02-17 22:00:00+00:00,6274,0.76995,0.77067,0.76923,0.77029,0.77145,0.77145,0.77006,0.77044
2026-02-18 02:00:00+00:00,4231,0.77028,0.77117,0.77028,0.77074,0.77045,0.77134,0.77045,0.77089
2026-02-18 06:00:00+00:00,7374,0.77075,0.77211,0.77047,0.7714,0.77089,0.77226,0.77063,0.77155
2026-02-18 10:00:00+00:00,7894,0.7714,0.77198,0.76992,0.77156,0.77156,0.77212,0.77007,0.77172
2026-02-18 14:00:00+00:00,12392,0.77157,0.7729,0.77085,0.77258,0.77171,0.77304,0.77099,0.77273
2026-02-18 18:00:00+00:00,8396,0.77259,0.77316,0.77223,0.77298,0.77275,0.7733,0.77239,0.77318
2026-02-18 22:00:00+00:00,5845,0.77294,0.77295,0.7716,0.7721,0.77326,0.77383,0.77222,0.77225
2026-02-19 02:00:00+00:00,5463,0.77211,0.77331,0.77202,0.77289,0.77224,0.77349,0.77218,0.77303
2026-02-19 06:00:00+00:00,8440,0.77288,0.77309,0.77195,0.77309,0.77304,0.77324,0.77211,0.77323
2026-02-19 10:00:00+00:00,10478,0.7731,0.7759,0.77284,0.77456,0.77325,0.77605,0.77297,0.77472
2026-02-19 14:00:00+00:00,17310,0.77459,0.7762,0.77431,0.77547,0.77472,0.77636,0.77446,0.7756
2026-02-19 18:00:00+00:00,7706,0.77543,0.77615,0.77462,0.77495,0.77557,0.77632,0.77477,0.77544
2026-02-19 22:00:00+00:00,4801,0.7744,0.77593,0.77427,0.77569,0.7759,0.77609,0.77489,0.77585
2026-02-20 02:00:00+00:00,4666,0.7757,0.77616,0.77547,0.7757,0.77584,0.7763,0.77563,0.77586
2026-02-20 06:00:00+00:00,11353,0.77569,0.77681,0.77495,0.77533,0.77584,0.77695,0.77508,0.77547
2026-02-20 10:00:00+00:00,12231,0.77532,0.77698,0.77451,0.77613,0.77545,0.77713,0.7752,0.77629
2026-02-20 14:00:00+00:00,30095,0.77613,0.77714,0.77298,0.7752,0.77627,0.7773,0.77314,0.77536
2026-02-20 18:00:00+00:00,10638,0.77523,0.77602,0.77388,0.77562,0.77538,0.77643,0.77403,0.77613
2026-02-22 22:00:00+00:00,11510,0.7737,0.77453,0.77116,0.77165,0.7752,0.77569,0.7713,0.77182
2026-02-23 02:00:00+00:00,7047,0.77164,0.77283,0.77097,0.77252,0.77179,0.77298,0.77112,0.77269
2026-02-23 06:00:00+00:00,11486,0.77253,0.77436,0.77151,0.77422,0.77268,0.77451,0.77167,0.77437
2026-02-23 10:00:00+00:00,9853,0.77421,0.77676,0.77412,0.77499,0.77437,0.77691,0.77426,0.77512
2026-02-23 14:00:00+00:00,13867,0.77497,0.77512,0.77308,0.77378,0.77512,0.77528,0.77323,0.77394
2026-02-23 18:00:00+00:00,5544,0.77381,0.7748,0.77362,0.77468,0.77395,0.77501,0.77377,0.77491
2026-02-23 22:00:00+00:00,7725,0.77343,0.77605,0.77343,0.77543,0.77493,0.7762,0.77426,0.77561
2026-02-24 02:00:00+00:00,7863,0.77544,0.77653,0.77501,0.77543,0.77561,0.7767,0.77517,0.77558
2026-02-24 06:00:00+00:00,13557,0.77542,0.7765,0.77358,0.77384,0.77556,0.77667,0.77373,0.77399
2026-02-24 10:00:00+00:00,10474,0.77385,0.77483,0.77308,0.7747,0.77399,0.77499,0.77324,0.77487
2026-02-24 14:00:00+00:00,14049,0.77473,0.77501,0.77315,0.77333,0.77488,0.77517,0.77329,0.77347
2026-02-24 18:00:00+00:00,4658,0.77334,0.77413,0.77297,0.77393,0.77347,0.77427,0.77311,0.77411
2026-02-24 22:00:00+00:00,6385,0.7736,0.77401,0.77314,0.77344,0.77502,0.77502,0.77336,0.7736
2026-02-25 02:00:00+00:00,11484,0.77344,0.77347,0.77184,0.77214,0.77361,0.77363,0.77198,0.7723
2026-02-25 06:00:00+00:00,10753,0.77213,0.7742,0.77205,0.77402,0.7723,0.77436,0.77221,0.77418
2026-02-25 10:00:00+00:00,9545,0.77402,0.7757,0.77398,0.7749,0.77416,0.77583,0.77413,0.77505
2026-02-25 14:00:00+00:00,13004,0.77487,0.77505,0.77181,0.77243,0.77503,0.77519,0.77194,0.77258
2026-02-25 18:00:00+00:00,4609,0.77242,0.77314,0.77217,0.77258,0.77255,0.77329,0.77232,0.77282
2026-02-25 22:00:00+00:00,8882,0.77256,0.7726,0.77083,0.77111,0.77283,0.77381,0.77112,0.77126
2026-02-26 02:00:00+00:00,7091,0.77111,0.77244,0.77099,0.77194,0.77128,0.7726,0.77114,0.77208
2026-02-26 06:00:00+00:00,9931,0.77193,0.77414,0.7716,0.77387,0.77209,0.77427,0.77176,0.77401
2026-02-26 10:00:00+00:00,8911,0.7739,0.77534,0.7735,0.77404,0.77403,0.77548,0.77364,0.77419
2026-02-26 14:00:00+00:00,15612,0.77404,0.77512,0.7731,0.77496,0.77416,0.77527,0.77325,0.77511
2026-02-26 18:00:00+00:00,5868,0.77496,0.7751,0.7736,0.77384,0.77512,0.77525,0.77375,0.77438
2026-02-26 22:00:00+00:00,6946,0.77343,0.77407,0.77288,0.77382,0.77493,0.77524,0.77302,0.77397
2026-02-27 02:00:00+00:00,6635,0.7738,0.77384,0.77239,0.77287,0.77394,0.77398,0.77253,0.77301
2026-02-27 06:00:00+00:00,11321,0.77287,0.77367,0.77216,0.77287,0.77303,0.77383,0.77231,0.77299
2026-02-27 10:00:00+00:00,12487,0.77283,0.77291,0.76985,0.77048,0.77297,0.77307,0.77001,0.77062
2026-02-27 14:00:00+00:00,17719,0.77048,0.77051,0.76708,0.76874,0.7706,0.77064,0.76723,0.76889
2026-02-27 18:00:00+00:00,6850,0.76874,0.76959,0.76765,0.76882,0.7689,0.76996,0.76779,0.76936
2026-03-01 22:00:00+00:00,13546,0.76735,0.7699,0.76722,0.76837,0.76759,0.77008,0.76754,0.76851
2026-03-02 02:00:00+00:00,8167,0.76838,0.76915,0.76778,0.76875,0.76853,0.76929,0.76793,0.76892
2026-03-02 06:00:00+00:00,20060,0.76877,0.77417,0.76871,0.77207,0.76892,0.77432,0.76887,0.77222
2026-03-02 10:00:00+00:00,17866,0.7721,0.77947,0.77105,0.77821,0.77226,0.77964,0.77118,0.77837
2026-03-02 14:00:00+00:00,25113,0.77822,0.78127,0.77727,0.77827,0.77837,0.78143,0.77743,0.77843
2026-03-02 18:00:00+00:00,11638,0.77826,0.78018,0.77782,0.77932,0.7784,0.78035,0.77797,0.77951
2026-03-02 22:00:00+00:00,9332,0.77925,0.77979,0.77794,0.77907,0.77957,0.78084,0.77854,0.77924
2026-03-03 02:00:00+00:00,12673,0.77909,0.78129,0.77909,0.78129,0.77927,0.78146,0.77927,0.78145
2026-03-03 06:00:00+00:00,21613,0.78127,0.78606,0.78084,0.78579,0.78144,0.78619,0.781,0.78594
2026-03-03 10:00:00+00:00,21497,0.78576,0.7878,0.78396,0.78526,0.78593,0.78797,0.78409,0.7854
2026-03-03 14:00:00+00:00,34578,0.78524,0.78689,0.7817,0.78284,0.7854,0.78703,0.78184,0.78299
2026-03-03 18:00:00+00:00,16540,0.78286,0.78295,0.7808,0.78171,0.78302,0.7831,0.78096,0.78221
2026-03-03 22:00:00+00:00,11936,0.78214,0.78329,0.78083,0.78212,0.78364,0.78364,0.78147,0.78226
2026-03-04 02:00:00+00:00,11013,0.78211,0.78227,0.78026,0.78181,0.78226,0.78239,0.78041,0.78195
2026-03-04 06:00:00+00:00,15587,0.78181,0.78345,0.77896,0.78338,0.78197,0.78359,0.77915,0.78353
2026-03-04 10:00:00+00:00,22669,0.78338,0.7834,0.77938,0.78061,0.78354,0.78356,0.77953,0.78075
2026-03-04 14:00:00+00:00,23032,0.78066,0.78189,0.77903,0.77978,0.78079,0.78207,0.77918,0.77993
2026-03-04 18:00:00+00:00,8716,0.7798,0.78032,0.77866,0.77903,0.77993,0.78047,0.7788,0.77929
2026-03-04 22:00:00+00:00,9010,0.77868,0.77934,0.77808,0.77927,0.78018,0.78054,0.77833,0.77942
2026-03-05 02:00:00+00:00,9781,0.77928,0.78151,0.77908,0.78143,0.77944,0.78163,0.77925,0.78156
2026-03-05 06:00:00+00:00,22864,0.7814,0.78183,0.77843,0.77889,0.78155,0.78197,0.7786,0.77904
2026-03-05 10:00:00+00:00,18317,0.7789,0.78203,0.77845,0.78137,0.77903,0.78217,0.77859,0.78151
2026-03-05 14:00:00+00:00,27742,0.7814,0.78335,0.77973,0.78237,0.78153,0.78349,0.77986,0.78251
2026-03-05 18:00:00+00:00,15846,0.78237,0.78367,0.78052,0.78086,0.7825,0.78382,0.78067,0.7812
2026-03-05 22:00:00+00:00,8752,0.7805,0.78115,0.77981,0.78048,0.782,0.782,0.78033,0.78064
2026-03-06 02:00:00+00:00,7134,0.78049,0.78102,0.78001,0.78099,0.78064,0.78119,0.78016,0.78114
2026-03-06 06:00:00+00:00,12003,0.78096,0.78207,0.77935,0.78199,0.78112,0.78222,0.77951,0.78214
2026-03-06 10:00:00+00:00,24184,0.78199,0.78269,0.77933,0.7817,0.78215,0.78284,0.77969,0.78184
2026-03-06 14:00:00+00:00,33812,0.7817,0.78242,0.7767,0.77747,0.78186,0.78255,0.77686,0.7776
2026-03-06 18:00:00+00:00,13839,0.77747,0.77765,0.77553,0.77568,0.77762,0.77781,0.77594,0.77628
2026-03-08 21:00:00+00:00,14720,0.77874,0.7819,0.77817,0.78168,0.78023,0.78204,0.77913,0.78184
2026-03-09 01:00:00+00:00,15575,0.78174,0.78248,0.78042,0.78062,0.78189,0.78264,0.78059,0.78079
2026-03-09 05:00:00+00:00,26052,0.78061,0.78082,0.7777,0.78032,0.78076,0.78097,0.77784,0.78048
2026-03-09 09:00:00+00:00,24143,0.78032,0.78045,0.77821,0.77955,0.78045,0.78061,0.77835,0.77969
2026-03-09 13:00:00+00:00,29437,0.77955,0.7807,0.77788,0.77891,0.77967,0.78086,0.77803,0.77904
2026-03-09 17:00:00+00:00,18299,0.77893,0.78029,0.77687,0.77718,0.77908,0.78042,0.77702,0.7774
2026-03-09 21:00:00+00:00,8391,0.77713,0.77804,0.77652,0.7771,0.77822,0.77822,0.77667,0.77722
2026-03-10 01:00:00+00:00,10759,0.7771,0.77823,0.77686,0.77792,0.77725,0.77839,0.77701,0.77806
2026-03-10 05:00:00+00:00,13051,0.77793,0.77795,0.77528,0.77613,0.77806,0.7781,0.77544,0.77626
2026-03-10 09:00:00+00:00,18362,0.77613,0.7774,0.77502,0.7758,0.77628,0.77754,0.77517,0.77594
2026-03-10 13:00:00+00:00,19391,0.7758,0.77658,0.77474,0.7756,0.77592,0.77674,0.77489,0.77576
2026-03-10 17:00:00+00:00,17844,0.77561,0.77925,0.77537,0.77832,0.77576,0.77937,0.77552,0.77875
2026-03-10 21:00:00+00:00,7284,0.77755,0.77881,0.77723,0.77847,0.77905,0.77953,0.77805,0.77862
2026-03-11 01:00:00+00:00,14270,0.77847,0.77878,0.77686,0.77695,0.77863,0.77894,0.77702,0.7771
2026-03-11 05:00:00+00:00,17954,0.77697,0.77868,0.77654,0.77764,0.77711,0.77883,0.77669,0.7778
2026-03-11 09:00:00+00:00,21690,0.77764,0.77969,0.77642,0.77931,0.77779,0.77985,0.7766,0.77948
2026-03-11 13:00:00+00:00,24830,0.77932,0.78077,0.7778,0.77963,0.77948,0.78093,0.77796,0.77978
2026-03-11 17:00:00+00:00,9934,0.77962,0.78056,0.7793,0.78039,0.77978,0.78082,0.77944,0.78082
2026-03-11 21:00:00+00:00,7616,0.77903,0.78201,0.77903,0.78118,0.78034,0.78218,0.78019,0.78134
2026-03-12 01:00:00+00:00,10762,0.78119,0.78229,0.7806,0.78209,0.78134,0.78244,0.78075,0.78226
2026-03-12 05:00:00+00:00,16876,0.7821,0.78273,0.78116,0.78197,0.78225,0.78287,0.78131,0.78211
2026-03-12 09:00:00+00:00,11604,0.78197,0.78235,0.78006,0.782,0.78212,0.78249,0.78021,0.78215
2026-03-12 13:00:00+00:00,24996,0.78199,0.785,0.78148,0.78439,0.78215,0.78517,0.78161,0.78454
2026-03-12 17:00:00+00:00,7417,0.78441,0.78627,0.78357,0.78601,0.78454,0.78643,0.78372,0.78618
2026-03-12 21:00:00+00:00,6430,0.78497,0.78625,0.78464,0.78502,0.78547,0.7865,0.78479,0.78518
2026-03-13 01:00:00+00:00,16143,0.785,0.78721,0.78477,0.78672,0.78518,0.78738,0.78493,0.78687
2026-03-13 05:00:00+00:00,13790,0.78672,0.78942,0.78646,0.78849,0.78688,0.78958,0.78662,0.78865
2026-03-13 09:00:00+00:00,17049,0.7885,0.78871,0.78609,0.78696,0.78864,0.78887,0.78623,0.78712
2026-03-13 13:00:00+00:00,19810,0.78695,0.78988,0.78607,0.78969,0.78709,0.79003,0.78622,0.78982
2026-03-13 17:00:00+00:00,6657,0.78967,0.79162,0.78916,0.79104,0.78981,0.79178,0.78931,0.79167
2026-03-15 21:00:00+00:00,8017,0.78921,0.7911,0.78868,0.78898,0.79071,0.79151,0.78895,0.78916
2026-03-16 01:00:00+00:00,7326,0.78898,0.79028,0.78879,0.79028,0.78913,0.79044,0.78894,0.79044
2026-03-16 05:00:00+00:00,10307,0.7903,0.79223,0.7892,0.78943,0.79045,0.79237,0.78935,0.78959
2026-03-16 09:00:00+00:00,11824,0.78944,0.78969,0.78696,0.78773,0.78959,0.78984,0.78709,0.78788
2026-03-16 13:00:00+00:00,14724,0.7877,0.78924,0.78657,0.78786,0.78785,0.78936,0.7867,0.78799
2026-03-16 17:00:00+00:00,8547,0.78784,0.78837,0.78644,0.78746,0.78798,0.78852,0.78659,0.78788
2026-03-16 21:00:00+00:00,4756,0.78666,0.78865,0.78656,0.78831,0.78816,0.78881,0.78774,0.78847
2026-03-17 01:00:00+00:00,5367,0.78831,0.78903,0.78786,0.78811,0.78845,0.78917,0.78803,0.78827
2026-03-17 05:00:00+00:00,8782,0.78813,0.78995,0.78652,0.78692,0.78827,0.79011,0.78666,0.78706
2026-03-17 09:00:00+00:00,11215,0.7869,0.7876,0.78604,0.78654,0.78706,0.78774,0.78619,0.78667
2026-03-17 13:00:00+00:00,16300,0.78653,0.78683,0.78474,0.78493,0.78667,0.78697,0.78487,0.78506
2026-03-17 17:00:00+00:00,4579,0.78493,0.78529,0.78431,0.78464,0.78507,0.78544,0.78444,0.78493
2026-03-17 21:00:00+00:00,6360,0.78403,0.78531,0.78403,0.78519,0.78553,0.78577,0.78468,0.78531
2026-03-18 01:00:00+00:00,4247,0.78517,0.78567,0.78482,0.78519,0.7853,0.78579,0.78494,0.78534
2026-03-18 05:00:00+00:00,7579,0.78519,0.78743,0.78496,0.78614,0.78533,0.78757,0.78511,0.78627
2026-03-18 09:00:00+00:00,14337,0.78618,0.78811,0.78538,0.78809,0.78632,0.78827,0.78552,0.78824
2026-03-18 13:00:00+00:00,20109,0.78808,0.78957,0.78731,0.78939,0.78821,0.78971,0.78744,0.78954
2026-03-18 17:00:00+00:00,12662,0.78938,0.79355,0.78888,0.79314,0.78954,0.7937,0.7894,0.79331
2026-03-18 21:00:00+00:00,6882,0.79314,0.79319,0.79167,0.79192,0.7934,0.79354,0.79207,0.79207
2026-03-19 01:00:00+00:00,8200,0.79191,0.79269,0.79086,0.79255,0.79208,0.79285,0.79103,0.79271
2026-03-19 05:00:00+00:00,13305,0.79255,0.79376,0.79123,0.79245,0.7927,0.79392,0.79139,0.79261
2026-03-19 09:00:00+00:00,26487,0.79241,0.79575,0.79173,0.7938,0.79257,0.7959,0.79189,0.79396
2026-03-19 13:00:00+00:00,41401,0.79383,0.79432,0.79019,0.7918,0.79396,0.79444,0.79033,0.79196
2026-03-19 17:00:00+00:00,22240,0.79179,0.7918,0.78569,0.78802,0.79194,0.79195,0.78584,0.78814
2026-03-19 21:00:00+00:00,5415,0.788,0.78902,0.78744,0.78858,0.78821,0.7892,0.78769,0.78873
2026-03-20 01:00:00+00:00,5872,0.78859,0.78933,0.78799,0.78926,0.78873,0.78949,0.78817,0.78941
2026-03-20 05:00:00+00:00,10210,0.78926,0.78999,0.78806,0.78871,0.78942,0.79011,0.7882,0.78885
2026-03-20 09:00:00+00:00,15941,0.78873,0.78918,0.78547,0.78631,0.78885,0.78934,0.78562,0.78645
2026-03-20 13:00:00+00:00,24347,0.78627,0.79049,0.78611,0.78801,0.78642,0.79063,0.78625,0.78816
2026-03-20 17:00:00+00:00,12431,0.788,0.78894,0.78733,0.78791,0.78814,0.78909,0.78748,0.78809
2026-03-22 21:00:00+00:00,8301,0.78785,0.78931,0.78665,0.78889,0.78803,0.79014,0.78687,0.78903
2026-03-23 01:00:00+00:00,10679,0.78888,0.78948,0.78771,0.78894,0.78901,0.78965,0.78784,0.78908
2026-03-23 05:00:00+00:00,16275,0.78893,0.79105,0.78834,0.79105,0.78909,0.7912,0.78849,0.7912
2026-03-23 09:00:00+00:00,68839,0.79105,0.79391,0.78515,0.78539,0.79118,0.79405,0.7853,0.78555
2026-03-23 13:00:00+00:00,51818,0.78537,0.78823,0.78337,0.78739,0.78555,0.78837,0.78353,0.78755
2026-03-23 17:00:00+00:00,16354,0.78739,0.78777,0.78434,0.78633,0.78753,0.78793,0.7845,0.78649
2026-03-23 21:00:00+00:00,9813,0.78617,0.78843,0.78549,0.78812,0.78639,0.78857,0.7862,0.7883
2026-03-24 01:00:00+00:00,14167,0.78813,0.7889,0.78752,0.78864,0.78829,0.78906,0.78766,0.78878
2026-03-24 05:00:00+00:00,17738,0.78865,0.78886,0.78591,0.78707,0.78877,0.78899,0.78606,0.78722
2026-03-24 09:00:00+00:00,17919,0.78706,0.78967,0.78638,0.78915,0.78722,0.78981,0.78652,0.78931
2026-03-24 13:00:00+00:00,28723,0.78915,0.79165,0.78877,0.79109,0.78929,0.79177,0.78892,0.79122
2026-03-24 17:00:00+00:00,22414,0.79109,0.79241,0.78707,0.78812,0.79124,0.79256,0.78719,0.78832
2026-03-24 21:00:00+00:00,8422,0.78812,0.78844,0.78693,0.78741,0.78836,0.78886,0.78708,0.78756
2026-03-25 01:00:00+00:00,10444,0.78742,0.78963,0.78716,0.78937,0.78759,0.7898,0.7873,0.78954
2026-03-25 05:00:00+00:00,13982,0.78939,0.79095,0.7883,0.78916,0.78954,0.79113,0.78844,0.78931
2026-03-25 09:00:00+00:00,16717,0.78916,0.79056,0.78813,0.78958,0.78932,0.7907,0.78829,0.78972
2026-03-25 13:00:00+00:00,21599,0.78954,0.79237,0.78911,0.79162,0.78969,0.79252,0.78926,0.79177
2026-03-25 17:00:00+00:00,9089,0.79165,0.79205,0.79055,0.79139,0.79178,0.7922,0.79069,0.79173
2026-03-25 21:00:00+00:00,5217,0.79095,0.79216,0.79091,0.79181,0.79227,0.79236,0.79143,0.79197
2026-03-26 01:00:00+00:00,7324,0.79182,0.79232,0.79132,0.79154,0.79199,0.79248,0.79148,0.79168
2026-03-26 05:00:00+00:00,10525,0.79154,0.79289,0.79135,0.79151,0.79167,0.79305,0.7915,0.79164
2026-03-26 09:00:00+00:00,10757,0.79151,0.79363,0.79128,0.79299,0.79166,0.79378,0.79143,0.79316
2026-03-26 13:00:00+00:00,18915,0.79299,0.79454,0.79234,0.79433,0.79311,0.79468,0.79248,0.79448
2026-03-26 17:00:00+00:00,12461,0.79433,0.79586,0.79305,0.79494,0.79446,0.79601,0.79321,0.79539
2026-03-26 21:00:00+00:00,11367,0.79505,0.79556,0.79348,0.79502,0.79567,0.79582,0.7944,0.79517
2026-03-27 01:00:00+00:00,9275,0.79499,0.79564,0.79446,0.79521,0.79516,0.79578,0.79461,0.79536
2026-03-27 05:00:00+00:00,11004,0.79523,0.79689,0.79479,0.79649,0.79539,0.79701,0.79493,0.79662
2026-03-27 09:00:00+00:00,10270,0.7965,0.79793,0.79626,0.79696,0.79665,0.79808,0.79642,0.79708
2026-03-27 13:00:00+00:00,18203,0.79694,0.79791,0.79518,0.79677,0.79708,0.79805,0.79533,0.79693
2026-03-27 17:00:00+00:00,6340,0.79678,0.79928,0.79631,0.7987,0.79693,0.79944,0.79646,0.79912
2026-03-29 21:00:00+00:00,11269,0.7987,0.80002,0.79632,0.79857,0.79912,0.80053,0.79782,0.79873
2026-03-30 01:00:00+00:00,11636,0.79853,0.79905,0.79814,0.79856,0.79869,0.79922,0.7983,0.79873
2026-03-30 05:00:00+00:00,10525,0.79858,0.80012,0.79785,0.80005,0.79873,0.80026,0.79799,0.80018
2026-03-30 09:00:00+00:00,11582,0.80004,0.80053,0.79839,0.79979,0.80019,0.80068,0.79855,0.79993
2026-03-30 13:00:00+00:00,16450,0.79975,0.80122,0.79908,0.80008,0.79991,0.80138,0.79921,0.80022
2026-03-30 17:00:00+00:00,8235,0.80005,0.80055,0.79902,0.7994,0.80021,0.80071,0.79949,0.79967
2026-03-30 21:00:00+00:00,9482,0.79789,0.80018,0.7975,0.79877,0.79939,0.80035,0.7988,0.7989
2026-03-31 01:00:00+00:00,9100,0.79878,0.79905,0.79786,0.79862,0.79893,0.79921,0.798,0.79878
2026-03-31 05:00:00+00:00,10429,0.79862,0.80016,0.79845,0.79984,0.79877,0.80033,0.79859,0.80001
2026-03-31 09:00:00+00:00,14333,0.79983,0.80108,0.79914,0.80012,0.79999,0.80124,0.79928,0.80026
2026-03-31 13:00:00+00:00,34526,0.80012,0.80419,0.79908,0.80103,0.80024,0.80435,0.79923,0.80119
2026-03-31 17:00:00+00:00,17661,0.80104,0.80108,0.7989,0.7992,0.80121,0.80122,0.79906,0.7997
2026-03-31 21:00:00+00:00,9533,0.79954,0.7996,0.7967,0.79675,0.80104,0.8011,0.79684,0.79691
2026-04-01 01:00:00+00:00,8948,0.79677,0.79837,0.79668,0.79756,0.79691,0.79854,0.79682,0.79771
2026-04-01 05:00:00+00:00,18986,0.79753,0.7976,0.79271,0.79354,0.7977,0.79776,0.79286,0.7937
2026-04-01 09:00:00+00:00,16768,0.79353,0.79407,0.79041,0.79192,0.7937,0.79423,0.79059,0.79206
2026-04-01 13:00:00+00:00,22808,0.79191,0.79427,0.79107,0.79215,0.79207,0.79442,0.79121,0.7923
2026-04-01 17:00:00+00:00,8646,0.79214,0.79494,0.79172,0.79417,0.7923,0.79508,0.79184,0.79439
2026-04-01 21:00:00+00:00,5810,0.79396,0.79428,0.79287,0.79308,0.79546,0.79578,0.79302,0.79324
2026-04-02 01:00:00+00:00,21265,0.7931,0.79875,0.79275,0.79843,0.79324,0.7989,0.7929,0.79859
2026-04-02 05:00:00+00:00,14468,0.79844,0.80025,0.79822,0.79953,0.79859,0.80066,0.79836,0.79966
2026-04-02 09:00:00+00:00,11836,0.79951,0.8008,0.79877,0.79904,0.79966,0.80095,0.79892,0.79919
2026-04-02 13:00:00+00:00,23385,0.79902,0.8004,0.79768,0.79864,0.79918,0.80055,0.79782,0.79879
2026-04-02 17:00:00+00:00,6537,0.79866,0.79913,0.79792,0.79857,0.7988,0.79929,0.79804,0.79906
2026-04-02 21:00:00+00:00,10256,0.79865,0.79889,0.79729,0.79869,0.79914,0.80039,0.79856,0.79887
2026-04-03 01:00:00+00:00,2026,0.79873,0.79906,0.79849,0.7987,0.79891,0.79919,0.79867,0.79885
2026-04-03 05:00:00+00:00,3187,0.7987,0.79883,0.79762,0.79793,0.79886,0.79898,0.79777,0.79808
2026-04-03 09:00:00+00:00,5184,0.79792,0.80072,0.79782,0.79923,0.79809,0.80189,0.79798,0.79938
2026-04-03 13:00:00+00:00,11422,0.79921,0.80077,0.79852,0.80073,0.79938,0.80094,0.7987,0.80088
2026-04-03 17:00:00+00:00,11911,0.80073,0.80111,0.79772,0.79912,0.8009,0.80183,0.79922,0.80062
2026-04-05 21:00:00+00:00,9213,0.79932,0.80122,0.79864,0.80117,0.80082,0.80171,0.80014,0.80132
2026-04-06 01:00:00+00:00,9602,0.80117,0.80177,0.80032,0.80045,0.8013,0.80193,0.80049,0.8006
2026-04-06 05:00:00+00:00,12703,0.80047,0.80064,0.79666,0.79731,0.8006,0.80079,0.79681,0.79744
2026-04-06 09:00:00+00:00,9520,0.79729,0.79858,0.797,0.79708,0.79745,0.79875,0.79716,0.79721
2026-04-06 13:00:00+00:00,17735,0.79706,0.79847,0.79606,0.79797,0.79721,0.79866,0.79622,0.7981
2026-04-06 17:00:00+00:00,11246,0.79796,0.79873,0.79742,0.79784,0.79812,0.79889,0.79758,0.79832
2026-04-06 21:00:00+00:00,5170,0.79769,0.7989,0.79674,0.79884,0.79835,0.79905,0.79783,0.79898
2026-04-07 01:00:00+00:00,7147,0.79887,0.80005,0.79853,0.79861,0.79902,0.80021,0.79867,0.79875
2026-04-07 05:00:00+00:00,13900,0.79859,0.79989,0.79785,0.79799,0.79871,0.80003,0.79802,0.79814
2026-04-07 09:00:00+00:00,14947,0.79798,0.8,0.7978,0.7996,0.79815,0.80017,0.79797,0.79975
2026-04-07 13:00:00+00:00,19109,0.7996,0.80106,0.79875,0.79926,0.79973,0.80118,0.79889,0.79943
2026-04-07 17:00:00+00:00,11697,0.79927,0.79958,0.79723,0.79754,0.79943,0.79973,0.79739,0.79785
2026-04-07 21:00:00+00:00,22665,0.7974,0.7982,0.78964,0.79122,0.7989,0.79953,0.78981,0.79138
2026-04-08 01:00:00+00:00,13044,0.79121,0.79127,0.78916,0.78948,0.79135,0.79143,0.78928,0.78962
2026-04-08 05:00:00+00:00,19197,0.78946,0.78974,0.78713,0.78877,0.78959,0.78988,0.78728,0.78891
2026-04-08 09:00:00+00:00,15201,0.78877,0.78932,0.78707,0.7874,0.78889,0.78947,0.78722,0.78755
2026-04-08 13:00:00+00:00,20060,0.78741,0.7904,0.78687,0.78993,0.78755,0.79054,0.78703,0.79007
2026-04-08 17:00:00+00:00,10515,0.78995,0.79257,0.78976,0.79116,0.79008,0.79272,0.78989,0.79147
2026-04-08 21:00:00+00:00,6951,0.79112,0.79191,0.79025,0.79176,0.79262,0.79262,0.79097,0.79192
2026-04-09 01:00:00+00:00,7991,0.79174,0.79209,0.7905,0.79105,0.79191,0.79225,0.79065,0.79121
2026-04-09 05:00:00+00:00,11839,0.79105,0.79212,0.79055,0.79096,0.79119,0.79227,0.79071,0.79112
2026-04-09 09:00:00+00:00,10629,0.79099,0.79165,0.79011,0.79044,0.79113,0.7918,0.79026,0.79059
2026-04-09 13:00:00+00:00,20214,0.79039,0.79116,0.78795,0.78842,0.79055,0.79129,0.78809,0.78857
2026-04-09 17:00:00+00:00,8803,0.7884,0.79062,0.78784,0.79029,0.78856,0.79076,0.78799,0.79069
2026-04-09 21:00:00+00:00,5883,0.79027,0.79133,0.78899,0.79115,0.79064,0.79147,0.79012,0.7913
2026-04-10 01:00:00+00:00,5591,0.79114,0.79124,0.79004,0.79028,0.79127,0.79141,0.79019,0.79043
2026-04-10 05:00:00+00:00,6721,0.79024,0.79061,0.78941,0.79013,0.7904,0.79076,0.78957,0.79028
2026-04-10 09:00:00+00:00,11581,0.79012,0.79055,0.78685,0.78818,0.79024,0.79071,0.78758,0.78833
2026-04-10 13:00:00+00:00,19011,0.78822,0.78999,0.7854,0.78938,0.78835,0.79013,0.78555,0.78953
2026-04-10 17:00:00+00:00,7051,0.78939,0.78982,0.7884,0.78896,0.78953,0.78996,0.78855,0.78936
2026-04-12 21:00:00+00:00,9640,0.79011,0.79336,0.78967,0.79241,0.79161,0.79354,0.79091,0.79259
2026-04-13 01:00:00+00:00,5859,0.79241,0.79265,0.79163,0.79202,0.79257,0.79281,0.79179,0.79215
2026-04-13 05:00:00+00:00,8794,0.792,0.79222,0.78968,0.79032,0.79215,0.79236,0.78984,0.79046
2026-04-13 09:00:00+00:00,8450,0.79032,0.79112,0.78919,0.78955,0.79045,0.79125,0.78933,0.7897
2026-04-13 13:00:00+00:00,17227,0.78952,0.78989,0.78563,0.7858,0.78968,0.79003,0.78578,0.78594
2026-04-13 17:00:00+00:00,7165,0.78579,0.78585,0.78294,0.78364,0.78594,0.78598,0.78309,0.78409
2026-04-13 21:00:00+00:00,4884,0.78366,0.7837,0.78263,0.78296,0.78416,0.78482,0.78311,0.78311
2026-04-14 01:00:00+00:00,4466,0.78296,0.78376,0.78284,0.78307,0.78312,0.78388,0.783,0.78322
2026-04-14 05:00:00+00:00,10434,0.78308,0.78361,0.78007,0.78052,0.78324,0.78376,0.7802,0.78068
2026-04-14 09:00:00+00:00,10079,0.78052,0.78094,0.77944,0.77987,0.78066,0.78108,0.77958,0.78
2026-04-14 13:00:00+00:00,15419,0.7799,0.7812,0.77898,0.78107,0.78002,0.78132,0.77912,0.7812
2026-04-14 17:00:00+00:00,4400,0.7811,0.78133,0.78053,0.78084,0.78124,0.78147,0.78068,0.78101
2026-04-14 21:00:00+00:00,5526,0.78051,0.78154,0.78027,0.78094,0.78201,0.7821,0.78067,0.78111
2026-04-15 01:00:00+00:00,6675,0.78096,0.78193,0.78063,0.7812,0.78111,0.78209,0.78079,0.78138
2026-04-15 05:00:00+00:00,9924,0.7812,0.78139,0.77978,0.78078,0.78136,0.78154,0.77994,0.78093
2026-04-15 09:00:00+00:00,13878,0.78077,0.7831,0.78064,0.78232,0.78093,0.78327,0.78079,0.78248
2026-04-15 13:00:00+00:00,15050,0.78232,0.78234,0.78058,0.78161,0.78246,0.78249,0.78073,0.78175
2026-04-15 17:00:00+00:00,5902,0.78163,0.78232,0.7813,0.78177,0.78178,0.78247,0.78145,0.78213
2026-04-15 21:00:00+00:00,9088,0.78178,0.78223,0.78096,0.78096,0.78328,0.78361,0.78113,0.78113
2026-04-16 01:00:00+00:00,7428,0.78098,0.78157,0.77982,0.78073,0.78113,0.78173,0.77996,0.78088
2026-04-16 05:00:00+00:00,9045,0.78072,0.78298,0.78055,0.78234,0.78088,0.78314,0.7807,0.78249
2026-04-16 09:00:00+00:00,9005,0.78236,0.78427,0.78226,0.78344,0.78249,0.78442,0.7824,0.78359
2026-04-16 13:00:00+00:00,14136,0.78345,0.78423,0.78252,0.78396,0.78358,0.78438,0.78268,0.78411
2026-04-16 17:00:00+00:00,7008,0.78392,0.78448,0.78285,0.78342,0.78408,0.78462,0.783,0.78365
2026-04-16 21:00:00+00:00,3033,0.78337,0.78342,0.78248,0.78316,0.78487,0.78487,0.78301,0.78332
2026-04-17 01:00:00+00:00,4117,0.78317,0.78378,0.78309,0.78323,0.78332,0.78393,0.78325,0.7834
2026-04-17 05:00:00+00:00,6821,0.78324,0.78395,0.78212,0.78213,0.7834,0.78411,0.78227,0.78228
2026-04-17 09:00:00+00:00,11247,0.78212,0.78266,0.77911,0.77916,0.78229,0.7828,0.77926,0.7793
2026-04-17 13:00:00+00:00,26871,0.77912,0.77981,0.77745,0.77939,0.77926,0.77997,0.7776,0.77952
2026-04-17 17:00:00+00:00,9301,0.77936,0.78181,0.77933,0.78158,0.77951,0.78206,0.77947,0.782
2026-04-19 21:00:00+00:00,7542,0.7811,0.78388,0.78092,0.78258,0.78215,0.78418,0.78185,0.78274
2026-04-20 01:00:00+00:00,6381,0.78258,0.78303,0.78201,0.78242,0.78272,0.7832,0.78216,0.78258
2026-04-20 05:00:00+00:00,11453,0.78242,0.78346,0.78127,0.78196,0.78257,0.78361,0.78142,0.7821
2026-04-20 09:00:00+00:00,9418,0.78192,0.78192,0.78055,0.78088,0.78207,0.78207,0.7807,0.78101
2026-04-20 13:00:00+00:00,19593,0.78085,0.78113,0.77752,0.77816,0.781,0.78128,0.77768,0.77831
2026-04-20 17:00:00+00:00,5627,0.77816,0.77879,0.77789,0.77833,0.77832,0.77895,0.77803,0.77853
2026-04-20 21:00:00+00:00,6866,0.77821,0.77881,0.7774,0.77851,0.77863,0.77999,0.77807,0.77867
2026-04-21 01:00:00+00:00,4555,0.77854,0.77939,0.77833,0.77924,0.77871,0.77955,0.7785,0.77941
2026-04-21 05:00:00+00:00,11387,0.77924,0.78063,0.77842,0.78026,0.7794,0.78078,0.77858,0.7804
2026-04-21 09:00:00+00:00,9041,0.78026,0.78054,0.77911,0.78008,0.78041,0.78068,0.77924,0.78021
2026-04-21 13:00:00+00:00,15627,0.78005,0.78091,0.77823,0.78077,0.78019,0.78107,0.77837,0.78093
2026-04-21 17:00:00+00:00,23199,0.7808,0.78255,0.77953,0.78051,0.78094,0.78269,0.77968,0.78098
2026-04-21 21:00:00+00:00,5324,0.78002,0.78103,0.77975,0.78054,0.78152,0.78219,0.77999,0.78067
2026-04-22 01:00:00+00:00,6956,0.78053,0.78091,0.78021,0.7807,0.78067,0.78107,0.78037,0.78086
2026-04-22 05:00:00+00:00,12318,0.78068,0.78071,0.77914,0.77997,0.78083,0.78087,0.77928,0.78013
2026-04-22 09:00:00+00:00,11427,0.77999,0.78314,0.77973,0.78299,0.78016,0.78329,0.77987,0.78314
2026-04-22 13:00:00+00:00,15631,0.78299,0.78388,0.78165,0.78383,0.78312,0.78403,0.78181,0.78398
2026-04-22 17:00:00+00:00,5679,0.78385,0.78493,0.78335,0.78465,0.78399,0.78509,0.78348,0.78488
2026-04-22 21:00:00+00:00,6742,0.78361,0.78581,0.78343,0.78425,0.78511,0.78595,0.78424,0.78439
2026-04-23 01:00:00+00:00,7714,0.78421,0.78573,0.78408,0.78546,0.78437,0.78588,0.78423,0.78559
2026-04-23 05:00:00+00:00,9415,0.78546,0.78548,0.784,0.78405,0.78558,0.78564,0.78414,0.78421
2026-04-23 09:00:00+00:00,13498,0.78408,0.78583,0.78401,0.78538,0.78421,0.78596,0.78417,0.78554
2026-04-23 13:00:00+00:00,15521,0.78539,0.78623,0.78315,0.78455,0.78554,0.78649,0.78327,0.78471
2026-04-23 17:00:00+00:00,19101,0.78455,0.78729,0.78452,0.78638,0.7847,0.78746,0.78468,0.78668
2026-04-23 21:00:00+00:00,7231,0.78504,0.7865,0.78471,0.78623,0.78654,0.78697,0.7859,0.78638
2026-04-24 01:00:00+00:00,6883,0.78624,0.78726,0.78599,0.78696,0.78638,0.78741,0.78613,0.78711
2026-04-24 05:00:00+00:00,9352,0.78695,0.78758,0.78572,0.78605,0.78709,0.78775,0.78587,0.78619
2026-04-24 09:00:00+00:00,13155,0.78604,0.78707,0.78488,0.78608,0.78619,0.7872,0.78502,0.78622
2026-04-24 13:00:00+00:00,18600,0.78607,0.78739,0.78451,0.78483,0.7862,0.78754,0.78465,0.78498
2026-04-24 17:00:00+00:00,6636,0.78482,0.78551,0.78439,0.78465,0.78498,0.78566,0.78469,0.7853
2026-04-26 21:00:00+00:00,4792,0.78639,0.78647,0.78436,0.78567,0.78706,0.78721,0.78563,0.78582
2026-04-27 01:00:00+00:00,7315,0.78563,0.78563,0.78431,0.7847,0.78578,0.78578,0.78448,0.78487
2026-04-27 05:00:00+00:00,9767,0.78471,0.78563,0.78332,0.78351,0.78487,0.78578,0.78346,0.78367
2026-04-27 09:00:00+00:00,8396,0.7835,0.78491,0.78339,0.78443,0.78363,0.78506,0.78352,0.78455
2026-04-27 13:00:00+00:00,13083,0.78444,0.78532,0.78303,0.78531,0.78458,0.78546,0.78316,0.78545
2026-04-27 17:00:00+00:00,4730,0.78531,0.78594,0.78508,0.78552,0.78546,0.78609,0.78521,0.78569
2026-04-27 21:00:00+00:00,4910,0.78519,0.7858,0.78412,0.78578,0.78574,0.78624,0.78499,0.78591
2026-04-28 01:00:00+00:00,7152,0.78578,0.78684,0.78578,0.78682,0.78593,0.78699,0.78593,0.78697
2026-04-28 05:00:00+00:00,12404,0.78679,0.78966,0.78677,0.78882,0.78696,0.78982,0.78693,0.78898
2026-04-28 09:00:00+00:00,14170,0.78884,0.79107,0.78859,0.78954,0.78898,0.79119,0.78873,0.78968
2026-04-28 13:00:00+00:00,20345,0.78956,0.79083,0.78862,0.78913,0.78968,0.79097,0.78877,0.78928
2026-04-28 17:00:00+00:00,5605,0.78914,0.7898,0.78891,0.78916,0.78927,0.78993,0.78904,0.78941
2026-04-28 21:00:00+00:00,3239,0.7886,0.78915,0.7884,0.78893,0.7901,0.79039,0.7887,0.78906
2026-04-29 01:00:00+00:00,8054,0.78891,0.78964,0.78828,0.78896,0.78906,0.78981,0.7884,0.78912
2026-04-29 05:00:00+00:00,10082,0.78897,0.78969,0.78865,0.78956,0.78915,0.78986,0.7888,0.78971
2026-04-29 09:00:00+00:00,11897,0.78958,0.79028,0.78867,0.79006,0.78971,0.79044,0.78883,0.79019
2026-04-29 13:00:00+00:00,19929,0.79006,0.79156,0.78936,0.79056,0.7902,0.79168,0.7895,0.79068
2026-04-29 17:00:00+00:00,17955,0.79055,0.79245,0.78933,0.79121,0.79068,0.7926,0.79014,0.79176
2026-04-29 21:00:00+00:00,5716,0.79062,0.79165,0.78943,0.79077,0.79212,0.79221,0.79026,0.79092
2026-04-30 01:00:00+00:00,10010,0.79079,0.79226,0.79049,0.79188,0.79092,0.79241,0.79064,0.79203
2026-04-30 05:00:00+00:00,13413,0.79191,0.79197,0.78863,0.78948,0.79204,0.79212,0.78877,0.78966
2026-04-30 09:00:00+00:00,29730,0.78947,0.78955,0.78331,0.78388,0.78967,0.78973,0.78347,0.78403
2026-04-30 13:00:00+00:00,33633,0.78387,0.78523,0.78066,0.78244,0.78403,0.78539,0.78084,0.78259
2026-04-30 17:00:00+00:00,9909,0.78243,0.78259,0.7805,0.78124,0.78259,0.78274,0.78064,0.78155
2026-04-30 21:00:00+00:00,6332,0.78042,0.78172,0.78028,0.78155,0.78192,0.78282,0.78138,0.7817
2026-05-01 01:00:00+00:00,5265,0.78156,0.78219,0.78109,0.78211,0.7817,0.78235,0.78123,0.78228
2026-05-01 05:00:00+00:00,14893,0.78212,0.78297,0.77955,0.78082,0.78228,0.78311,0.77972,0.78097
2026-05-01 09:00:00+00:00,11915,0.78083,0.78183,0.77878,0.78013,0.78097,0.78196,0.77894,0.78028
2026-05-01 13:00:00+00:00,23312,0.78015,0.78139,0.77782,0.78049,0.78028,0.78154,0.77798,0.78064
2026-05-01 17:00:00+00:00,8315,0.78052,0.78196,0.78031,0.78169,0.78068,0.78279,0.78045,0.78236
2026-05-03 21:00:00+00:00,4699,0.78152,0.78168,0.7786,0.78087,0.78247,0.78247,0.7801,0.78102
2026-05-04 01:00:00+00:00,13143,0.78088,0.78176,0.77991,0.78089,0.78102,0.78192,0.78007,0.78103
2026-05-04 05:00:00+00:00,10292,0.78089,0.78328,0.78038,0.78242,0.78105,0.78344,0.78055,0.78258
2026-05-04 09:00:00+00:00,14641,0.78241,0.78464,0.78203,0.78316,0.78256,0.78479,0.78218,0.7833
2026-05-04 13:00:00+00:00,18427,0.78316,0.78468,0.78192,0.78462,0.78328,0.78483,0.78208,0.78478
2026-05-04 17:00:00+00:00,8296,0.78462,0.78469,0.78299,0.78374,0.78477,0.78485,0.78315,0.78422
2026-05-04 21:00:00+00:00,4769,0.78284,0.78451,0.78277,0.78432,0.78389,0.78487,0.78355,0.78449
2026-05-05 01:00:00+00:00,6211,0.78432,0.78467,0.78376,0.78464,0.78448,0.78483,0.78391,0.78479
2026-05-05 05:00:00+00:00,10150,0.78464,0.78474,0.78276,0.7834,0.7848,0.78489,0.78291,0.78354
2026-05-05 09:00:00+00:00,11708,0.78341,0.78418,0.78238,0.7836,0.78354,0.78434,0.78253,0.78374
2026-05-05 13:00:00+00:00,14729,0.78361,0.78362,0.78125,0.78284,0.78373,0.78377,0.78138,0.78299
2026-05-05 17:00:00+00:00,5157,0.78287,0.78312,0.78237,0.783,0.78303,0.78327,0.78251,0.78319
2026-05-05 21:00:00+00:00,10303,0.782,0.78324,0.78076,0.78124,0.7835,0.78406,0.78091,0.78138
2026-05-06 01:00:00+00:00,16392,0.78124,0.78185,0.77878,0.77953,0.78139,0.78198,0.77894,0.77969
2026-05-06 05:00:00+00:00,16643,0.77951,0.78194,0.77813,0.77879,0.77969,0.78209,0.77828,0.77896
2026-05-06 09:00:00+00:00,20790,0.77879,0.77991,0.77708,0.77926,0.77897,0.78006,0.77722,0.7794
2026-05-06 13:00:00+00:00,18143,0.77924,0.78033,0.77857,0.7797,0.7794,0.78049,0.7787,0.77984
2026-05-06 17:00:00+00:00,6295,0.7797,0.77977,0.77822,0.77869,0.77985,0.7799,0.77836,0.77901
2026-05-06 21:00:00+00:00,11702,0.77752,0.77925,0.77752,0.77899,0.77902,0.78002,0.77842,0.77914
2026-05-07 01:00:00+00:00,7974,0.77897,0.77924,0.7778,0.77892,0.77914,0.77939,0.77792,0.77908
2026-05-07 05:00:00+00:00,13786,0.77892,0.77922,0.77718,0.77749,0.7791,0.77937,0.77732,0.77764
2026-05-07 09:00:00+00:00,11913,0.77753,0.77827,0.77687,0.77723,0.77765,0.77842,0.77701,0.77737
2026-05-07 13:00:00+00:00,17563,0.77727,0.77831,0.77652,0.77823,0.77739,0.77844,0.77667,0.77837
2026-05-07 17:00:00+00:00,14918,0.7782,0.78075,0.77817,0.78055,0.77836,0.78092,0.77832,0.78072
2026-05-07 21:00:00+00:00,17173,0.77934,0.7808,0.77847,0.78046,0.78083,0.78102,0.77997,0.7806
2026-05-08 01:00:00+00:00,7877,0.78045,0.78086,0.77981,0.77981,0.7806,0.78103,0.77995,0.77996
2026-05-08 05:00:00+00:00,9443,0.77981,0.78005,0.77776,0.77814,0.77997,0.78021,0.77792,0.77828
2026-05-08 09:00:00+00:00,11511,0.77811,0.77916,0.77705,0.77757,0.77826,0.7798,0.77718,0.77772
2026-05-08 13:00:00+00:00,16874,0.77756,0.77814,0.77649,0.77713,0.77773,0.77829,0.77662,0.77729
2026-05-08 17:00:00+00:00,6080,0.77713,0.77722,0.7761,0.77622,0.77728,0.77737,0.77625,0.77664
2026-05-10 21:00:00+00:00,9239,0.77736,0.77821,0.77655,0.77779,0.77886,0.77925,0.77724,0.77796
2026-05-11 01:00:00+00:00,7126,0.77781,0.7794,0.77774,0.77935,0.77795,0.77953,0.77789,0.7795
2026-05-11 05:00:00+00:00,9893,0.77935,0.77948,0.77746,0.77838,0.77952,0.77962,0.77762,0.77852
2026-05-11 09:00:00+00:00,8705,0.77838,0.77899,0.77797,0.77816,0.77853,0.77915,0.77811,0.7783
2026-05-11 13:00:00+00:00,12132,0.77812,0.77819,0.77677,0.77777,0.77826,0.77834,0.77691,0.77791
2026-05-11 17:00:00+00:00,5109,0.77779,0.77841,0.7775,0.77791,0.77792,0.77854,0.77765,0.77826
2026-05-11 21:00:00+00:00,5769,0.77713,0.77893,0.77696,0.77891,0.77863,0.77909,0.77776,0.77907
2026-05-12 01:00:00+00:00,7603,0.77894,0.77992,0.77877,0.7797,0.77908,0.78007,0.77892,0.77982
2026-05-12 05:00:00+00:00,13485,0.77969,0.78083,0.77873,0.78056,0.77984,0.78098,0.77887,0.78071
2026-05-12 09:00:00+00:00,12930,0.78059,0.78143,0.78022,0.7803,0.78075,0.78158,0.78037,0.78045
2026-05-12 13:00:00+00:00,19339,0.78033,0.78229,0.78024,0.78192,0.78046,0.78241,0.78037,0.78206
2026-05-12 17:00:00+00:00,8059,0.7819,0.78197,0.78019,0.78046,0.78203,0.7821,0.78034,0.78068
2026-05-12 21:00:00+00:00,8430,0.78018,0.78075,0.78005,0.78009,0.78168,0.78187,0.7802,0.78025
2026-05-13 01:00:00+00:00,6641,0.78009,0.78064,0.77996,0.78048,0.78023,0.7808,0.78011,0.7806
2026-05-13 05:00:00+00:00,6825,0.78048,0.78239,0.78016,0.78213,0.78064,0.78254,0.7803,0.78227
2026-05-13 09:00:00+00:00,8985,0.78212,0.78293,0.78112,0.78261,0.78228,0.78307,0.78126,0.78276
2026-05-13 13:00:00+00:00,13283,0.78261,0.78302,0.78162,0.78236,0.78275,0.78315,0.78174,0.78251
2026-05-13 17:00:00+00:00,5273,0.78239,0.78242,0.78143,0.78156,0.78253,0.78257,0.78169,0.78197
2026-05-13 21:00:00+00:00,4519,0.78111,0.78169,0.78111,0.78142,0.78261,0.7827,0.78153,0.78158
2026-05-14 01:00:00+00:00,5042,0.78141,0.78187,0.78124,0.78172,0.78159,0.78203,0.7814,0.78187
2026-05-14 05:00:00+00:00,7894,0.78168,0.78244,0.78071,0.78189,0.78184,0.7826,0.78087,0.78203
2026-05-14 09:00:00+00:00,8742,0.78185,0.78209,0.78138,0.78197,0.782,0.78224,0.78153,0.78212
2026-05-14 13:00:00+00:00,14886,0.78199,0.78351,0.78172,0.78313,0.78212,0.78366,0.78186,0.78329
2026-05-14 17:00:00+00:00,5599,0.78313,0.784,0.78292,0.78366,0.78328,0.78413,0.78305,0.78389
2026-05-14 21:00:00+00:00,4370,0.78305,0.78496,0.78305,0.78467,0.78366,0.78508,0.78366,0.78483
2026-05-15 01:00:00+00:00,8850,0.78469,0.78575,0.78462,0.78559,0.78484,0.7859,0.78478,0.78575
2026-05-15 05:00:00+00:00,12981,0.7856,0.78626,0.78461,0.78563,0.78574,0.78641,0.78476,0.78577
2026-05-15 09:00:00+00:00,13226,0.78562,0.78697,0.78379,0.78659,0.78578,0.78712,0.78394,0.78675
2026-05-15 13:00:00+00:00,17246,0.78659,0.78728,0.78538,0.78649,0.78673,0.78742,0.78553,0.78663
2026-05-15 17:00:00+00:00,6988,0.78649,0.78724,0.78594,0.78679,0.78665,0.78737,0.7861,0.78713
2026-05-17 21:00:00+00:00,6004,0.7859,0.78745,0.7859,0.78732,0.78676,0.78761,0.78662,0.78746
2026-05-18 01:00:00+00:00,10233,0.78731,0.78768,0.7864,0.78682,0.78747,0.78784,0.78656,0.78698
2026-05-18 05:00:00+00:00,10757,0.78682,0.78706,0.78451,0.7848,0.78697,0.78722,0.78465,0.78494
2026-05-18 09:00:00+00:00,12959,0.78479,0.78645,0.78443,0.78492,0.78494,0.78661,0.78458,0.78508
2026-05-18 13:00:00+00:00,17606,0.78493,0.78639,0.78438,0.78475,0.78508,0.78654,0.78452,0.78489
2026-05-18 17:00:00+00:00,10000,0.78477,0.78605,0.78394,0.7843,0.78493,0.7862,0.78408,0.78451
2026-05-18 21:00:00+00:00,5585,0.78387,0.78523,0.78374,0.78518,0.78537,0.78538,0.78409,0.78533
2026-05-19 01:00:00+00:00,9528,0.78519,0.7859,0.78468,0.78579,0.78533,0.78605,0.78484,0.78594
2026-05-19 05:00:00+00:00,11714,0.78578,0.78697,0.78504,0.78679,0.78592,0.78712,0.78519,0.78693
2026-05-19 09:00:00+00:00,12152,0.78682,0.78793,0.78656,0.78778,0.78697,0.78808,0.78669,0.78793
2026-05-19 13:00:00+00:00,20158,0.78782,0.79055,0.78777,0.78889,0.78796,0.7907,0.78792,0.78904
2026-05-19 17:00:00+00:00,6712,0.7889,0.78921,0.78833,0.78876,0.78904,0.78934,0.78849,0.78917
2026-05-19 21:00:00+00:00,6963,0.78827,0.78934,0.78824,0.78928,0.78977,0.78977,0.78852,0.78943
2026-05-20 01:00:00+00:00,10944,0.78928,0.79008,0.78909,0.78986,0.78945,0.79025,0.78924,0.79002
2026-05-20 05:00:00+00:00,11260,0.78986,0.79062,0.78925,0.79018,0.79,0.79077,0.78939,0.79034
2026-05-20 09:00:00+00:00,9246,0.7902,0.79057,0.78938,0.79042,0.79034,0.79072,0.78953,0.79055
2026-05-20 13:00:00+00:00,26136,0.79041,0.79062,0.78566,0.78716,0.79055,0.79076,0.78581,0.78731
2026-05-20 17:00:00+00:00,8686,0.78714,0.78779,0.78633,0.78713,0.7873,0.78798,0.78649,0.78734
2026-05-20 21:00:00+00:00,4696,0.78617,0.78749,0.78598,0.78696,0.78767,0.78782,0.78692,0.78712
2026-05-21 01:00:00+00:00,7951,0.78697,0.78754,0.78611,0.78685,0.78711,0.78769,0.78628,0.787
2026-05-21 05:00:00+00:00,13283,0.78685,0.7884,0.78591,0.78696,0.78699,0.78855,0.78604,0.7871
2026-05-21 09:00:00+00:00,15190,0.78698,0.78889,0.78582,0.78875,0.78711,0.7891,0.78597,0.78888
2026-05-21 13:00:00+00:00,19954,0.78877,0.79032,0.78847,0.7888,0.78889,0.7905,0.7886,0.78894
2026-05-21 17:00:00+00:00,17972,0.78877,0.78897,0.7857,0.78652,0.78893,0.78912,0.78584,0.78696
2026-05-21 21:00:00+00:00,4715,0.78597,0.78685,0.78578,0.78682,0.78747,0.7881,0.78654,0.78696
2026-05-22 01:00:00+00:00,5467,0.78683,0.78704,0.78618,0.78622,0.78696,0.78719,0.78633,0.78638
2026-05-22 05:00:00+00:00,8824,0.78624,0.78753,0.78548,0.78611,0.78641,0.78769,0.78562,0.78626
2026-05-22 09:00:00+00:00,8842,0.78611,0.78696,0.78535,0.78569,0.78627,0.7871,0.7855,0.78583
2026-05-22 13:00:00+00:00,14636,0.78568,0.78703,0.78417,0.78422,0.78584,0.78717,0.78432,0.78438
2026-05-22 17:00:00+00:00,7472,0.7842,0.78517,0.78375,0.78485,0.78434,0.78552,0.78389,0.78533
2026-05-24 21:00:00+00:00,5658,0.78381,0.78397,0.78155,0.78234,0.78458,0.78533,0.78171,0.7825
2026-05-25 01:00:00+00:00,7674,0.78234,0.7824,0.78153,0.78182,0.78251,0.78255,0.78167,0.78197
2026-05-25 05:00:00+00:00,6699,0.78181,0.78229,0.78136,0.78162,0.78198,0.78244,0.7815,0.78177
2026-05-25 09:00:00+00:00,4134,0.78163,0.78173,0.78074,0.78101,0.78177,0.78188,0.7809,0.78115
2026-05-25 13:00:00+00:00,5592,0.78101,0.78342,0.7809,0.78295,0.78114,0.78358,0.78105,0.78311
2026-05-25 17:00:00+00:00,1112,0.78298,0.78304,0.78247,0.78255,0.78312,0.78318,0.7826,0.78275
2026-05-25 21:00:00+00:00,5317,0.78256,0.78364,0.78187,0.78324,0.78283,0.78393,0.78282,0.78339
2026-05-26 01:00:00+00:00,7698,0.78326,0.7838,0.78284,0.78341,0.78342,0.78395,0.78299,0.78357
2026-05-26 05:00:00+00:00,8861,0.78342,0.78513,0.7833,0.78456,0.78359,0.78529,0.78345,0.7847
2026-05-26 09:00:00+00:00,8407,0.78454,0.78538,0.78392,0.78502,0.78469,0.78554,0.78406,0.78517
2026-05-26 13:00:00+00:00,12718,0.78503,0.7864,0.78449,0.78572,0.7852,0.78652,0.78464,0.78585
2026-05-26 17:00:00+00:00,4671,0.78574,0.78596,0.78542,0.78559,0.78586,0.78612,0.78558,0.78577
2026-05-26 21:00:00+00:00,5249,0.78564,0.78564,0.78489,0.78512,0.78661,0.78661,0.78504,0.78528
2026-05-27 01:00:00+00:00,5154,0.78512,0.78558,0.78495,0.78509,0.78529,0.78573,0.7851,0.78525
2026-05-27 05:00:00+00:00,8175,0.7851,0.78616,0.78455,0.78606,0.78525,0.7863,0.7847,0.78621
2026-05-27 09:00:00+00:00,12203,0.78609,0.78663,0.78427,0.78522,0.78622,0.78678,0.78441,0.78536
2026-05-27 13:00:00+00:00,17588,0.78521,0.78751,0.78444,0.78648,0.78536,0.78763,0.78458,0.78663
2026-05-27 17:00:00+00:00,5482,0.78648,0.7873,0.78645,0.78695,0.78662,0.78744,0.7866,0.78731
2026-05-27 21:00:00+00:00,6310,0.78639,0.78801,0.7861,0.78776,0.7873,0.78815,0.78665,0.7879
2026-05-28 01:00:00+00:00,8375,0.78775,0.78987,0.78772,0.7895,0.7879,0.79001,0.78787,0.78965
2026-05-28 05:00:00+00:00,8805,0.78948,0.78956,0.7873,0.7888,0.78964,0.7897,0.78743,0.78894
2026-05-28 09:00:00+00:00,11035,0.7888,0.78985,0.78662,0.78675,0.78895,0.78999,0.78676,0.7869
2026-05-28 13:00:00+00:00,20916,0.78674,0.78744,0.78338,0.78352,0.78687,0.78758,0.78353,0.78366
2026-05-28 17:00:00+00:00,7024,0.78351,0.78412,0.78326,0.78381,0.78364,0.78436,0.78341,0.78429
2026-05-28 21:00:00+00:00,3940,0.78342,0.78404,0.78304,0.78379,0.78492,0.78506,0.78369,0.78394
2026-05-29 01:00:00+00:00,6641,0.78378,0.78452,0.78301,0.78405,0.78392,0.78467,0.78317,0.7842
2026-05-29 05:00:00+00:00,9770,0.78405,0.78466,0.78321,0.78427,0.78418,0.78479,0.78336,0.78441
2026-05-29 09:00:00+00:00,11040,0.78429,0.78429,0.78131,0.78131,0.78441,0.78444,0.78145,0.78145
2026-05-29 13:00:00+00:00,22250,0.78131,0.78277,0.77947,0.78128,0.78146,0.78291,0.77962,0.78144
2026-05-29 17:00:00+00:00,8313,0.78129,0.78248,0.7799,0.78075,0.78144,0.78264,0.78006,0.78122
2026-05-31 21:00:00+00:00,6449,0.78067,0.78284,0.78016,0.78271,0.78217,0.783,0.78144,0.78284
2026-06-01 01:00:00+00:00,6806,0.78269,0.78331,0.78262,0.78294,0.78283,0.78346,0.78277,0.78309
2026-06-01 05:00:00+00:00,11706,0.78292,0.78356,0.78197,0.78305,0.78308,0.78372,0.78211,0.78318
2026-06-01 09:00:00+00:00,10294,0.78305,0.78505,0.78282,0.78503,0.7832,0.7852,0.78296,0.78517
2026-06-01 13:00:00+00:00,22770,0.78503,0.78838,0.78497,0.78633,0.78516,0.78853,0.78511,0.78647
2026-06-01 17:00:00+00:00,7848,0.78633,0.78686,0.78566,0.78646,0.78645,0.787,0.7858,0.78691
2026-06-01 21:00:00+00:00,14748,0.78576,0.78702,0.78564,0.78687,0.78726,0.78765,0.78635,0.78701
2026-06-02 01:00:00+00:00,7437,0.78684,0.78712,0.78607,0.78614,0.78697,0.78728,0.78621,0.78628
2026-06-02 05:00:00+00:00,11000,0.78612,0.7865,0.78436,0.78593,0.78628,0.78664,0.78452,0.78606
2026-06-02 09:00:00+00:00,9510,0.78593,0.78613,0.78489,0.78564,0.78607,0.78628,0.78503,0.78579
2026-06-02 13:00:00+00:00,13312,0.78562,0.78738,0.78518,0.78709,0.78578,0.78752,0.78533,0.78725
2026-06-02 17:00:00+00:00,5337,0.78709,0.78835,0.78672,0.78707,0.78723,0.78851,0.78687,0.78754
2026-06-02 21:00:00+00:00,8473,0.78677,0.78839,0.78644,0.78765,0.78827,0.78856,0.78692,0.78781
2026-06-03 01:00:00+00:00,5420,0.78765,0.78848,0.78727,0.7883,0.7878,0.78863,0.7874,0.78843
2026-06-03 05:00:00+00:00,9623,0.78828,0.78947,0.78811,0.78942,0.78842,0.78961,0.78826,0.78958
2026-06-03 09:00:00+00:00,9502,0.78939,0.79043,0.78835,0.79028,0.78954,0.79058,0.7885,0.79043
2026-06-03 13:00:00+00:00,15782,0.79026,0.7923,0.78953,0.7919,0.79042,0.79246,0.78968,0.79203
2026-06-03 17:00:00+00:00,4438,0.79186,0.79267,0.79165,0.79205,0.79198,0.79279,0.79178,0.79227
2026-06-03 21:00:00+00:00,15568,0.79079,0.79218,0.79065,0.79117,0.79229,0.79282,0.7908,0.79132
2026-06-04 01:00:00+00:00,6109,0.79118,0.79139,0.79034,0.79057,0.79134,0.79155,0.79049,0.79072
2026-06-04 05:00:00+00:00,9814,0.79057,0.79218,0.79022,0.79084,0.79073,0.79234,0.79038,0.79099
2026-06-04 09:00:00+00:00,11708,0.79077,0.79086,0.78674,0.78764,0.79093,0.79101,0.78688,0.78778
2026-06-04 13:00:00+00:00,10393,0.78768,0.78898,0.78739,0.7888,0.78782,0.78913,0.78755,0.78895
2026-06-04 17:00:00+00:00,3534,0.78881,0.78973,0.78872,0.78948,0.78895,0.78989,0.78887,0.78969
2026-06-04 21:00:00+00:00,18783,0.7888,0.78946,0.7882,0.78907,0.7903,0.79054,0.78896,0.78919
2026-06-05 01:00:00+00:00,3801,0.78907,0.7895,0.78887,0.78901,0.7892,0.78962,0.78901,0.78917
2026-06-05 05:00:00+00:00,6586,0.78904,0.78927,0.78713,0.78807,0.78919,0.78941,0.78728,0.78823
2026-06-05 09:00:00+00:00,12723,0.78808,0.79308,0.78716,0.79308,0.78822,0.79324,0.7873,0.79324
2026-06-05 13:00:00+00:00,23845,0.79305,0.79608,0.79154,0.79526,0.79322,0.79621,0.79169,0.79542
2026-06-05 17:00:00+00:00,8207,0.79526,0.79672,0.79521,0.79607,0.7954,0.79687,0.79537,0.79656
2026-06-07 21:00:00+00:00,5146,0.79515,0.79716,0.79382,0.79573,0.79665,0.79737,0.79532,0.79589
2026-06-08 01:00:00+00:00,10416,0.79575,0.7979,0.7955,0.79672,0.79589,0.79806,0.79565,0.79688
2026-06-08 05:00:00+00:00,13581,0.79669,0.79807,0.79603,0.79805,0.79684,0.79823,0.79617,0.79821
2026-06-08 09:00:00+00:00,14137,0.79806,0.7986,0.79568,0.79577,0.7982,0.79874,0.79582,0.79591
2026-06-08 13:00:00+00:00,18281,0.79576,0.7976,0.79467,0.79738,0.79588,0.79773,0.79482,0.79751
2026-06-08 17:00:00+00:00,8455,0.79736,0.79817,0.79697,0.79776,0.79751,0.79832,0.79709,0.798
2026-06-08 21:00:00+00:00,3955,0.79679,0.79836,0.79679,0.79802,0.79829,0.79849,0.79768,0.79815
2026-06-09 01:00:00+00:00,7575,0.79801,0.79812,0.79675,0.79688,0.79813,0.79829,0.7969,0.79702
2026-06-09 05:00:00+00:00,10210,0.79688,0.79727,0.79572,0.79638,0.79703,0.79742,0.79587,0.79653
2026-06-09 09:00:00+00:00,7221,0.79638,0.79651,0.79521,0.79564,0.79651,0.79667,0.79535,0.79578
2026-06-09 13:00:00+00:00,21456,0.79564,0.79912,0.79479,0.79823,0.79577,0.79926,0.79492,0.79839
2026-06-09 17:00:00+00:00,10117,0.79823,0.79861,0.7973,0.798,0.79838,0.79875,0.79744,0.79839
2026-06-09 21:00:00+00:00,6360,0.79731,0.79941,0.79699,0.79878,0.79881,0.79954,0.79849,0.79893
2026-06-10 01:00:00+00:00,9606,0.79877,0.79944,0.79858,0.79904,0.79893,0.79959,0.79874,0.7992
2026-06-10 05:00:00+00:00,9212,0.79906,0.79912,0.7974,0.79878,0.7992,0.79928,0.79753,0.79891
2026-06-10 09:00:00+00:00,16001,0.79876,0.79951,0.7968,0.79817,0.79891,0.79966,0.79695,0.7983
2026-06-10 13:00:00+00:00,23240,0.79819,0.79943,0.79643,0.79844,0.79834,0.79959,0.79659,0.79858
2026-06-10 17:00:00+00:00,8668,0.79843,0.80018,0.79815,0.79994,0.79858,0.8003,0.7983,0.80017
2026-06-10 21:00:00+00:00,14954,0.79806,0.80056,0.79806,0.79916,0.79956,0.80084,0.79927,0.79932
2026-06-11 01:00:00+00:00,10197,0.79915,0.79916,0.79793,0.79829,0.7993,0.79932,0.79808,0.79846
2026-06-11 05:00:00+00:00,9542,0.7983,0.80007,0.79809,0.80003,0.79845,0.80021,0.79826,0.80019
2026-06-11 09:00:00+00:00,14837,0.80004,0.80084,0.79867,0.799,0.80018,0.80099,0.79882,0.79916
2026-06-11 13:00:00+00:00,19035,0.79898,0.80099,0.79873,0.80088,0.79912,0.80113,0.79887,0.80103
2026-06-11 17:00:00+00:00,22869,0.8009,0.80122,0.79411,0.79463,0.80106,0.80138,0.79427,0.79512
2026-06-11 21:00:00+00:00,7477,0.795,0.79597,0.79397,0.7958,0.7965,0.79652,0.7943,0.79594
2026-06-12 01:00:00+00:00,8756,0.7958,0.79622,0.79547,0.7958,0.79595,0.79639,0.79561,0.79596
2026-06-12 05:00:00+00:00,13279,0.79581,0.79742,0.79473,0.7956,0.79596,0.79758,0.79488,0.79575
2026-06-12 09:00:00+00:00,12988,0.79561,0.79746,0.7948,0.79707,0.79575,0.79759,0.79496,0.79722
2026-06-12 13:00:00+00:00,19547,0.79707,0.79751,0.79575,0.79648,0.79721,0.79766,0.79589,0.79661
2026-06-12 17:00:00+00:00,5963,0.79644,0.79701,0.79612,0.79684,0.79659,0.79749,0.79627,0.79736
2026-06-14 21:00:00+00:00,12556,0.7958,0.79645,0.79278,0.79449,0.7973,0.79791,0.79328,0.79462
2026-06-15 01:00:00+00:00,4821,0.7945,0.79472,0.79322,0.79332,0.79466,0.79487,0.79337,0.79348
2026-06-15 05:00:00+00:00,10145,0.79333,0.79447,0.79273,0.7933,0.79347,0.79463,0.79289,0.79342
2026-06-15 09:00:00+00:00,9484,0.79329,0.79376,0.79213,0.7927,0.79343,0.7939,0.79228,0.79283
2026-06-15 13:00:00+00:00,12492,0.79269,0.79389,0.79204,0.79354,0.79281,0.79403,0.79218,0.79369
2026-06-15 17:00:00+00:00,5141,0.79352,0.79488,0.79348,0.79454,0.79368,0.79502,0.79363,0.79492
2026-06-15 21:00:00+00:00,4639,0.79338,0.79487,0.79329,0.79434,0.79488,0.79508,0.79444,0.7945
2026-06-16 01:00:00+00:00,7295,0.79435,0.79585,0.79411,0.79561,0.79452,0.79599,0.79427,0.79575
2026-06-16 05:00:00+00:00,8053,0.7956,0.79591,0.79443,0.79453,0.79576,0.79607,0.79458,0.79468
2026-06-16 09:00:00+00:00,8078,0.79453,0.79568,0.79396,0.79495,0.79467,0.79583,0.79408,0.79508
2026-06-16 13:00:00+00:00,14879,0.79496,0.79566,0.79209,0.79261,0.7951,0.7958,0.79223,0.79277
2026-06-16 17:00:00+00:00,5854,0.79261,0.79338,0.79251,0.79303,0.79275,0.79354,0.79264,0.79341
2026-06-16 21:00:00+00:00,6478,0.7927,0.79321,0.79236,0.79244,0.79348,0.79383,0.79252,0.79259
2026-06-17 01:00:00+00:00,4252,0.79244,0.79283,0.79194,0.79202,0.79258,0.79298,0.79209,0.79219
2026-06-17 05:00:00+00:00,7896,0.79202,0.79237,0.79093,0.79181,0.79217,0.79251,0.79106,0.79196
2026-06-17 09:00:00+00:00,8396,0.79184,0.79329,0.79116,0.79229,0.79197,0.79344,0.79132,0.79245
2026-06-17 13:00:00+00:00,12275,0.79231,0.79392,0.79213,0.79319,0.79244,0.79407,0.79228,0.79333
2026-06-17 17:00:00+00:00,34836,0.79321,0.80147,0.79225,0.79965,0.79333,0.80163,0.79267,0.79988
2026-06-17 21:00:00+00:00,15413,0.79937,0.79982,0.79813,0.79878,0.7999,0.80022,0.79827,0.79893
2026-06-18 01:00:00+00:00,7446,0.79877,0.79901,0.79816,0.79841,0.79893,0.79915,0.7983,0.79857
2026-06-18 05:00:00+00:00,12434,0.7984,0.80252,0.79831,0.80239,0.79855,0.80267,0.79846,0.80252
2026-06-18 09:00:00+00:00,15981,0.80238,0.80491,0.80197,0.8036,0.80252,0.80506,0.8021,0.80373
2026-06-18 13:00:00+00:00,19721,0.80359,0.8048,0.80203,0.80449,0.80371,0.80495,0.80216,0.80462
2026-06-18 17:00:00+00:00,9825,0.80445,0.80615,0.80385,0.80446,0.80458,0.80628,0.804,0.80491
2026-06-18 21:00:00+00:00,5598,0.80434,0.8049,0.80372,0.80462,0.80584,0.80591,0.80435,0.80478
2026-06-19 01:00:00+00:00,7420,0.8046,0.80847,0.80438,0.80832,0.80478,0.80859,0.80453,0.80846
2026-06-19 05:00:00+00:00,12400,0.80833,0.8091,0.80572,0.80572,0.80845,0.80925,0.80587,0.80587
2026-06-19 09:00:00+00:00,9073,0.8057,0.80728,0.80531,0.80638,0.80587,0.80742,0.80546,0.80652
2026-06-19 13:00:00+00:00,8235,0.80633,0.80799,0.80628,0.80747,0.80649,0.80813,0.80643,0.80762
2026-06-19 17:00:00+00:00,15001,0.80746,0.80749,0.80619,0.80628,0.80762,0.80779,0.80651,0.80778
2026-06-21 21:00:00+00:00,5381,0.80707,0.80853,0.80689,0.80781,0.80783,0.80866,0.80749,0.80797
2026-06-22 01:00:00+00:00,10389,0.80779,0.80872,0.80701,0.80843,0.80796,0.80886,0.80716,0.80858
2026-06-22 05:00:00+00:00,11749,0.80844,0.80911,0.80758,0.80787,0.80857,0.80925,0.80773,0.80802
2026-06-22 09:00:00+00:00,12807,0.80783,0.80874,0.80687,0.80838,0.80799,0.80888,0.80702,0.80853
2026-06-22 13:00:00+00:00,19415,0.80838,0.80966,0.80724,0.80893,0.80854,0.80981,0.80739,0.80907
2026-06-22 17:00:00+00:00,5545,0.80892,0.80936,0.80836,0.80838,0.80907,0.8095,0.8085,0.80882
2026-06-22 21:00:00+00:00,4360,0.80853,0.80913,0.80766,0.80848,0.80957,0.80976,0.80851,0.80863
2026-06-23 01:00:00+00:00,8258,0.80846,0.8092,0.80812,0.80914,0.80862,0.80935,0.80826,0.80929
2026-06-23 05:00:00+00:00,13336,0.80912,0.80997,0.80774,0.80971,0.80928,0.81012,0.80787,0.80986
2026-06-23 09:00:00+00:00,10955,0.80972,0.81029,0.80902,0.8092,0.80988,0.81043,0.80917,0.80933
2026-06-23 13:00:00+00:00,15609,0.80919,0.8103,0.80742,0.81015,0.80934,0.81046,0.80758,0.81029
2026-06-23 17:00:00+00:00,4907,0.81017,0.81057,0.80937,0.80948,0.81033,0.81073,0.80953,0.80977
2026-06-23 21:00:00+00:00,5798,0.80947,0.81034,0.8091,0.80997,0.81044,0.8105,0.80942,0.81013
2026-06-24 01:00:00+00:00,9713,0.80997,0.81101,0.80963,0.81071,0.81012,0.81115,0.80977,0.81085
2026-06-24 05:00:00+00:00,10760,0.81071,0.81235,0.81038,0.81148,0.81086,0.81249,0.81053,0.81163
2026-06-24 09:00:00+00:00,14008,0.81149,0.81373,0.81136,0.81352,0.81163,0.81388,0.8115,0.81366
2026-06-24 13:00:00+00:00,18915,0.81349,0.81388,0.81131,0.81182,0.81365,0.81403,0.81145,0.81196
2026-06-24 17:00:00+00:00,7691,0.81181,0.81288,0.81168,0.81212,0.81194,0.81303,0.81184,0.81255
2026-06-24 21:00:00+00:00,5156,0.81201,0.813,0.81119,0.81235,0.81253,0.81335,0.81234,0.81251
2026-06-25 01:00:00+00:00,8775,0.81235,0.81241,0.81054,0.81096,0.81249,0.81256,0.81069,0.81111
2026-06-25 05:00:00+00:00,9453,0.81098,0.81262,0.81014,0.81077,0.81111,0.81276,0.81029,0.81092
2026-06-25 09:00:00+00:00,11273,0.81075,0.81341,0.81058,0.81209,0.81091,0.81359,0.81073,0.81224
2026-06-25 13:00:00+00:00,20214,0.81205,0.81232,0.80889,0.80989,0.8122,0.81245,0.80904,0.81002
2026-06-25 17:00:00+00:00,6628,0.80993,0.81034,0.80927,0.81007,0.81005,0.81049,0.8094,0.81027
2026-06-25 21:00:00+00:00,6026,0.80916,0.81077,0.80902,0.81029,0.81066,0.81115,0.81002,0.81045
2026-06-26 01:00:00+00:00,11085,0.8103,0.81113,0.80845,0.80856,0.81045,0.81127,0.80858,0.80871
2026-06-26 05:00:00+00:00,11118,0.80859,0.80933,0.80768,0.80832,0.80873,0.80947,0.80784,0.80848
2026-06-26 09:00:00+00:00,12006,0.80832,0.80913,0.80695,0.80716,0.80846,0.80928,0.8071,0.80731
2026-06-26 13:00:00+00:00,17827,0.80715,0.80972,0.80651,0.80938,0.80729,0.80987,0.80668,0.8095
2026-06-26 17:00:00+00:00,6638,0.80936,0.81005,0.80911,0.80958,0.80949,0.81078,0.80924,0.81008
2026-06-28 21:00:00+00:00,4058,0.80988,0.81027,0.8096,0.80976,0.81038,0.81054,0.80972,0.80992
2026-06-29 01:00:00+00:00,7722,0.80977,0.81004,0.80933,0.80992,0.80991,0.8102,0.80946,0.81009
2026-06-29 05:00:00+00:00,8000,0.80991,0.80992,0.80836,0.809,0.81007,0.81008,0.80851,0.80915
2026-06-29 09:00:00+00:00,9454,0.80895,0.80908,0.80792,0.80873,0.80911,0.80924,0.80807,0.80886
2026-06-29 13:00:00+00:00,14294,0.80868,0.8089,0.80743,0.80766,0.80884,0.80904,0.80758,0.80782
2026-06-29 17:00:00+00:00,4191,0.80767,0.80794,0.80708,0.80744,0.80781,0.8081,0.80724,0.80765
2026-06-29 21:00:00+00:00,4345,0.80741,0.80824,0.80698,0.80783,0.80891,0.80891,0.80745,0.80797
2026-06-30 01:00:00+00:00,9011,0.80783,0.80964,0.80775,0.80961,0.80798,0.80979,0.8079,0.80978
2026-06-30 05:00:00+00:00,12494,0.80962,0.81006,0.80823,0.80937,0.80977,0.8102,0.80837,0.80952
2026-06-30 09:00:00+00:00,11799,0.80935,0.81007,0.80841,0.80913,0.80952,0.81023,0.80857,0.8093
2026-06-30 13:00:00+00:00,17608,0.80916,0.8096,0.80623,0.80861,0.8093,0.80975,0.80639,0.80875
2026-06-30 17:00:00+00:00,5714,0.80858,0.80865,0.80753,0.80823,0.80873,0.80879,0.80768,0.80843
2026-06-30 21:00:00+00:00,5819,0.80743,0.809,0.80699,0.80885,0.80893,0.80918,0.80819,0.80901
2026-07-01 01:00:00+00:00,7511,0.80887,0.80957,0.80885,0.80903,0.80902,0.80972,0.80899,0.80918
2026-07-01 05:00:00+00:00,7581,0.80902,0.81018,0.80884,0.8097,0.80918,0.81033,0.80899,0.80984
2026-07-01 09:00:00+00:00,10422,0.80971,0.81171,0.80948,0.81146,0.80987,0.81186,0.80961,0.8116
2026-07-01 13:00:00+00:00,23110,0.81145,0.81195,0.80775,0.80868,0.81158,0.8121,0.80787,0.80883
2026-07-01 17:00:00+00:00,6127,0.80868,0.80973,0.80836,0.80942,0.80882,0.80988,0.80852,0.80964
2026-07-01 21:00:00+00:00,9143,0.8094,0.80962,0.80821,0.80929,0.80983,0.81054,0.80888,0.80945
2026-07-02 01:00:00+00:00,7674,0.8093,0.80936,0.80836,0.80861,0.80945,0.8095,0.80851,0.80878
2026-07-02 05:00:00+00:00,14291,0.80862,0.80884,0.80407,0.80416,0.80877,0.809,0.80421,0.80429
2026-07-02 09:00:00+00:00,24414,0.80416,0.80735,0.80092,0.80306,0.8043,0.80811,0.80107,0.80322
2026-07-02 13:00:00+00:00,23530,0.80306,0.80379,0.80154,0.80287,0.80321,0.80395,0.80168,0.80302
2026-07-02 17:00:00+00:00,7049,0.80288,0.80398,0.80288,0.8034,0.80302,0.80413,0.80302,0.80362
2026-07-02 21:00:00+00:00,7352,0.80276,0.80462,0.80245,0.80372,0.80426,0.80478,0.80336,0.80388
2026-07-03 01:00:00+00:00,10478,0.80371,0.80375,0.80236,0.80236,0.80386,0.80391,0.80251,0.80251
2026-07-03 05:00:00+00:00,8411,0.80236,0.80249,0.80097,0.80246,0.80252,0.80263,0.80113,0.80261
2026-07-03 09:00:00+00:00,6234,0.80249,0.80332,0.80229,0.80311,0.80263,0.80347,0.80243,0.80325
2026-07-03 13:00:00+00:00,4881,0.80312,0.80363,0.80277,0.8035,0.80324,0.80379,0.80292,0.80364
2026-07-03 17:00:00+00:00,24193,0.80348,0.80389,0.80266,0.80266,0.80365,0.80432,0.80311,0.80416
2026-07-05 21:00:00+00:00,4779,0.80298,0.80409,0.80279,0.80352,0.80387,0.80425,0.80344,0.80368
2026-07-06 01:00:00+00:00,5839,0.80354,0.80468,0.80348,0.80436,0.80368,0.80483,0.80363,0.80451
2026-07-06 05:00:00+00:00,8374,0.80434,0.80596,0.80432,0.80533,0.80448,0.8061,0.80446,0.80547
2026-07-06 09:00:00+00:00,7518,0.80535,0.80647,0.80519,0.80633,0.80547,0.80661,0.80534,0.80646
2026-07-06 13:00:00+00:00,9035,0.8063,0.80725,0.80551,0.80596,0.80644,0.80739,0.80567,0.80609
2026-07-06 17:00:00+00:00,4966,0.80597,0.80599,0.8046,0.805,0.80611,0.80613,0.80475,0.80542
2026-07-06 21:00:00+00:00,5334,0.8042,0.80567,0.8042,0.80567,0.80544,0.80583,0.80475,0.80583
2026-07-07 01:00:00+00:00,7157,0.80566,0.80574,0.80476,0.80565,0.80581,0.80589,0.8049,0.8058
2026-07-07 05:00:00+00:00,7527,0.80566,0.80683,0.80551,0.80625,0.8058,0.80698,0.80565,0.80639
2026-07-07 09:00:00+00:00,7435,0.80624,0.80717,0.80533,0.80582,0.80639,0.80732,0.80548,0.80598
2026-07-07 13:00:00+00:00,12272,0.80582,0.80733,0.80532,0.80703,0.80597,0.80749,0.80546,0.80717
2026-07-07 17:00:00+00:00,7148,0.80706,0.80874,0.80651,0.80838,0.80719,0.80887,0.80667,0.80854
2026-07-07 21:00:00+00:00,5584,0.80716,0.80922,0.80703,0.80881,0.80866,0.80937,0.80842,0.80894
2026-07-08 01:00:00+00:00,9632,0.8088,0.80961,0.80816,0.80826,0.80896,0.80975,0.8083,0.80842
2026-07-08 05:00:00+00:00,14514,0.8083,0.80851,0.80632,0.80776,0.80847,0.80866,0.80645,0.80789
2026-07-08 09:00:00+00:00,16331,0.80777,0.80938,0.80723,0.80879,0.80792,0.80954,0.80736,0.80894
2026-07-08 13:00:00+00:00,17908,0.80881,0.81074,0.80845,0.80878,0.80894,0.81088,0.8086,0.80893
2026-07-08 17:00:00+00:00,7692,0.80878,0.80878,0.80715,0.80826,0.80892,0.80892,0.8073,0.8086
2026-07-08 21:00:00+00:00,3758,0.80814,0.80843,0.80698,0.80743,0.80863,0.80978,0.80712,0.80756
2026-07-09 01:00:00+00:00,7927,0.80741,0.80788,0.80683,0.80701,0.80756,0.80804,0.80698,0.80717
2026-07-09 05:00:00+00:00,10217,0.80703,0.80711,0.80522,0.807,0.80718,0.80726,0.80538,0.80712
2026-07-09 09:00:00+00:00,8812,0.80703,0.80791,0.80653,0.80747,0.80715,0.80806,0.80668,0.80762
2026-07-09 13:00:00+00:00,12464,0.80749,0.80757,0.80598,0.80644,0.80762,0.80771,0.80614,0.80659
2026-07-09 17:00:00+00:00,5231,0.80644,0.80708,0.80577,0.80679,0.80657,0.80741,0.80592,0.80704
2026-07-09 21:00:00+00:00,6276,0.80564,0.80711,0.80544,0.80561,0.80714,0.80785,0.80558,0.80576
2026-07-10 01:00:00+00:00,10229,0.80564,0.80583,0.80297,0.8046,0.80577,0.80598,0.80314,0.80475
2026-07-10 05:00:00+00:00,11337,0.80461,0.80635,0.80424,0.80625,0.80474,0.80649,0.8044,0.8064
2026-07-10 09:00:00+00:00,9520,0.80627,0.80754,0.80597,0.80696,0.80641,0.80769,0.80612,0.8071
2026-07-10 13:00:00+00:00,13923,0.80698,0.80874,0.8059,0.80711,0.80711,0.80891,0.80604,0.80727
2026-07-10 17:00:00+00:00,6794,0.80715,0.80887,0.80704,0.80816,0.80731,0.80905,0.8072,0.80862
2026-07-12 21:00:00+00:00,8386,0.80777,0.81028,0.80687,0.81016,0.80911,0.81045,0.80794,0.8103
2026-07-13 01:00:00+00:00,10676,0.81014,0.81081,0.8092,0.80933,0.8103,0.81097,0.80935,0.80947
2026-07-13 05:00:00+00:00,16861,0.80931,0.81033,0.80741,0.80813,0.80947,0.81049,0.80753,0.80829
2026-07-13 09:00:00+00:00,14348,0.80816,0.81037,0.80812,0.80954,0.80832,0.81052,0.80827,0.80969
2026-07-13 13:00:00+00:00,20912,0.80951,0.81396,0.80928,0.81352,0.80965,0.81412,0.80942,0.81366
2026-07-13 17:00:00+00:00,8426,0.81348,0.81488,0.81346,0.81474,0.81364,0.815,0.8136,0.8149
2026-07-13 21:00:00+00:00,8304,0.8143,0.81509,0.81407,0.8145,0.81501,0.81526,0.81422,0.81467
2026-07-14 01:00:00+00:00,11570,0.81452,0.81456,0.81315,0.81377,0.81467,0.81472,0.81328,0.81394
2026-07-14 05:00:00+00:00,12549,0.81379,0.81476,0.81208,0.81255,0.81393,0.81491,0.81223,0.8127
2026-07-14 09:00:00+00:00,23534,0.81252,0.81296,0.80624,0.80801,0.81266,0.81311,0.80644,0.80817
2026-07-14 13:00:00+00:00,25870,0.80801,0.80938,0.80598,0.80863,0.80814,0.80954,0.80613,0.80878
2026-07-14 17:00:00+00:00,8680,0.80864,0.80989,0.80846,0.80903,0.80878,0.81004,0.80862,0.80955
2026-07-14 21:00:00+00:00,6208,0.80902,0.80962,0.80773,0.80838,0.80941,0.81001,0.80842,0.80852
2026-07-15 01:00:00+00:00,8720,0.80837,0.8094,0.80795,0.80916,0.80849,0.80957,0.8081,0.80932
2026-07-15 05:00:00+00:00,10640,0.80915,0.81035,0.80834,0.80998,0.80929,0.81048,0.80848,0.81012
2026-07-15 09:00:00+00:00,11314,0.80994,0.81139,0.80882,0.80895,0.8101,0.81154,0.80898,0.8091
2026-07-15 13:00:00+00:00,17887,0.80892,0.8092,0.80629,0.80694,0.80906,0.80936,0.80643,0.8071
2026-07-15 17:00:00+00:00,10631,0.80693,0.80698,0.80333,0.80524,0.80708,0.80714,0.80348,0.80545
2026-07-15 21:00:00+00:00,6050,0.80414,0.80515,0.80343,0.80473,0.80529,0.80574,0.80455,0.8049
2026-07-16 01:00:00+00:00,7618,0.80474,0.80639,0.80469,0.806,0.8049,0.80655,0.80486,0.80615
2026-07-16 05:00:00+00:00,9858,0.80599,0.80708,0.80547,0.80684,0.80615,0.80722,0.80563,0.80698
2026-07-16 09:00:00+00:00,12813,0.80684,0.80815,0.80619,0.8081,0.807,0.80829,0.80634,0.80824
2026-07-16 13:00:00+00:00,15178,0.80809,0.80942,0.80728,0.80932,0.80824,0.80957,0.80743,0.80948
2026-07-16 17:00:00+00:00,5220,0.80935,0.80964,0.80846,0.80846,0.80949,0.80979,0.80863,0.80894
2026-07-16 21:00:00+00:00,7791,0.80844,0.80869,0.80755,0.80814,0.80888,0.8097,0.8083,0.80831
2026-07-17 01:00:00+00:00,10339,0.80815,0.80919,0.80804,0.80911,0.80831,0.80935,0.8082,0.80927
2026-07-17 05:00:00+00:00,10656,0.8091,0.80922,0.80638,0.80645,0.80925,0.80938,0.80652,0.8066
2026-07-17 09:00:00+00:00,11731,0.80645,0.80799,0.80641,0.80738,0.80661,0.80814,0.80655,0.8075
2026-07-17 13:00:00+00:00,13675,0.80736,0.80798,0.80597,0.80729,0.8075,0.80813,0.80611,0.80743
2026-07-17 17:00:00+00:00,5789,0.80729,0.80774,0.80709,0.8072,0.80744,0.80789,0.80723,0.8078
2026-07-19 21:00:00+00:00,7489,0.8082,0.80879,0.80744,0.80797,0.80904,0.80953,0.80811,0.80812
2026-07-20 01:00:00+00:00,6458,0.80797,0.80818,0.80692,0.80695,0.80813,0.80832,0.80706,0.80711
2026-07-20 05:00:00+00:00,8062,0.80697,0.80766,0.80607,0.80693,0.80711,0.80782,0.80621,0.80708
2026-07-20 09:00:00+00:00,11433,0.80696,0.80932,0.80687,0.80874,0.80712,0.80945,0.807,0.8089
2026-07-20 13:00:00+00:00,11811,0.80876,0.81072,0.80868,0.81023,0.8089,0.81086,0.80882,0.81039
2026-07-20 17:00:00+00:00,4258,0.81023,0.81028,0.80967,0.81016,0.81038,0.81045,0.8098,0.81042
2026-07-20 21:00:00+00:00,5677,0.80909,0.81045,0.80891,0.81036,0.81059,0.81104,0.80993,0.8105
2026-07-21 01:00:00+00:00,8028,0.81034,0.81075,0.81,0.81015,0.81049,0.8109,0.81015,0.8103
2026-07-21 05:00:00+00:00,8245,0.81016,0.81066,0.80902,0.8102,0.81029,0.81079,0.80917,0.81035
2026-07-21 09:00:00+00:00,10045,0.8102,0.81122,0.80917,0.81071,0.81034,0.81137,0.80931,0.81085
2026-07-21 13:00:00+00:00,13599,0.8107,0.81281,0.81068,0.81222,0.81085,0.81296,0.81082,0.81237
2026-07-21 17:00:00+00:00,5106,0.81224,0.81318,0.81214,0.81275,0.8124,0.81333,0.81229,0.81296
2026-07-21 21:00:00+00:00,4983,0.81176,0.81295,0.81164,0.81263,0.81326,0.81354,0.81243,0.81278
2026-07-22 01:00:00+00:00,6474,0.81263,0.81327,0.81232,0.81286,0.8128,0.81342,0.81248,0.81303
2026-07-22 05:00:00+00:00,8301,0.81287,0.81306,0.81129,0.81178,0.81302,0.81321,0.81142,0.81192
2026-07-22 09:00:00+00:00,9434,0.81177,0.81298,0.81151,0.81256,0.81193,0.81312,0.81167,0.81271
2026-07-22 13:00:00+00:00,12199,0.81257,0.81432,0.8113,0.81431,0.81271,0.81445,0.81144,0.81445
2026-07-22 17:00:00+00:00,4550,0.81432,0.81476,0.81407,0.81432,0.81445,0.81489,0.81422,0.81449
2026-07-22 21:00:00+00:00,4119,0.8143,0.81462,0.81382,0.81383,0.81467,0.81484,0.81397,0.81399
2026-07-23 01:00:00+00:00,8901,0.8138,0.8141,0.81294,0.81316,0.81397,0.81426,0.8131,0.81331
2026-07-23 05:00:00+00:00,10284,0.81316,0.81561,0.81302,0.81465,0.81332,0.81576,0.81317,0.81479
2026-07-23 09:00:00+00:00,13177,0.81467,0.81715,0.81422,0.8166,0.8148,0.8173,0.81437,0.81675
2026-07-23 13:00:00+00:00,19903,0.8166,0.81796,0.81592,0.81621,0.81676,0.81812,0.81607,0.81636
2026-07-23 17:00:00+00:00,7198,0.81621,0.81725,0.81586,0.81681,0.81637,0.8174,0.81603,0.81702
2026-07-23 21:00:00+00:00,6638,0.81597,0.81705,0.81597,0.81622,0.81719,0.81769,0.81637,0.81637
2026-07-24 01:00:00+00:00,6828,0.81621,0.81754,0.81595,0.81731,0.81635,0.81769,0.81611,0.81748
2026-07-24 05:00:00+00:00,10025,0.81731,0.81734,0.81523,0.81647,0.81746,0.81749,0.81538,0.81662
2026-07-24 09:00:00+00:00,9384,0.81647,0.81813,0.81603,0.81796,0.81661,0.81827,0.81619,0.8181
2026-07-24 13:00:00+00:00,13876,0.81798,0.81842,0.81626,0.81732,0.81811,0.81858,0.81639,0.81747
2026-07-24 17:00:00+00:00,4362,0.81733,0.81849,0.81726,0.81794,0.81749,0.81865,0.8174,0.81838
2026-07-26 21:00:00+00:00,6413,0.81562,0.81688,0.814,0.815,0.81637,0.81764,0.81414,0.81514
2026-07-27 01:00:00+00:00,6983,0.81501,0.81517,0.81382,0.815,0.81514,0.81532,0.81399,0.81514
2026-07-27 05:00:00+00:00,9321,0.81501,0.81547,0.81382,0.81486,0.81513,0.81561,0.81397,0.815
2026-07-27 09:00:00+00:00,9733,0.81489,0.81645,0.81434,0.81633,0.81503,0.81662,0.81448,0.81648
2026-07-27 13:00:00+00:00,16858,0.81633,0.81893,0.81633,0.81795,0.8165,0.81908,0.81648,0.8181
2026-07-27 17:00:00+00:00,5821,0.81797,0.81931,0.81797,0.81914,0.8181,0.81947,0.8181,0.81938
2026-07-27 21:00:00+00:00,3958,0.81808,0.81964,0.81749,0.8187,0.81922,0.81979,0.8188,0.81886
2026-07-28 01:00:00+00:00,4540,0.8187,0.81922,0.81831,0.81914,0.81885,0.81938,0.81846,0.81928
2026-07-28 05:00:00+00:00,7556,0.81915,0.81993,0.8186,0.81924,0.81928,0.82008,0.81873,0.8194
2026-07-28 09:00:00+00:00,7615,0.81924,0.82045,0.81917,0.81953,0.81939,0.8206,0.8193,0.81969
2026-07-28 13:00:00+00:00,14902,0.81955,0.81957,0.81671,0.81773,0.81969,0.8197,0.81685,0.81789
2026-07-28 17:00:00+00:00,5927,0.81774,0.81937,0.81758,0.81922,0.81789,0.81952,0.81771,0.81943
2026-07-28 21:00:00+00:00,5945,0.81922,0.81976,0.81765,0.81896,0.81943,0.82006,0.81903,0.81911
2026-07-29 01:00:00+00:00,9641,0.81896,0.8193,0.81686,0.81724,0.81913,0.81947,0.81703,0.81737
2026-07-29 05:00:00+00:00,7966,0.81722,0.81942,0.81693,0.81898,0.81737,0.81956,0.81709,0.81912
2026-07-29 09:00:00+00:00,8574,0.81898,0.82045,0.81885,0.81965,0.81913,0.8206,0.81902,0.81979
2026-07-29 13:00:00+00:00,11215,0.81966,0.82063,0.81817,0.82034,0.81978,0.82076,0.81829,0.82046
2026-07-29 17:00:00+00:00,36791,0.82034,0.82044,0.81319,0.81346,0.82047,0.82116,0.81335,0.81371
2026-07-29 21:00:00+00:00,14496,0.81343,0.81498,0.8125,0.81458,0.8137,0.81562,0.81328,0.81473
2026-07-30 01:00:00+00:00,7885,0.81456,0.81567,0.81422,0.8155,0.81473,0.81581,0.81439,0.81565
2026-07-30 05:00:00+00:00,12985,0.81548,0.8174,0.81492,0.81618,0.81564,0.81756,0.81508,0.81631
2026-07-30 09:00:00+00:00,17659,0.81614,0.81615,0.81138,0.81288,0.81628,0.81628,0.81157,0.81301
2026-07-30 13:00:00+00:00,43301,0.81284,0.81289,0.80381,0.80468,0.81298,0.81303,0.804,0.80482
2026-07-30 17:00:00+00:00,12331,0.80466,0.80595,0.80391,0.80499,0.80479,0.8061,0.80404,0.80521
2026-07-30 21:00:00+00:00,8393,0.80498,0.80645,0.80435,0.80609,0.80519,0.80665,0.80498,0.80623
2026-07-31 01:00:00+00:00,12169,0.8061,0.80744,0.80569,0.80709,0.80623,0.80758,0.80583,0.80724
2026-07-31 05:00:00+00:00,16132,0.80712,0.8081,0.80584,0.8061,0.80727,0.80826,0.806,0.80622
2026-07-31 09:00:00+00:00,15277,0.80612,0.81095,0.80543,0.81054,0.80628,0.81115,0.80558,0.81069
2026-07-31 13:00:00+00:00,30902,0.81053,0.81283,0.80799,0.80879,0.81069,0.813,0.80813,0.80895
2026-07-31 17:00:00+00:00,18560,0.80879,0.80886,0.80639,0.80675,0.80893,0.809,0.80706,0.80737
2026-08-02 21:00:00+00:00,12713,0.80584,0.80742,0.80557,0.80678,0.80734,0.80892,0.8057,0.80693
2026-08-03 01:00:00+00:00,11447,0.80678,0.80942,0.80655,0.80862,0.80692,0.80959,0.80668,0.80875
2026-08-03 05:00:00+00:00,11325,0.8086,0.80942,0.80778,0.80887,0.80875,0.80956,0.80793,0.80902
2026-08-03 09:00:00+00:00,11551,0.80888,0.80932,0.80773,0.80898,0.80902,0.80947,0.80787,0.80912
2026-08-03 13:00:00+00:00,17296,0.80898,0.81147,0.80851,0.81092,0.8091,0.81163,0.80874,0.81106
2026-08-03 17:00:00+00:00,7221,0.81093,0.81142,0.80977,0.81021,0.81106,0.81157,0.80991,0.81062
2026-08-03 21:00:00+00:00,7871,0.80956,0.81041,0.80901,0.81014,0.81106,0.81133,0.80954,0.81029
2026-08-04 01:00:00+00:00,11597,0.81014,0.81047,0.80958,0.8101,0.81031,0.81064,0.80973,0.81024
2026-08-04 05:00:00+00:00,10055,0.8101,0.81057,0.80954,0.81008,0.81026,0.81073,0.80967,0.81022
2026-08-04 09:00:00+00:00,11831,0.81008,0.81035,0.80805,0.8088,0.81021,0.8105,0.80819,0.80895
2026-08-04 13:00:00+00:00,15005,0.8088,0.81027,0.80794,0.81012,0.80893,0.81042,0.80808,0.81026
2026-08-04 17:00:00+00:00,6952,0.81013,0.81017,0.80878,0.80889,0.81026,0.81032,0.80896,0.80909
2026-08-04 21:00:00+00:00,5569,0.80883,0.80944,0.80852,0.80885,0.81033,0.81033,0.80874,0.80901
2026-08-05 01:00:00+00:00,9373,0.80884,0.80916,0.80734,0.80814,0.80899,0.80932,0.80748,0.80831
2026-08-05 05:00:00+00:00,11310,0.80815,0.81008,0.80743,0.80977,0.80831,0.81024,0.80758,0.80991
2026-08-05 09:00:00+00:00,11773,0.80977,0.80987,0.80822,0.80935,0.80993,0.81,0.80837,0.80949
2026-08-05 13:00:00+00:00,16683,0.80937,0.80937,0.80632,0.80775,0.80949,0.80952,0.80647,0.80788
2026-08-05 17:00:00+00:00,6612,0.80773,0.80801,0.80652,0.80704,0.80788,0.80816,0.80667,0.80725
2026-08-05 21:00:00+00:00,6989,0.80632,0.80709,0.80621,0.80645,0.80782,0.80839,0.80634,0.8066
2026-08-06 01:00:00+00:00,7349,0.80644,0.80744,0.80596,0.80732,0.80658,0.80757,0.80612,0.80747
2026-08-06 05:00:00+00:00,6043,0.80732,0.80872,0.80709,0.80852,0.80746,0.80886,0.80724,0.80868
2026-08-06 09:00:00+00:00,8947,0.80852,0.81007,0.80838,0.80974,0.80866,0.81021,0.80854,0.8099
2026-08-06 13:00:00+00:00,14301,0.80975,0.81352,0.8088,0.81232,0.80989,0.81367,0.80895,0.81244
2026-08-06 17:00:00+00:00,6331,0.81227,0.81289,0.81189,0.81222,0.81241,0.81305,0.81202,0.81245
2026-08-06 21:00:00+00:00,5139,0.81179,0.81286,0.81166,0.81273,0.81329,0.81362,0.81246,0.8129
2026-08-07 01:00:00+00:00,7838,0.81274,0.81278,0.81217,0.81257,0.8129,0.81293,0.81231,0.81271
2026-08-07 05:00:00+00:00,5342,0.81257,0.81269,0.81085,0.81121,0.81273,0.81283,0.811,0.81136
2026-08-07 09:00:00+00:00,17326,0.8112,0.81125,0.80558,0.80702,0.81134,0.8114,0.80575,0.80717
2026-08-07 13:00:00+00:00,17358,0.80705,0.80858,0.80658,0.80763,0.80719,0.80873,0.80672,0.80777
2026-08-07 17:00:00+00:00,6053,0.80764,0.80816,0.8068,0.80784,0.80777,0.80857,0.80694,0.80833
2026-08-09 21:00:00+00:00,5164,0.80763,0.80856,0.80651,0.80826,0.80913,0.80951,0.80743,0.80842
2026-08-10 01:00:00+00:00,8134,0.80826,0.80935,0.80816,0.80913,0.80841,0.8095,0.80831,0.80928
2026-08-10 05:00:00+00:00,9058,0.80912,0.80938,0.80682,0.80811,0.80928,0.80952,0.80696,0.80826
2026-08-10 09:00:00+00:00,7311,0.8081,0.80943,0.80771,0.80937,0.80824,0.80958,0.80785,0.80952
2026-08-10 13:00:00+00:00,12043,0.80936,0.81024,0.80846,0.80955,0.80952,0.81037,0.8086,0.80969
2026-08-10 17:00:00+00:00,4754,0.80955,0.81038,0.80953,0.81021,0.80968,0.81052,0.80968,0.81043
2026-08-10 21:00:00+00:00,4588,0.80992,0.81023,0.80942,0.80968,0.81038,0.81055,0.80957,0.80982
2026-08-11 01:00:00+00:00,6578,0.80968,0.81047,0.80934,0.81011,0.80983,0.81062,0.8095,0.81028
2026-08-11 05:00:00+00:00,6597,0.8101,0.81121,0.81006,0.81098,0.81026,0.81134,0.81022,0.81113
2026-08-11 09:00:00+00:00,8076,0.81097,0.81147,0.81006,0.81063,0.81113,0.81159,0.8102,0.81078
2026-08-11 13:00:00+00:00,9295,0.81063,0.81162,0.81,0.81123,0.81079,0.81176,0.81015,0.81136
2026-08-11 17:00:00+00:00,4911,0.81123,0.81201,0.81065,0.81081,0.81137,0.81214,0.81079,0.81102
2026-08-11 21:00:00+00:00,5263,0.81019,0.81155,0.8097,0.81142,0.81169,0.81206,0.81089,0.81157
2026-08-12 01:00:00+00:00,4737,0.81141,0.81229,0.81134,0.81205,0.81157,0.81246,0.81149,0.81221
2026-08-12 05:00:00+00:00,5138,0.81205,0.8128,0.81139,0.81269,0.81222,0.81294,0.81154,0.81284
2026-08-12 09:00:00+00:00,16078,0.81265,0.81278,0.80807,0.80966,0.8128,0.81293,0.80951,0.80981
2026-08-12 13:00:00+00:00,15417,0.80966,0.81299,0.80951,0.81276,0.8098,0.81314,0.80966,0.8129
2026-08-12 17:00:00+00:00,4831,0.81276,0.81388,0.81255,0.81348,0.81288,0.81402,0.81272,0.81371
2026-08-12 21:00:00+00:00,5655,0.81168,0.81363,0.81168,0.81276,0.81318,0.81413,0.81262,0.81289
2026-08-13 01:00:00+00:00,6280,0.81273,0.81431,0.81261,0.81369,0.81287,0.81445,0.81274,0.81381
2026-08-13 05:00:00+00:00,5600,0.81369,0.81452,0.81244,0.81282,0.81383,0.81466,0.81257,0.81298
2026-08-13 09:00:00+00:00,8242,0.81282,0.81338,0.81144,0.81152,0.81297,0.81352,0.81158,0.81166
2026-08-13 13:00:00+00:00,13809,0.81152,0.8136,0.81117,0.81308,0.81164,0.81374,0.81132,0.81322
2026-08-13 17:00:00+00:00,5264,0.8131,0.81465,0.81287,0.81406,0.81323,0.81477,0.81303,0.81423
2026-08-13 21:00:00+00:00,5147,0.81275,0.81432,0.81275,0.81365,0.81425,0.81501,0.8138,0.81381
2026-08-14 01:00:00+00:00,6549,0.81369,0.81435,0.81342,0.81351,0.81384,0.81449,0.81357,0.81366
2026-08-14 05:00:00+00:00,6336,0.8135,0.81403,0.81313,0.81344,0.81367,0.81418,0.81328,0.81359
2026-08-14 09:00:00+00:00,10566,0.81346,0.8135,0.81027,0.81165,0.81363,0.81365,0.81043,0.81179
2026-08-14 13:00:00+00:00,14025,0.81169,0.81259,0.81053,0.81251,0.81183,0.81275,0.81068,0.81265
2026-08-14 17:00:00+00:00,5110,0.81251,0.81348,0.81251,0.81325,0.81266,0.81365,0.81265,0.81357
2026-08-16 21:00:00+00:00,5532,0.81152,0.81348,0.81079,0.81172,0.81302,0.81369,0.81177,0.8119
2026-08-17 01:00:00+00:00,8450,0.81173,0.81221,0.81117,0.81151,0.81189,0.81238,0.81131,0.81165
2026-08-17 05:00:00+00:00,11628,0.81151,0.81157,0.80712,0.80897,0.81166,0.81172,0.80726,0.80912
2026-08-17 09:00:00+00:00,9615,0.80893,0.81058,0.80874,0.80934,0.80908,0.81073,0.80889,0.80948
2026-08-17 13:00:00+00:00,10128,0.8093,0.81027,0.80838,0.81,0.80945,0.81042,0.80853,0.81015
2026-08-17 17:00:00+00:00,5491,0.81003,0.81165,0.80993,0.8108,0.81017,0.8118,0.81008,0.81101
2026-08-17 21:00:00+00:00,6055,0.80938,0.81115,0.80938,0.81068,0.81088,0.81163,0.8106,0.81084
2026-08-18 01:00:00+00:00,9499,0.8107,0.81184,0.81031,0.81169,0.81085,0.81201,0.81048,0.81186
2026-08-18 05:00:00+00:00,8400,0.81169,0.81215,0.81063,0.81143,0.81185,0.8123,0.81078,0.8116
2026-08-18 09:00:00+00:00,7495,0.81144,0.8127,0.81116,0.81224,0.8116,0.81283,0.81132,0.81238
2026-08-18 13:00:00+00:00,13211,0.81225,0.81304,0.81109,0.81185,0.81238,0.81319,0.81123,0.812
2026-08-18 17:00:00+00:00,4631,0.81187,0.8127,0.81184,0.81233,0.81201,0.81284,0.81198,0.81252
2026-08-18 21:00:00+00:00,6169,0.8119,0.81265,0.81156,0.81215,0.81295,0.81295,0.81171,0.81232
2026-08-19 01:00:00+00:00,9319,0.81218,0.81274,0.81099,0.81107,0.81233,0.8129,0.81114,0.81125
2026-08-19 05:00:00+00:00,8719,0.81107,0.81125,0.81016,0.81081,0.81124,0.8114,0.81031,0.81096
2026-08-19 09:00:00+00:00,12259,0.81082,0.81086,0.80638,0.80688,0.81098,0.811,0.80655,0.80703
2026-08-19 13:00:00+00:00,30416,0.80688,0.8069,0.7984,0.79924,0.80702,0.80705,0.79855,0.79939
2026-08-19 17:00:00+00:00,12933,0.79925,0.80041,0.79691,0.79716,0.79939,0.80058,0.79707,0.79734
2026-08-19 21:00:00+00:00,6686,0.79709,0.79906,0.79689,0.7989,0.79781,0.7992,0.79708,0.79907
2026-08-20 01:00:00+00:00,13707,0.79892,0.80012,0.79843,0.79994,0.79907,0.80027,0.79856,0.80009
2026-08-20 05:00:00+00:00,13834,0.79994,0.80037,0.79757,0.7977,0.8001,0.80054,0.79771,0.79784
2026-08-20 09:00:00+00:00,15441,0.79772,0.79903,0.7949,0.79756,0.79785,0.79918,0.79505,0.79771
2026-08-20 13:00:00+00:00,20886,0.79754,0.80084,0.79713,0.80031,0.79768,0.80099,0.79727,0.80045
2026-08-20 17:00:00+00:00,5925,0.80034,0.80091,0.80021,0.8004,0.80047,0.80105,0.80036,0.80055
2026-08-20 21:00:00+00:00,6142,0.7992,0.80054,0.7992,0.80016,0.8007,0.80104,0.79963,0.8003
2026-08-21 01:00:00+00:00,10945,0.80014,0.80016,0.79855,0.79978,0.8003,0.80031,0.79869,0.79994
2026-08-21 05:00:00+00:00,10251,0.79979,0.8007,0.79892,0.79936,0.79993,0.80085,0.79906,0.7995
2026-08-21 09:00:00+00:00,12409,0.79936,0.80049,0.79823,0.79986,0.79951,0.80065,0.79838,0.79999
2026-08-21 13:00:00+00:00,14210,0.79982,0.80201,0.79966,0.80101,0.79998,0.80216,0.79982,0.80114
2026-08-21 17:00:00+00:00,5459,0.80101,0.80139,0.80066,0.80115,0.80115,0.80166,0.80081,0.80151
2026-08-23 21:00:00+00:00,4861,0.80149,0.80159,0.79967,0.79972,0.80204,0.80204,0.79983,0.79988
2026-08-24 01:00:00+00:00,9067,0.79973,0.80062,0.79957,0.80006,0.79991,0.80076,0.79974,0.80021
2026-08-24 05:00:00+00:00,10919,0.80006,0.80278,0.80004,0.80215,0.80019,0.80293,0.80019,0.80229
2026-08-24 09:00:00+00:00,12218,0.80215,0.80271,0.80106,0.80253,0.80227,0.80286,0.8012,0.80268
2026-08-24 13:00:00+00:00,12986,0.80251,0.80271,0.80159,0.80226,0.80267,0.80284,0.80174,0.80241
2026-08-24 17:00:00+00:00,6961,0.80224,0.80293,0.80201,0.80239,0.8024,0.80309,0.80216,0.8026
2026-08-24 21:00:00+00:00,4763,0.80101,0.80242,0.80101,0.80208,0.80251,0.80279,0.80214,0.80224
2026-08-25 01:00:00+00:00,7313,0.80208,0.80382,0.80208,0.80377,0.80222,0.80398,0.80222,0.80391
2026-08-25 05:00:00+00:00,8032,0.80377,0.80415,0.80262,0.80264,0.8039,0.8043,0.80277,0.80278
2026-08-25 09:00:00+00:00,9116,0.80266,0.80301,0.80194,0.80252,0.80278,0.80317,0.8021,0.80268
2026-08-25 13:00:00+00:00,10718,0.80254,0.80309,0.80163,0.80245,0.80268,0.80325,0.80177,0.80259
2026-08-25 17:00:00+00:00,5545,0.80245,0.80269,0.80072,0.80131,0.80258,0.80283,0.80089,0.80153
2026-08-25 21:00:00+00:00,6469,0.80138,0.80193,0.80073,0.80171,0.80288,0.80288,0.8013,0.80185
2026-08-26 01:00:00+00:00,9483,0.8017,0.80352,0.80151,0.80351,0.80185,0.80367,0.80166,0.80367
2026-08-26 05:00:00+00:00,6277,0.8035,0.80381,0.80281,0.80353,0.80365,0.80395,0.80294,0.80368
2026-08-26 09:00:00+00:00,8550,0.80354,0.80497,0.80331,0.80494,0.80368,0.8051,0.80346,0.80509
2026-08-26 13:00:00+00:00,13064,0.80495,0.80621,0.80447,0.80555,0.80509,0.80635,0.80462,0.80568
2026-08-26 17:00:00+00:00,3667,0.80553,0.80561,0.80499,0.80516,0.80568,0.80576,0.80514,0.80537
2026-08-26 21:00:00+00:00,5969,0.80489,0.80532,0.80407,0.80513,0.80625,0.80631,0.80493,0.80528
2026-08-27 01:00:00+00:00,8829,0.8051,0.80552,0.80498,0.80547,0.80524,0.80567,0.80514,0.8056
2026-08-27 05:00:00+00:00,8545,0.80545,0.80608,0.80507,0.80573,0.8056,0.80622,0.80524,0.80589
2026-08-27 09:00:00+00:00,8456,0.80574,0.80608,0.80465,0.80479,0.80589,0.80622,0.80477,0.80492
2026-08-27 13:00:00+00:00,12039,0.80478,0.80481,0.80289,0.80379,0.80493,0.80496,0.80304,0.80394
2026-08-27 17:00:00+00:00,4633,0.80379,0.80446,0.80361,0.80411,0.80395,0.80461,0.80375,0.8043
2026-08-27 21:00:00+00:00,3494,0.80347,0.80425,0.80276,0.80397,0.80497,0.80503,0.80381,0.80413
2026-08-28 01:00:00+00:00,5389,0.80399,0.80491,0.8037,0.80487,0.80414,0.80507,0.80385,0.80502
2026-08-28 05:00:00+00:00,6558,0.80488,0.80527,0.80399,0.804,0.80502,0.80542,0.80415,0.80415
2026-08-28 09:00:00+00:00,7181,0.80401,0.80456,0.80314,0.80375,0.80417,0.80471,0.80328,0.80388
2026-08-28 13:00:00+00:00,26780,0.80376,0.80968,0.80235,0.80927,0.80391,0.80982,0.80255,0.80942
2026-08-28 17:00:00+00:00,6503,0.80929,0.80978,0.80887,0.80911,0.80942,0.80995,0.80903,0.80962
2026-08-30 21:00:00+00:00,4198,0.8069,0.80978,0.80679,0.80853,0.8084,0.81006,0.80829,0.80869
2026-08-31 01:00:00+00:00,7889,0.80854,0.80927,0.80818,0.80908,0.80869,0.80942,0.80833,0.80922
2026-08-31 05:00:00+00:00,8074,0.80909,0.80959,0.80743,0.80872,0.80921,0.80972,0.80757,0.80887
2026-08-31 09:00:00+00:00,9380,0.8087,0.80911,0.80798,0.80846,0.80887,0.80925,0.80812,0.80859
2026-08-31 13:00:00+00:00,12798,0.80844,0.80871,0.80681,0.8081,0.80856,0.80886,0.80695,0.80825
2026-08-31 17:00:00+00:00,4259,0.8081,0.80847,0.8078,0.80824,0.80824,0.80861,0.80795,0.80844
2026-08-31 21:00:00+00:00,4549,0.80762,0.80866,0.80733,0.80854,0.80912,0.80912,0.80798,0.80869
2026-09-01 01:00:00+00:00,8287,0.80854,0.80993,0.80851,0.8096,0.80868,0.81008,0.80866,0.80975
2026-09-01 05:00:00+00:00,10323,0.80961,0.81083,0.80902,0.80991,0.80975,0.81098,0.80919,0.81006
2026-09-01 09:00:00+00:00,9515,0.80992,0.81053,0.80919,0.80986,0.81008,0.81066,0.80934,0.81001
2026-09-01 13:00:00+00:00,13016,0.80988,0.81238,0.80954,0.81225,0.81001,0.81254,0.80978,0.8124
2026-09-01 17:00:00+00:00,6171,0.81228,0.81242,0.81132,0.81154,0.81241,0.81255,0.81146,0.81175
2026-09-01 21:00:00+00:00,4139,0.81103,0.81246,0.81098,0.81245,0.81253,0.81262,0.8115,0.8126
2026-09-02 01:00:00+00:00,8088,0.81246,0.8133,0.81223,0.81319,0.81259,0.81345,0.81239,0.81332
2026-09-02 05:00:00+00:00,12415,0.81317,0.81492,0.81206,0.81476,0.81332,0.81505,0.81218,0.81489
2026-09-02 09:00:00+00:00,11391,0.81476,0.81561,0.81339,0.8148,0.81491,0.81576,0.81355,0.81495
2026-09-02 13:00:00+00:00,18920,0.81477,0.81477,0.81155,0.81309,0.81491,0.81491,0.81172,0.81324
2026-09-02 17:00:00+00:00,6343,0.81309,0.81342,0.81251,0.81281,0.81325,0.81357,0.81265,0.813
2026-09-02 21:00:00+00:00,5249,0.81201,0.81307,0.8119,0.81262,0.81351,0.81369,0.81254,0.81279
2026-09-03 01:00:00+00:00,12459,0.81262,0.81291,0.81139,0.81175,0.81278,0.81305,0.81155,0.81189
2026-09-03 05:00:00+00:00,19332,0.81173,0.81189,0.80824,0.80889,0.81188,0.81203,0.80839,0.80905
2026-09-03 09:00:00+00:00,18562,0.80889,0.80995,0.80661,0.80692,0.80904,0.8101,0.80677,0.80706
2026-09-03 13:00:00+00:00,20750,0.80691,0.80959,0.80515,0.8058,0.80707,0.80973,0.80531,0.80594
2026-09-03 17:00:00+00:00,5851,0.8058,0.80765,0.8057,0.8075,0.80595,0.8078,0.80585,0.80768
2026-09-03 21:00:00+00:00,6502,0.80674,0.80791,0.80552,0.80771,0.80824,0.80839,0.80702,0.80786
2026-09-04 01:00:00+00:00,10972,0.8077,0.80839,0.80733,0.80786,0.80787,0.80855,0.80747,0.80801
2026-09-04 05:00:00+00:00,10007,0.80784,0.8088,0.80733,0.80866,0.808,0.80894,0.80749,0.8088
2026-09-04 09:00:00+00:00,20568,0.80865,0.81259,0.80826,0.81095,0.8088,0.81274,0.80844,0.81111
2026-09-04 13:00:00+00:00,20708,0.81097,0.81172,0.80895,0.80915,0.81112,0.81188,0.8091,0.8093
2026-09-04 17:00:00+00:00,5650,0.80916,0.81029,0.80916,0.80984,0.80932,0.81045,0.80931,0.81036
2026-09-06 21:00:00+00:00,4567,0.80972,0.81016,0.8086,0.80953,0.81025,0.81119,0.80952,0.80969
2026-09-07 01:00:00+00:00,6113,0.80954,0.81093,0.80949,0.81042,0.80969,0.81108,0.80965,0.81057
2026-09-07 05:00:00+00:00,10201,0.81044,0.81086,0.80842,0.80935,0.81057,0.811,0.80856,0.80949
2026-09-07 09:00:00+00:00,7437,0.80938,0.8095,0.80841,0.80901,0.8095,0.80965,0.80856,0.80916
2026-09-07 13:00:00+00:00,6322,0.80899,0.80935,0.80847,0.80897,0.80915,0.80947,0.8086,0.80912
2026-09-07 17:00:00+00:00,1161,0.80897,0.80958,0.80897,0.80946,0.80913,0.80974,0.80912,0.80962
2026-09-07 21:00:00+00:00,7432,0.80853,0.80948,0.80853,0.80916,0.81003,0.81015,0.80869,0.8093
2026-09-08 01:00:00+00:00,9944,0.80918,0.80952,0.80821,0.80922,0.80931,0.80967,0.80836,0.80939
2026-09-08 05:00:00+00:00,12092,0.80922,0.81188,0.80768,0.8117,0.80938,0.81203,0.80783,0.81185
2026-09-08 09:00:00+00:00,11836,0.8117,0.81199,0.8099,0.80994,0.81186,0.81214,0.81005,0.81009
2026-09-08 13:00:00+00:00,11798,0.80991,0.81,0.80809,0.80918,0.81005,0.81015,0.80823,0.80933
2026-09-08 17:00:00+00:00,6878,0.80914,0.80976,0.80873,0.80955,0.8093,0.80992,0.80887,0.80968
2026-09-08 21:00:00+00:00,4900,0.80944,0.80953,0.80825,0.80878,0.80964,0.81025,0.80873,0.80893
2026-09-09 01:00:00+00:00,9699,0.80878,0.80947,0.80862,0.80867,0.80892,0.80962,0.80876,0.80881
2026-09-09 05:00:00+00:00,11477,0.80866,0.80955,0.80772,0.80955,0.80879,0.80971,0.80787,0.8097
2026-09-09 09:00:00+00:00,11674,0.80956,0.8106,0.80668,0.80775,0.80972,0.81075,0.80682,0.8079
2026-09-09 13:00:00+00:00,18298,0.80778,0.81093,0.80667,0.80988,0.80791,0.81107,0.80683,0.81002
2026-09-09 17:00:00+00:00,6409,0.80989,0.81061,0.80938,0.81015,0.81001,0.81076,0.80953,0.81031
2026-09-09 21:00:00+00:00,3674,0.80874,0.81036,0.80874,0.80999,0.81024,0.81056,0.80948,0.81016
2026-09-10 01:00:00+00:00,8647,0.80999,0.81004,0.80856,0.80926,0.81014,0.8102,0.80872,0.80941
2026-09-10 05:00:00+00:00,8895,0.80924,0.81043,0.80837,0.81011,0.8094,0.81058,0.80851,0.81026
2026-09-10 09:00:00+00:00,16716,0.81015,0.81466,0.80975,0.81294,0.81029,0.81481,0.8099,0.81309
2026-09-10 13:00:00+00:00,22375,0.81294,0.81381,0.81077,0.81213,0.81311,0.81396,0.8109,0.81228
2026-09-10 17:00:00+00:00,9466,0.81214,0.81349,0.81198,0.81287,0.8123,0.81362,0.81212,0.81306
2026-09-10 21:00:00+00:00,5993,0.81267,0.8134,0.81249,0.8127,0.81343,0.81362,0.81268,0.81285
2026-09-11 01:00:00+00:00,11637,0.8127,0.81415,0.81236,0.81335,0.81286,0.8143,0.81251,0.81349
2026-09-11 05:00:00+00:00,14305,0.81333,0.81428,0.81239,0.8142,0.81346,0.81443,0.81253,0.81433
2026-09-11 09:00:00+00:00,18912,0.81418,0.81698,0.81337,0.8141,0.81432,0.81713,0.81395,0.81424
2026-09-11 13:00:00+00:00,19505,0.8141,0.81614,0.81368,0.81602,0.81425,0.81627,0.81382,0.81616
2026-09-11 17:00:00+00:00,7007,0.81603,0.81699,0.81572,0.81637,0.81616,0.81713,0.81587,0.81676
2026-09-13 21:00:00+00:00,7533,0.81583,0.81735,0.81558,0.81717,0.81726,0.81748,0.81643,0.81731
2026-09-14 01:00:00+00:00,9054,0.81716,0.81833,0.81696,0.81818,0.81729,0.81849,0.8171,0.81833
2026-09-14 05:00:00+00:00,10412,0.8182,0.81946,0.81748,0.81874,0.81834,0.8196,0.81764,0.81889
2026-09-14 09:00:00+00:00,12843,0.81876,0.81882,0.81614,0.81785,0.8189,0.81896,0.81628,0.81801
2026-09-14 13:00:00+00:00,17536,0.81785,0.81912,0.81525,0.81549,0.818,0.81925,0.8154,0.81564
2026-09-14 17:00:00+00:00,7175,0.8155,0.8176,0.81537,0.81726,0.81563,0.81776,0.8155,0.81746
2026-09-14 21:00:00+00:00,8803,0.8166,0.81771,0.81612,0.81749,0.81763,0.81786,0.81703,0.81764
2026-09-15 01:00:00+00:00,7226,0.81749,0.81827,0.81743,0.81812,0.81763,0.81841,0.81758,0.81826
2026-09-15 05:00:00+00:00,10773,0.81812,0.81853,0.81663,0.81762,0.81827,0.81869,0.81677,0.81776
2026-09-15 09:00:00+00:00,10816,0.81761,0.81856,0.81743,0.81835,0.81776,0.81869,0.81758,0.8185
2026-09-15 13:00:00+00:00,12113,0.81836,0.81986,0.81783,0.81849,0.81852,0.81999,0.81798,0.81864
2026-09-15 17:00:00+00:00,4643,0.81849,0.81913,0.81838,0.81871,0.81863,0.81927,0.81852,0.81892
2026-09-15 21:00:00+00:00,9021,0.8177,0.81944,0.81749,0.81925,0.8192,0.81959,0.81871,0.8194
2026-09-16 01:00:00+00:00,7103,0.81924,0.81959,0.81822,0.81855,0.8194,0.81975,0.81838,0.81869
2026-09-16 05:00:00+00:00,9466,0.81855,0.819,0.81785,0.81869,0.81868,0.81916,0.81799,0.81884
2026-09-16 09:00:00+00:00,8498,0.8187,0.81942,0.81818,0.81869,0.81886,0.81963,0.81833,0.81882
2026-09-16 13:00:00+00:00,9565,0.8187,0.81937,0.81816,0.81908,0.81884,0.8195,0.81829,0.81921
2026-09-16 17:00:00+00:00,28204,0.81909,0.82633,0.81736,0.82582,0.81923,0.82648,0.81761,0.82603
2026-09-16 21:00:00+00:00,11619,0.82585,0.82621,0.82417,0.82575,0.82607,0.82675,0.82504,0.8259
2026-09-17 01:00:00+00:00,9069,0.82574,0.82601,0.82526,0.82551,0.82587,0.82615,0.82542,0.82564
2026-09-17 05:00:00+00:00,10775,0.82549,0.82594,0.82359,0.82531,0.82564,0.82609,0.82376,0.82549
2026-09-17 09:00:00+00:00,13534,0.82531,0.82615,0.82297,0.82367,0.82547,0.8263,0.82312,0.82381
2026-09-17 13:00:00+00:00,14284,0.82369,0.82486,0.82219,0.82484,0.82385,0.82501,0.82234,0.82498
2026-09-17 17:00:00+00:00,5550,0.82487,0.82521,0.82434,0.82451,0.82502,0.82535,0.82448,0.82467
2026-09-17 21:00:00+00:00,5490,0.82348,0.82495,0.82327,0.82443,0.82498,0.8255,0.82441,0.82458
2026-09-18 01:00:00+00:00,9976,0.82442,0.8252,0.82251,0.82341,0.82456,0.82534,0.82265,0.82356
2026-09-18 05:00:00+00:00,12684,0.82342,0.82517,0.82334,0.82449,0.82356,0.8253,0.82348,0.82463
2026-09-18 09:00:00+00:00,12460,0.82448,0.82592,0.82425,0.82477,0.82465,0.82606,0.8244,0.82492
2026-09-18 13:00:00+00:00,15996,0.82477,0.82534,0.82258,0.82271,0.82493,0.82548,0.82274,0.82286
2026-09-18 17:00:00+00:00,6691,0.82271,0.82271,0.82153,0.8219,0.82285,0.82286,0.82169,0.82236
2026-09-20 21:00:00+00:00,3852,0.82156,0.82277,0.8212,0.82245,0.82306,0.82389,0.82178,0.82257
2026-09-21 01:00:00+00:00,4895,0.82243,0.82318,0.82207,0.82307,0.82257,0.82332,0.82221,0.82322
2026-09-21 05:00:00+00:00,6939,0.82303,0.82384,0.82246,0.82329,0.82319,0.82399,0.82261,0.82344
2026-09-21 09:00:00+00:00,7917,0.8233,0.82347,0.82073,0.82144,0.82344,0.82362,0.82087,0.82159
2026-09-21 13:00:00+00:00,12129,0.82145,0.82267,0.82058,0.82104,0.82159,0.8228,0.82072,0.82118
2026-09-21 17:00:00+00:00,4679,0.82103,0.82159,0.82066,0.82106,0.82119,0.82172,0.82082,0.82125
2026-09-21 21:00:00+00:00,4269,0.82104,0.82107,0.82048,0.82056,0.82254,0.82254,0.82063,0.82069
2026-09-22 01:00:00+00:00,6424,0.82054,0.82101,0.81997,0.81997,0.82069,0.82117,0.82012,0.82013
2026-09-22 05:00:00+00:00,12624,0.81998,0.82242,0.81992,0.82068,0.82013,0.82257,0.82005,0.82084
2026-09-22 09:00:00+00:00,15783,0.82069,0.82159,0.81826,0.82015,0.82084,0.82172,0.81842,0.8203
2026-09-22 13:00:00+00:00,15598,0.82018,0.82225,0.81922,0.82149,0.82031,0.82238,0.81938,0.82163
2026-09-22 17:00:00+00:00,9703,0.82149,0.82203,0.81957,0.82034,0.82164,0.82218,0.81973,0.82084
2026-09-22 21:00:00+00:00,3633,0.82016,0.82113,0.81973,0.82071,0.82166,0.82166,0.82056,0.82086
2026-09-23 01:00:00+00:00,6870,0.82072,0.82176,0.82063,0.82146,0.82088,0.82189,0.82078,0.82161
2026-09-23 05:00:00+00:00,8493,0.82146,0.82321,0.82131,0.82228,0.82162,0.82337,0.82146,0.82241
2026-09-23 09:00:00+00:00,9501,0.82229,0.82368,0.82209,0.82314,0.82243,0.82382,0.82222,0.82328
2026-09-23 13:00:00+00:00,17406,0.82317,0.82565,0.82236,0.82562,0.82332,0.82581,0.82252,0.82577
2026-09-23 17:00:00+00:00,10485,0.82563,0.82597,0.82334,0.8252,0.82576,0.82613,0.8235,0.82532
2026-09-23 21:00:00+00:00,5762,0.82377,0.82557,0.82377,0.825,0.82521,0.826,0.82473,0.82516
2026-09-24 01:00:00+00:00,11467,0.82501,0.82542,0.82384,0.82417,0.82516,0.82558,0.82399,0.82431
2026-09-24 05:00:00+00:00,21196,0.82417,0.82801,0.82274,0.82783,0.82432,0.82816,0.82298,0.82797
2026-09-24 09:00:00+00:00,15844,0.82783,0.82834,0.82649,0.8275,0.82798,0.8285,0.82664,0.82764
2026-09-24 13:00:00+00:00,19502,0.8275,0.8296,0.82639,0.82763,0.82763,0.82974,0.82651,0.82779
2026-09-24 17:00:00+00:00,12706,0.82764,0.82907,0.8269,0.82776,0.82779,0.82922,0.82705,0.82797
2026-09-24 21:00:00+00:00,6520,0.82777,0.82836,0.8265,0.82788,0.82801,0.82865,0.82786,0.82805
2026-09-25 01:00:00+00:00,9492,0.82786,0.82926,0.8276,0.82914,0.82801,0.82943,0.82774,0.82928
2026-09-25 05:00:00+00:00,12574,0.82914,0.82973,0.82821,0.82858,0.8293,0.82987,0.82836,0.82874
2026-09-25 09:00:00+00:00,14789,0.82859,0.82975,0.8275,0.82831,0.82874,0.8299,0.82764,0.82846
2026-09-25 13:00:00+00:00,29629,0.82829,0.82953,0.82704,0.82829,0.82845,0.82967,0.82719,0.82842
2026-09-25 17:00:00+00:00,13430,0.8283,0.82913,0.8279,0.82829,0.82846,0.82926,0.82805,0.82876
2026-09-27 21:00:00+00:00,5294,0.82808,0.83004,0.82757,0.82954,0.82956,0.83018,0.82907,0.82969
