time,volume,bid_open,bid_high,bid_low,bid_close,ask_open,ask_high,ask_low,ask_close
2025-09-30 21:00:00+00:00,19162,147.8,148.22,147.789,148.101,147.9,148.234,147.825,148.117
2025-10-01 01:00:00+00:00,29850,148.1,148.159,147.542,147.545,148.117,148.178,147.561,147.563
2025-10-01 05:00:00+00:00,62607,147.544,147.639,146.891,147.144,147.561,147.654,146.906,147.16
2025-10-01 09:00:00+00:00,80183,147.145,147.259,146.577,146.791,147.16,147.274,146.593,146.805
2025-10-01 13:00:00+00:00,94675,146.79,147.247,146.613,147.156,146.805,147.263,146.627,147.17
2025-10-01 17:00:00+00:00,28923,147.155,147.223,147.015,147.057,147.17,147.24,147.03,147.085
2025-10-01 21:00:00+00:00,16768,147.037,147.318,146.99,147.189,147.099,147.333,147.007,147.202
2025-10-02 01:00:00+00:00,25864,147.189,147.224,146.935,147.167,147.201,147.237,146.95,147.184
2025-10-02 05:00:00+00:00,52431,147.167,147.374,146.717,146.792,147.185,147.391,146.734,146.809
2025-10-02 09:00:00+00:00,44170,146.792,147.195,146.592,147.153,146.808,147.21,146.608,147.17
2025-10-02 13:00:00+00:00,60838,147.151,147.508,147.05,147.159,147.168,147.524,147.065,147.173
2025-10-02 17:00:00+00:00,16662,147.162,147.29,147.122,147.253,147.174,147.309,147.138,147.274
2025-10-02 21:00:00+00:00,14741,147.226,147.376,147.086,147.345,147.301,147.394,147.102,147.359
2025-10-03 01:00:00+00:00,31663,147.346,147.766,147.174,147.718,147.362,147.778,147.191,147.733
2025-10-03 05:00:00+00:00,44681,147.718,147.811,147.267,147.323,147.734,147.828,147.282,147.339
2025-10-03 09:00:00+00:00,34875,147.324,147.428,147.21,147.26,147.339,147.442,147.227,147.276
2025-10-03 13:00:00+00:00,66075,147.258,147.529,147.01,147.498,147.276,147.545,147.106,147.514
2025-10-03 17:00:00+00:00,25089,147.498,147.538,147.376,147.478,147.513,147.556,147.392,147.502
2025-10-05 21:00:00+00:00,57890,149.385,149.859,149.027,149.698,149.456,149.875,149.059,149.717
2025-10-06 01:00:00+00:00,53013,149.699,150.339,149.576,150.308,149.719,150.355,149.594,150.324
2025-10-06 05:00:00+00:00,77587,150.308,150.433,149.944,150.36,150.323,150.45,149.96,150.374
2025-10-06 09:00:00+00:00,70093,150.363,150.471,149.744,149.777,150.377,150.485,149.762,149.792
2025-10-06 13:00:00+00:00,63420,149.775,150.168,149.747,150.156,149.793,150.181,149.762,150.17
2025-10-06 17:00:00+00:00,20397,150.154,150.392,150.073,150.34,150.169,150.41,150.089,150.362
2025-10-06 21:00:00+00:00,25058,150.276,150.612,150.2,150.483,150.351,150.629,150.275,150.498
2025-10-07 01:00:00+00:00,28912,150.485,150.608,150.241,150.407,150.5,150.625,150.259,150.423
2025-10-07 05:00:00+00:00,47924,150.407,150.825,150.396,150.786,150.422,150.841,150.409,150.801
2025-10-07 09:00:00+00:00,37020,150.785,151.025,150.7,150.827,150.801,151.043,150.714,150.841
2025-10-07 13:00:00+00:00,58887,150.827,151.403,150.726,151.322,150.842,151.418,150.742,151.337
2025-10-07 17:00:00+00:00,31409,151.322,152.037,151.243,151.892,151.335,152.054,151.259,151.909
2025-10-07 21:00:00+00:00,27888,151.898,152.369,151.731,152.298,151.966,152.387,151.749,152.315
2025-10-08 01:00:00+00:00,38352,152.301,152.64,152.266,152.358,152.316,152.657,152.284,152.372
2025-10-08 05:00:00+00:00,61420,152.357,152.78,152.245,152.737,152.373,152.797,152.261,152.753
2025-10-08 09:00:00+00:00,48014,152.737,152.996,152.43,152.501,152.751,153.012,152.446,152.517
2025-10-08 13:00:00+00:00,54383,152.501,152.792,152.367,152.751,152.516,152.808,152.38,152.765
2025-10-08 17:00:00+00:00,25755,152.75,152.939,152.634,152.69,152.765,152.957,152.649,152.704
2025-10-08 21:00:00+00:00,26445,152.67,152.734,152.447,152.697,152.77,152.77,152.464,152.714
2025-10-09 01:00:00+00:00,37896,152.697,152.761,152.399,152.461,152.715,152.777,152.417,152.475
2025-10-09 05:00:00+00:00,59032,152.463,153.215,152.46,152.793,152.476,153.23,152.475,152.807
2025-10-09 09:00:00+00:00,54595,152.792,152.849,152.464,152.74,152.807,152.867,152.478,152.755
2025-10-09 13:00:00+00:00,86227,152.739,153.227,152.098,152.995,152.755,153.245,152.133,153.012
2025-10-09 17:00:00+00:00,34545,152.996,153.205,152.903,153.073,153.012,153.218,152.917,153.094
2025-10-09 21:00:00+00:00,25375,152.907,153.269,152.898,152.949,153.007,153.286,152.956,152.967
2025-10-10 01:00:00+00:00,33435,152.948,153.043,152.632,152.747,152.965,153.06,152.646,152.763
2025-10-10 05:00:00+00:00,72732,152.748,152.945,152.371,152.639,152.761,152.961,152.39,152.654
2025-10-10 09:00:00+00:00,45695,152.638,152.842,152.509,152.55,152.652,152.858,152.526,152.563
2025-10-10 13:00:00+00:00,112323,152.551,152.709,151.498,151.881,152.565,152.725,151.513,151.899
2025-10-10 17:00:00+00:00,45087,151.879,151.941,151.139,151.155,151.898,151.958,151.183,151.192
2025-10-12 21:00:00+00:00,46498,151.84,152.27,151.729,151.837,151.923,152.289,151.748,151.856
2025-10-13 01:00:00+00:00,41204,151.837,152.009,151.801,151.903,151.855,152.026,151.82,151.92
2025-10-13 05:00:00+00:00,65314,151.901,152.446,151.716,152.336,151.914,152.46,151.731,152.351
2025-10-13 09:00:00+00:00,51903,152.336,152.363,151.97,152.206,152.35,152.38,151.986,152.222
2025-10-13 13:00:00+00:00,52781,152.204,152.442,152.097,152.273,152.222,152.459,152.114,152.29
2025-10-13 17:00:00+00:00,20080,152.271,152.345,152.21,152.289,152.289,152.36,152.227,152.31
2025-10-13 21:00:00+00:00,23262,152.171,152.605,152.152,152.458,152.271,152.623,152.202,152.475
2025-10-14 01:00:00+00:00,47543,152.459,152.492,151.774,151.853,152.475,152.508,151.79,151.867
2025-10-14 05:00:00+00:00,80759,151.854,152.119,151.609,151.969,151.867,152.136,151.626,151.984
2025-10-14 09:00:00+00:00,50514,151.969,152.147,151.855,152.038,151.985,152.163,151.871,152.056
2025-10-14 13:00:00+00:00,89012,152.04,152.155,151.661,151.732,152.056,152.173,151.677,151.747
2025-10-14 17:00:00+00:00,35960,151.733,151.862,151.595,151.804,151.75,151.879,151.612,151.817
2025-10-14 21:00:00+00:00,26848,151.752,151.87,151.492,151.549,151.852,151.888,151.506,151.565
2025-10-15 01:00:00+00:00,41295,151.549,151.596,150.996,151.244,151.564,151.613,151.011,151.256
2025-10-15 05:00:00+00:00,55038,151.249,151.389,150.891,151.211,151.261,151.403,150.907,151.228
2025-10-15 09:00:00+00:00,53121,151.213,151.681,151.212,151.631,151.229,151.699,151.228,151.647
2025-10-15 13:00:00+00:00,66936,151.631,151.729,151.032,151.188,151.646,151.748,151.045,151.204
2025-10-15 17:00:00+00:00,36955,151.189,151.386,151.046,151.065,151.204,151.399,151.069,151.077
2025-10-15 21:00:00+00:00,31957,151.047,151.161,150.506,150.701,151.122,151.261,150.523,150.718
2025-10-16 01:00:00+00:00,39367,150.7,151.106,150.5,151.033,150.718,151.122,150.519,151.048
2025-10-16 05:00:00+00:00,61384,151.033,151.375,150.934,151.235,151.049,151.397,150.948,151.252
2025-10-16 09:00:00+00:00,46102,151.238,151.392,151.026,151.094,151.254,151.406,151.043,151.11
2025-10-16 13:00:00+00:00,96192,151.093,151.282,150.227,150.393,151.108,151.299,150.242,150.408
2025-10-16 17:00:00+00:00,61877,150.393,150.467,150.205,150.423,150.406,150.483,150.219,150.446
2025-10-16 21:00:00+00:00,30872,150.365,150.438,150.037,150.222,150.465,150.48,150.054,150.239
2025-10-17 01:00:00+00:00,45933,150.223,150.384,149.886,149.957,150.239,150.401,149.903,149.971
2025-10-17 05:00:00+00:00,93320,149.957,149.971,149.367,149.773,149.97,149.987,149.383,149.789
2025-10-17 09:00:00+00:00,87598,149.771,150.536,149.596,150.376,149.788,150.553,149.612,150.394
2025-10-17 13:00:00+00:00,87701,150.377,150.587,150.154,150.401,150.394,150.603,150.168,150.417
2025-10-17 17:00:00+00:00,30366,150.399,150.631,150.357,150.623,150.416,150.677,150.374,150.676
2025-10-19 21:00:00+00:00,33830,150.419,150.977,150.332,150.901,150.519,150.993,150.43,150.918
2025-10-20 01:00:00+00:00,35050,150.899,151.195,150.507,150.59,150.918,151.213,150.524,150.609
2025-10-20 05:00:00+00:00,54290,150.592,150.824,150.49,150.577,150.61,150.842,150.505,150.594
2025-10-20 09:00:00+00:00,53055,150.575,150.851,150.266,150.668,150.592,150.868,150.281,150.685
2025-10-20 13:00:00+00:00,53447,150.669,150.846,150.403,150.674,150.685,150.86,150.42,150.691
2025-10-20 17:00:00+00:00,18580,150.673,150.821,150.62,150.75,150.691,150.835,150.637,150.782
2025-10-20 21:00:00+00:00,23007,150.657,150.845,150.463,150.647,150.757,150.863,150.48,150.666
2025-10-21 01:00:00+00:00,44977,150.647,151.235,150.519,151.067,150.668,151.252,150.534,151.087
2025-10-21 05:00:00+00:00,80209,151.069,151.67,150.854,151.604,151.086,151.688,150.876,151.619
2025-10-21 09:00:00+00:00,62613,151.604,152.169,151.589,152.02,151.62,152.184,151.602,152.036
2025-10-21 13:00:00+00:00,81100,152.025,152.082,151.451,151.85,152.037,152.1,151.466,151.865
2025-10-21 17:00:00+00:00,22887,151.849,151.966,151.811,151.912,151.865,151.983,151.826,151.94
2025-10-21 21:00:00+00:00,21290,151.867,151.954,151.596,151.623,151.929,151.972,151.614,151.637
2025-10-22 01:00:00+00:00,31381,151.617,151.866,151.48,151.752,151.631,151.882,151.495,151.768
2025-10-22 05:00:00+00:00,56725,151.751,151.944,151.613,151.682,151.768,151.961,151.629,151.697
2025-10-22 09:00:00+00:00,59922,151.683,151.963,151.644,151.921,151.697,151.979,151.661,151.938
2025-10-22 13:00:00+00:00,76761,151.923,152.04,151.497,151.758,151.939,152.056,151.514,151.773
2025-10-22 17:00:00+00:00,35232,151.758,152.004,151.596,151.951,151.774,152.022,151.612,151.977
2025-10-22 21:00:00+00:00,21465,151.894,152.256,151.814,152.145,151.994,152.271,151.833,152.161
2025-10-23 01:00:00+00:00,24382,152.145,152.57,152.107,152.407,152.16,152.585,152.126,152.423
2025-10-23 05:00:00+00:00,40604,152.407,152.643,152.313,152.602,152.424,152.659,152.329,152.616
2025-10-23 09:00:00+00:00,37798,152.603,152.786,152.45,152.528,152.616,152.802,152.465,152.543
2025-10-23 13:00:00+00:00,54298,152.529,152.792,152.469,152.712,152.546,152.806,152.486,152.727
2025-10-23 17:00:00+00:00,21428,152.711,152.762,152.487,152.584,152.728,152.778,152.503,152.608
2025-10-23 21:00:00+00:00,15693,152.537,152.666,152.464,152.64,152.637,152.685,152.482,152.657
2025-10-24 01:00:00+00:00,29057,152.641,152.908,152.631,152.883,152.657,152.925,152.646,152.9
2025-10-24 05:00:00+00:00,40814,152.883,153.057,152.746,152.943,152.901,153.072,152.762,152.957
2025-10-24 09:00:00+00:00,50107,152.942,152.989,152.185,152.667,152.957,153.005,152.285,152.683
2025-10-24 13:00:00+00:00,63451,152.666,153.012,152.587,152.835,152.683,153.03,152.604,152.85
2025-10-24 17:00:00+00:00,18352,152.835,152.889,152.742,152.86,152.849,152.911,152.758,152.905
2025-10-26 21:00:00+00:00,26687,152.822,153.17,152.801,152.885,152.895,153.187,152.839,152.898
2025-10-27 01:00:00+00:00,31247,152.884,153.158,152.646,153.131,152.898,153.173,152.661,153.148
2025-10-27 05:00:00+00:00,48595,153.132,153.251,152.736,152.813,153.15,153.265,152.751,152.83
2025-10-27 09:00:00+00:00,47700,152.814,152.889,152.558,152.835,152.83,152.905,152.575,152.85
2025-10-27 13:00:00+00:00,50220,152.837,153.189,152.799,152.988,152.849,153.205,152.816,153.002
2025-10-27 17:00:00+00:00,22355,152.989,153.088,152.755,152.871,153.002,153.104,152.769,152.888
2025-10-27 21:00:00+00:00,17565,152.855,152.86,152.388,152.489,152.869,152.935,152.404,152.506
2025-10-28 01:00:00+00:00,39555,152.488,152.505,151.845,151.867,152.506,152.523,151.86,151.886
2025-10-28 05:00:00+00:00,61452,151.869,152.349,151.753,151.944,151.887,152.366,151.768,151.961
2025-10-28 09:00:00+00:00,48481,151.944,152.213,151.815,152.124,151.959,152.229,151.833,152.142
2025-10-28 13:00:00+00:00,65034,152.125,152.366,151.846,152.105,152.141,152.382,151.863,152.122
2025-10-28 17:00:00+00:00,23522,152.103,152.238,151.94,152.103,152.12,152.255,151.955,152.128
2025-10-28 21:00:00+00:00,30362,152.103,152.19,151.53,151.626,152.135,152.207,151.547,151.644
2025-10-29 01:00:00+00:00,38366,151.627,152.136,151.545,152.07,151.644,152.154,151.564,152.086
2025-10-29 05:00:00+00:00,45163,152.069,152.538,151.995,152.328,152.086,152.553,152.01,152.344
2025-10-29 09:00:00+00:00,37403,152.328,152.461,152.131,152.233,152.345,152.478,152.148,152.251
2025-10-29 13:00:00+00:00,52109,152.235,152.237,151.857,152.143,152.25,152.252,151.873,152.16
2025-10-29 17:00:00+00:00,86305,152.144,153.053,152.082,152.729,152.16,153.074,152.1,152.75
2025-10-29 21:00:00+00:00,22458,152.645,152.939,152.498,152.627,152.742,152.958,152.513,152.644
2025-10-30 01:00:00+00:00,71750,152.628,153.128,152.156,152.76,152.646,153.146,152.17,152.778
2025-10-30 05:00:00+00:00,71439,152.762,153.882,152.668,153.74,152.78,153.898,152.687,153.757
2025-10-30 09:00:00+00:00,52586,153.742,154.285,153.614,154.285,153.758,154.303,153.631,154.303
2025-10-30 13:00:00+00:00,68064,154.287,154.443,154.038,154.091,154.304,154.455,154.053,154.109
2025-10-30 17:00:00+00:00,23670,154.092,154.163,154.013,154.134,154.108,154.18,154.029,154.164
2025-10-30 21:00:00+00:00,19982,154.12,154.161,153.815,153.888,154.151,154.176,153.831,153.906
2025-10-31 01:00:00+00:00,31663,153.888,154.062,153.643,153.931,153.904,154.079,153.662,153.946
2025-10-31 05:00:00+00:00,45390,153.93,154.409,153.823,154.24,153.946,154.425,153.839,154.255
2025-10-31 09:00:00+00:00,37945,154.24,154.285,153.886,154.128,154.254,154.303,153.901,154.146
2025-10-31 13:00:00+00:00,63789,154.129,154.225,153.886,154.11,154.146,154.239,153.902,154.122
2025-10-31 17:00:00+00:00,24565,154.109,154.169,153.932,153.969,154.122,154.184,154.006,154.065
2025-11-02 22:00:00+00:00,19780,153.993,154.244,153.987,154.108,154.093,154.263,154.034,154.126
2025-11-03 02:00:00+00:00,16000,154.108,154.127,153.982,154.115,154.127,154.143,153.996,154.131
2025-11-03 06:00:00+00:00,31267,154.115,154.278,154.045,154.161,154.132,154.296,154.061,154.175
2025-11-03 10:00:00+00:00,23855,154.162,154.293,154.09,154.243,154.175,154.308,154.107,154.26
2025-11-03 14:00:00+00:00,45710,154.242,154.267,153.908,154.145,154.26,154.283,153.934,154.162
2025-11-03 18:00:00+00:00,17827,154.147,154.247,154.109,154.202,154.162,154.262,154.123,154.221
2025-11-03 22:00:00+00:00,23948,154.218,154.478,154.166,154.321,154.282,154.494,154.185,154.338
2025-11-04 02:00:00+00:00,38340,154.322,154.352,153.68,153.728,154.338,154.367,153.697,153.742
2025-11-04 06:00:00+00:00,62058,153.727,153.785,153.323,153.479,153.741,153.802,153.339,153.495
2025-11-04 10:00:00+00:00,44351,153.479,153.621,153.309,153.382,153.494,153.637,153.326,153.397
2025-11-04 14:00:00+00:00,54632,153.382,153.635,153.332,153.584,153.398,153.653,153.347,153.599
2025-11-04 18:00:00+00:00,28073,153.583,153.687,153.54,153.654,153.599,153.701,153.553,153.678
2025-11-04 22:00:00+00:00,38812,153.651,153.743,152.95,153.157,153.684,153.76,152.967,153.175
2025-11-05 02:00:00+00:00,41266,153.156,153.56,153.058,153.514,153.175,153.576,153.077,153.53
2025-11-05 06:00:00+00:00,45049,153.514,153.736,153.412,153.683,153.531,153.752,153.428,153.7
2025-11-05 10:00:00+00:00,41369,153.682,153.985,153.556,153.973,153.7,153.999,153.574,153.991
2025-11-05 14:00:00+00:00,55012,153.976,154.351,153.889,154.07,153.992,154.365,153.905,154.085
2025-11-05 18:00:00+00:00,17162,154.069,154.139,154.0,154.105,154.085,154.154,154.015,154.122
2025-11-05 22:00:00+00:00,22088,154.086,154.134,153.796,153.864,154.125,154.15,153.81,153.879
2025-11-06 02:00:00+00:00,21310,153.864,154.022,153.786,153.876,153.88,154.037,153.801,153.893
2025-11-06 06:00:00+00:00,34695,153.877,154.0,153.523,153.713,153.893,154.017,153.539,153.73
2025-11-06 10:00:00+00:00,32166,153.713,153.771,153.394,153.497,153.731,153.783,153.408,153.514
2025-11-06 14:00:00+00:00,59685,153.495,153.58,152.825,153.006,153.512,153.596,152.839,153.024
2025-11-06 18:00:00+00:00,24188,153.004,153.151,152.915,153.057,153.022,153.166,152.93,153.086
2025-11-06 22:00:00+00:00,32305,152.991,153.302,152.811,153.123,153.091,153.315,152.829,153.139
2025-11-07 02:00:00+00:00,27988,153.121,153.36,152.957,153.344,153.139,153.376,152.974,153.361
2025-11-07 06:00:00+00:00,34313,153.346,153.534,153.343,153.486,153.363,153.55,153.358,153.503
2025-11-07 10:00:00+00:00,39779,153.484,153.489,153.001,153.352,153.502,153.506,153.018,153.368
2025-11-07 14:00:00+00:00,68670,153.352,153.47,153.007,153.088,153.37,153.486,153.023,153.103
2025-11-07 18:00:00+00:00,32833,153.088,153.588,153.028,153.384,153.102,153.605,153.043,153.436
2025-11-09 22:00:00+00:00,37228,153.7,153.949,153.394,153.826,153.8,153.963,153.413,153.845
2025-11-10 02:00:00+00:00,28984,153.826,154.067,153.778,153.936,153.844,154.082,153.794,153.948
2025-11-10 06:00:00+00:00,43136,153.935,154.224,153.893,154.152,153.947,154.241,153.91,154.168
2025-11-10 10:00:00+00:00,29257,154.152,154.242,153.977,154.053,154.169,154.258,153.993,154.07
2025-11-10 14:00:00+00:00,48448,154.054,154.157,153.884,153.949,154.07,154.175,153.9,153.963
2025-11-10 18:00:00+00:00,21226,153.949,154.165,153.916,154.122,153.964,154.181,153.93,154.143
2025-11-10 22:00:00+00:00,25819,154.012,154.488,154.012,154.316,154.112,154.504,154.061,154.334
2025-11-11 02:00:00+00:00,27073,154.314,154.384,154.078,154.122,154.333,154.402,154.095,154.137
2025-11-11 06:00:00+00:00,32621,154.119,154.436,154.081,154.322,154.138,154.452,154.099,154.34
2025-11-11 10:00:00+00:00,40360,154.326,154.355,153.658,153.769,154.343,154.371,153.675,153.786
2025-11-11 14:00:00+00:00,45361,153.769,154.126,153.695,154.068,153.784,154.142,153.71,154.085
2025-11-11 18:00:00+00:00,17305,154.068,154.169,154.045,154.146,154.086,154.186,154.06,154.165
2025-11-11 22:00:00+00:00,25786,154.102,154.345,154.033,154.314,154.158,154.36,154.059,154.332
2025-11-12 02:00:00+00:00,29499,154.324,154.787,154.231,154.636,154.337,154.801,154.245,154.653
2025-11-12 06:00:00+00:00,36504,154.636,154.902,154.484,154.839,154.654,154.917,154.499,154.852
2025-11-12 10:00:00+00:00,33076,154.838,154.988,154.698,154.935,154.853,155.002,154.713,154.952
2025-11-12 14:00:00+00:00,47018,154.935,155.04,154.489,154.591,154.951,155.055,154.506,154.605
2025-11-12 18:00:00+00:00,21514,154.591,154.862,154.575,154.802,154.606,154.877,154.59,154.828
2025-11-12 22:00:00+00:00,26038,154.731,155.014,154.684,154.727,154.815,155.027,154.701,154.744
2025-11-13 02:00:00+00:00,27442,154.722,154.994,154.617,154.947,154.74,155.01,154.634,154.961
2025-11-13 06:00:00+00:00,46426,154.946,155.002,154.315,154.521,154.961,155.018,154.331,154.538
2025-11-13 10:00:00+00:00,40725,154.522,154.76,154.477,154.642,154.537,154.773,154.492,154.658
2025-11-13 14:00:00+00:00,73417,154.641,154.669,154.12,154.311,154.658,154.686,154.137,154.326
2025-11-13 18:00:00+00:00,36436,154.31,154.58,154.263,154.521,154.326,154.597,154.281,154.552
2025-11-13 22:00:00+00:00,27852,154.449,154.736,154.431,154.5,154.549,154.752,154.45,154.517
2025-11-14 02:00:00+00:00,29485,154.5,154.57,154.304,154.477,154.516,154.586,154.317,154.492
2025-11-14 06:00:00+00:00,48288,154.476,154.727,154.428,154.687,154.492,154.744,154.442,154.704
2025-11-14 10:00:00+00:00,62135,154.689,154.756,153.609,154.081,154.704,154.773,153.625,154.097
2025-11-14 14:00:00+00:00,75360,154.079,154.735,153.972,154.636,154.096,154.752,153.991,154.65
2025-11-14 18:00:00+00:00,24714,154.635,154.655,154.494,154.499,154.65,154.673,154.51,154.548
2025-11-16 22:00:00+00:00,28812,154.525,154.651,154.41,154.569,154.625,154.669,154.428,154.586
2025-11-17 02:00:00+00:00,23315,154.569,154.78,154.565,154.683,154.585,154.797,154.582,154.698
2025-11-17 06:00:00+00:00,36459,154.682,154.825,154.619,154.746,154.699,154.841,154.636,154.763
2025-11-17 10:00:00+00:00,28636,154.747,154.908,154.688,154.882,154.763,154.926,154.705,154.898
2025-11-17 14:00:00+00:00,46215,154.883,155.301,154.859,155.152,154.898,155.319,154.874,155.169
2025-11-17 18:00:00+00:00,26343,155.152,155.256,155.063,155.251,155.168,155.286,155.079,155.278
2025-11-17 22:00:00+00:00,28469,155.189,155.372,155.137,155.193,155.289,155.392,155.155,155.21
2025-11-18 02:00:00+00:00,45958,155.195,155.278,154.807,155.076,155.211,155.296,154.825,155.092
2025-11-18 06:00:00+00:00,67846,155.077,155.258,154.861,155.224,155.094,155.274,154.878,155.24
2025-11-18 10:00:00+00:00,51523,155.224,155.434,155.054,155.165,155.241,155.451,155.069,155.181
2025-11-18 14:00:00+00:00,81876,155.164,155.689,155.045,155.684,155.181,155.704,155.061,155.7
2025-11-18 18:00:00+00:00,38666,155.684,155.728,155.472,155.509,155.701,155.742,155.486,155.534
2025-11-18 22:00:00+00:00,30423,155.462,155.583,155.366,155.488,155.537,155.602,155.381,155.508
2025-11-19 02:00:00+00:00,42653,155.489,155.547,155.208,155.363,155.508,155.563,155.222,155.38
2025-11-19 06:00:00+00:00,47584,155.362,155.958,155.318,155.947,155.378,155.975,155.334,155.965
2025-11-19 10:00:00+00:00,45409,155.947,156.288,155.927,156.276,155.966,156.305,155.944,156.292
2025-11-19 14:00:00+00:00,74840,156.276,156.861,156.257,156.748,156.293,156.876,156.274,156.764
2025-11-19 18:00:00+00:00,44623,156.751,157.177,156.684,157.154,156.764,157.197,156.698,157.184
2025-11-19 22:00:00+00:00,37875,157.131,157.429,156.87,157.416,157.158,157.446,156.888,157.433
2025-11-20 02:00:00+00:00,38801,157.416,157.569,157.253,157.551,157.434,157.583,157.271,157.569
2025-11-20 06:00:00+00:00,53672,157.551,157.774,157.102,157.174,157.57,157.789,157.119,157.189
2025-11-20 10:00:00+00:00,62357,157.174,157.874,157.146,157.562,157.188,157.896,157.161,157.58
2025-11-20 14:00:00+00:00,111067,157.561,157.888,157.258,157.51,157.581,157.903,157.27,157.527
2025-11-20 18:00:00+00:00,50544,157.511,157.689,157.421,157.452,157.527,157.705,157.437,157.48
2025-11-20 22:00:00+00:00,39032,157.464,157.535,157.183,157.481,157.548,157.575,157.202,157.495
2025-11-21 02:00:00+00:00,41392,157.482,157.483,157.078,157.218,157.496,157.5,157.095,157.237
2025-11-21 06:00:00+00:00,63613,157.218,157.251,156.556,156.753,157.236,157.269,156.574,156.77
2025-11-21 10:00:00+00:00,79215,156.754,156.889,156.546,156.807,156.77,156.906,156.563,156.825
2025-11-21 14:00:00+00:00,110077,156.808,156.959,156.193,156.537,156.827,156.975,156.211,156.551
2025-11-21 18:00:00+00:00,36710,156.538,156.637,156.255,156.359,156.551,156.653,156.272,156.459
2025-11-23 22:00:00+00:00,26783,156.393,156.793,156.357,156.719,156.493,156.813,156.457,156.734
2025-11-24 02:00:00+00:00,24211,156.714,156.733,156.488,156.573,156.731,156.748,156.507,156.588
2025-11-24 06:00:00+00:00,47756,156.575,156.93,156.536,156.741,156.59,156.945,156.552,156.759
2025-11-24 10:00:00+00:00,50279,156.743,156.98,156.693,156.911,156.759,156.998,156.708,156.927
2025-11-24 14:00:00+00:00,61007,156.91,157.181,156.733,156.878,156.927,157.196,156.749,156.895
2025-11-24 18:00:00+00:00,23930,156.875,156.917,156.705,156.911,156.894,156.934,156.722,156.934
2025-11-24 22:00:00+00:00,26654,156.811,156.976,156.546,156.643,156.911,156.994,156.564,156.658
2025-11-25 02:00:00+00:00,24309,156.644,156.843,156.6,156.727,156.658,156.86,156.616,156.745
2025-11-25 06:00:00+00:00,42392,156.727,156.792,156.135,156.293,156.746,156.808,156.153,156.31
2025-11-25 10:00:00+00:00,49982,156.299,156.515,156.023,156.138,156.312,156.531,156.039,156.156
2025-11-25 14:00:00+00:00,80500,156.138,156.329,155.795,155.892,156.157,156.345,155.813,155.909
2025-11-25 18:00:00+00:00,29274,155.892,156.181,155.801,156.059,155.907,156.197,155.817,156.087
2025-11-25 22:00:00+00:00,31923,155.95,156.366,155.806,155.94,156.05,156.381,155.822,155.957
2025-11-26 02:00:00+00:00,42566,155.939,156.177,155.644,156.107,155.955,156.193,155.661,156.125
2025-11-26 06:00:00+00:00,51104,156.107,156.497,156.04,156.45,156.127,156.512,156.057,156.463
2025-11-26 10:00:00+00:00,60532,156.448,156.679,156.32,156.655,156.462,156.697,156.333,156.673
2025-11-26 14:00:00+00:00,53495,156.656,156.731,156.28,156.398,156.673,156.746,156.296,156.416
2025-11-26 18:00:00+00:00,20798,156.399,156.504,156.339,156.456,156.416,156.518,156.355,156.483
2025-11-26 22:00:00+00:00,29472,156.431,156.449,155.71,156.046,156.531,156.54,155.729,156.061
2025-11-27 02:00:00+00:00,27363,156.043,156.178,155.807,155.985,156.059,156.194,155.821,156.003
2025-11-27 06:00:00+00:00,30544,155.984,156.396,155.908,156.349,156.003,156.412,155.924,156.367
2025-11-27 10:00:00+00:00,21881,156.35,156.384,156.238,156.26,156.367,156.398,156.256,156.277
2025-11-27 14:00:00+00:00,15241,156.261,156.362,156.224,156.323,156.279,156.377,156.243,156.34
2025-11-27 18:00:00+00:00,4263,156.323,156.36,156.256,156.29,156.339,156.378,156.273,156.316
2025-11-27 22:00:00+00:00,25667,156.242,156.577,156.165,156.369,156.339,156.59,156.183,156.385
2025-11-28 02:00:00+00:00,134740,156.367,156.404,156.092,156.34,156.385,156.425,156.108,156.36
2025-11-28 06:00:00+00:00,134652,156.338,156.43,156.199,156.314,156.361,156.449,156.242,156.336
2025-11-28 10:00:00+00:00,79775,156.314,156.381,155.996,156.012,156.332,156.395,156.01,156.027
2025-11-28 14:00:00+00:00,61078,156.01,156.385,155.976,156.204,156.026,156.403,155.991,156.218
2025-11-28 18:00:00+00:00,25681,156.207,156.236,156.06,156.159,156.221,156.254,156.075,156.223
2025-11-30 22:00:00+00:00,49134,156.092,156.145,155.48,155.636,156.149,156.194,155.494,155.652
2025-12-01 02:00:00+00:00,33999,155.637,155.649,155.386,155.59,155.652,155.664,155.404,155.605
2025-12-01 06:00:00+00:00,53843,155.591,155.688,155.252,155.28,155.607,155.703,155.267,155.297
2025-12-01 10:00:00+00:00,56448,155.278,155.335,154.654,154.835,155.295,155.352,154.672,154.853
2025-12-01 14:00:00+00:00,63631,154.835,155.379,154.829,155.345,154.852,155.394,154.845,155.359
2025-12-01 18:00:00+00:00,21164,155.343,155.516,155.334,155.471,155.358,155.533,155.349,155.496
2025-12-01 22:00:00+00:00,23022,155.435,155.768,155.41,155.624,155.513,155.785,155.445,155.641
2025-12-02 02:00:00+00:00,25063,155.624,155.726,155.544,155.647,155.642,155.743,155.561,155.662
2025-12-02 06:00:00+00:00,40118,155.648,156.08,155.631,155.953,155.662,156.093,155.646,155.972
2025-12-02 10:00:00+00:00,35919,155.955,156.071,155.886,155.968,155.972,156.085,155.902,155.982
2025-12-02 14:00:00+00:00,61508,155.968,156.174,155.745,155.939,155.983,156.191,155.76,155.954
2025-12-02 18:00:00+00:00,32757,155.94,156.013,155.8,155.863,155.954,156.028,155.814,155.904
2025-12-02 22:00:00+00:00,19826,155.825,155.893,155.6,155.649,155.925,155.947,155.613,155.668
2025-12-03 02:00:00+00:00,20220,155.649,155.801,155.621,155.688,155.667,155.815,155.639,155.7
2025-12-03 06:00:00+00:00,38826,155.688,155.748,155.504,155.613,155.701,155.766,155.52,155.631
2025-12-03 10:00:00+00:00,43026,155.611,155.636,155.201,155.481,155.629,155.652,155.239,155.499
2025-12-03 14:00:00+00:00,77389,155.483,155.593,155.002,155.122,155.5,155.661,155.018,155.135
2025-12-03 18:00:00+00:00,23935,155.121,155.312,155.066,155.217,155.135,155.329,155.08,155.241
2025-12-03 22:00:00+00:00,26421,155.221,155.407,155.015,155.254,155.316,155.425,155.03,155.27
2025-12-04 02:00:00+00:00,35059,155.253,155.535,155.178,155.215,155.27,155.551,155.193,155.232
2025-12-04 06:00:00+00:00,53195,155.215,155.445,154.766,154.809,155.233,155.46,154.784,154.821
2025-12-04 10:00:00+00:00,57182,154.808,155.052,154.501,154.796,154.821,155.073,154.517,154.813
2025-12-04 14:00:00+00:00,65079,154.795,154.961,154.548,154.93,154.813,154.975,154.563,154.947
2025-12-04 18:00:00+00:00,37426,154.932,155.138,154.889,155.11,154.947,155.154,154.904,155.13
2025-12-04 22:00:00+00:00,23323,155.03,155.225,154.908,155.009,155.128,155.238,154.925,155.027
2025-12-05 02:00:00+00:00,32331,155.007,155.151,154.536,154.593,155.025,155.168,154.554,154.609
2025-12-05 06:00:00+00:00,52368,154.589,154.959,154.334,154.906,154.606,154.975,154.352,154.925
2025-12-05 10:00:00+00:00,41426,154.908,155.258,154.882,155.19,154.926,155.273,154.899,155.207
2025-12-05 14:00:00+00:00,55059,155.19,155.485,155.107,155.279,155.206,155.502,155.123,155.294
2025-12-05 18:00:00+00:00,17525,155.28,155.37,155.232,155.29,155.294,155.409,155.25,155.389
2025-12-07 22:00:00+00:00,29597,155.169,155.38,154.905,154.913,155.269,155.393,154.923,154.929
2025-12-08 02:00:00+00:00,30729,154.909,155.259,154.893,155.193,154.924,155.276,154.908,155.21
2025-12-08 06:00:00+00:00,40100,155.195,155.536,155.096,155.468,155.211,155.555,155.113,155.486
2025-12-08 10:00:00+00:00,38113,155.467,155.654,155.402,155.619,155.484,155.671,155.419,155.638
2025-12-08 14:00:00+00:00,58044,155.618,155.978,155.382,155.742,155.636,155.994,155.4,155.761
2025-12-08 18:00:00+00:00,23498,155.742,155.953,155.696,155.914,155.759,155.97,155.714,155.941
2025-12-08 22:00:00+00:00,22223,155.825,156.031,155.759,155.792,155.925,156.047,155.775,155.807
2025-12-09 02:00:00+00:00,27307,155.793,156.106,155.737,156.003,155.807,156.125,155.752,156.02
2025-12-09 06:00:00+00:00,47979,156.003,156.426,155.951,156.078,156.022,156.443,155.969,156.095
2025-12-09 10:00:00+00:00,48474,156.079,156.507,156.036,156.333,156.097,156.525,156.054,156.352
2025-12-09 14:00:00+00:00,60956,156.333,156.918,156.303,156.91,156.351,156.935,156.322,156.927
2025-12-09 18:00:00+00:00,21930,156.911,156.949,156.804,156.879,156.927,156.964,156.819,156.908
2025-12-09 22:00:00+00:00,22900,156.788,156.931,156.662,156.704,156.888,156.953,156.678,156.717
2025-12-10 02:00:00+00:00,19873,156.705,156.721,156.552,156.7,156.719,156.736,156.567,156.715
2025-12-10 06:00:00+00:00,34283,156.7,156.882,156.572,156.811,156.714,156.897,156.59,156.827
2025-12-10 10:00:00+00:00,33599,156.811,156.852,156.543,156.545,156.828,156.867,156.557,156.557
2025-12-10 14:00:00+00:00,43253,156.543,156.623,156.239,156.301,156.557,156.638,156.257,156.314
2025-12-10 18:00:00+00:00,77253,156.301,156.674,155.785,155.996,156.317,156.694,155.804,156.05
2025-12-10 22:00:00+00:00,31283,155.909,156.015,155.562,155.711,156.009,156.074,155.578,155.727
2025-12-11 02:00:00+00:00,34634,155.71,156.065,155.478,156.057,155.725,156.081,155.496,156.076
2025-12-11 06:00:00+00:00,45522,156.058,156.156,155.777,155.858,156.076,156.173,155.792,155.875
2025-12-11 10:00:00+00:00,52533,155.858,155.943,155.222,155.279,155.873,155.959,155.238,155.294
2025-12-11 14:00:00+00:00,63188,155.278,155.29,154.937,155.234,155.296,155.306,154.953,155.249
2025-12-11 18:00:00+00:00,34804,155.235,155.665,155.205,155.563,155.249,155.682,155.223,155.582
2025-12-11 22:00:00+00:00,30692,155.556,155.765,155.438,155.66,155.608,155.778,155.456,155.675
2025-12-12 02:00:00+00:00,23272,155.66,155.765,155.624,155.734,155.677,155.781,155.641,155.752
2025-12-12 06:00:00+00:00,38791,155.736,155.904,155.534,155.879,155.752,155.919,155.549,155.897
2025-12-12 10:00:00+00:00,30671,155.88,156.122,155.765,156.04,155.897,156.137,155.781,156.053
2025-12-12 14:00:00+00:00,56242,156.04,156.094,155.67,155.775,156.054,156.109,155.683,155.789
2025-12-12 18:00:00+00:00,25225,155.774,155.931,155.711,155.819,155.789,155.948,155.726,155.856
2025-12-14 22:00:00+00:00,18874,155.827,155.98,155.596,155.605,155.927,155.994,155.612,155.622
2025-12-15 02:00:00+00:00,30682,155.61,155.644,155.024,155.026,155.624,155.658,155.037,155.043
2025-12-15 06:00:00+00:00,39935,155.026,155.287,154.929,154.958,155.044,155.304,154.946,154.974
2025-12-15 10:00:00+00:00,31108,154.959,155.153,154.845,155.153,154.976,155.169,154.862,155.169
2025-12-15 14:00:00+00:00,51990,155.155,155.362,154.828,155.302,155.171,155.376,154.845,155.318
2025-12-15 18:00:00+00:00,15620,155.302,155.392,155.185,155.193,155.316,155.408,155.201,155.22
2025-12-15 22:00:00+00:00,35323,155.167,155.234,154.729,154.856,155.267,155.3,154.743,154.873
2025-12-16 02:00:00+00:00,35137,154.854,154.917,154.676,154.835,154.871,154.933,154.692,154.852
2025-12-16 06:00:00+00:00,40499,154.837,154.971,154.764,154.829,154.853,154.987,154.779,154.847
2025-12-16 10:00:00+00:00,55764,154.829,154.899,154.388,154.71,154.846,154.913,154.404,154.726
2025-12-16 14:00:00+00:00,81937,154.707,154.99,154.457,154.672,154.726,155.007,154.473,154.69
2025-12-16 18:00:00+00:00,33122,154.673,154.913,154.56,154.707,154.69,154.94,154.579,154.735
2025-12-16 22:00:00+00:00,29812,154.698,154.865,154.507,154.668,154.724,154.883,154.519,154.686
2025-12-17 02:00:00+00:00,33328,154.667,155.166,154.667,155.144,154.686,155.185,154.684,155.159
2025-12-17 06:00:00+00:00,42612,155.144,155.591,155.119,155.524,155.16,155.607,155.136,155.54
2025-12-17 10:00:00+00:00,38170,155.524,155.631,155.376,155.429,155.541,155.649,155.394,155.446
2025-12-17 14:00:00+00:00,52198,155.429,155.626,155.343,155.526,155.445,155.641,155.358,155.541
2025-12-17 18:00:00+00:00,20933,155.527,155.744,155.487,155.683,155.543,155.761,155.504,155.703
2025-12-17 22:00:00+00:00,25322,155.609,155.768,155.417,155.763,155.687,155.782,155.434,155.78
2025-12-18 02:00:00+00:00,26378,155.762,155.88,155.656,155.801,155.78,155.895,155.67,155.818
2025-12-18 06:00:00+00:00,35614,155.799,155.948,155.762,155.921,155.814,155.964,155.778,155.939
2025-12-18 10:00:00+00:00,49859,155.922,155.972,155.373,155.587,155.939,155.984,155.386,155.601
2025-12-18 14:00:00+00:00,61471,155.585,155.688,155.274,155.634,155.6,155.702,155.293,155.649
2025-12-18 18:00:00+00:00,20980,155.632,155.702,155.486,155.55,155.644,155.718,155.502,155.574
2025-12-18 22:00:00+00:00,20890,155.481,155.788,155.452,155.733,155.581,155.802,155.53,155.749
2025-12-19 02:00:00+00:00,44757,155.735,156.164,155.576,155.989,155.748,156.198,155.6,156.001
2025-12-19 06:00:00+00:00,64523,155.989,157.205,155.839,157.195,156.002,157.222,155.86,157.21
2025-12-19 10:00:00+00:00,35842,157.195,157.394,157.124,157.319,157.211,157.41,157.142,157.334
2025-12-19 14:00:00+00:00,48868,157.317,157.663,156.922,157.429,157.333,157.678,156.942,157.447
2025-12-19 18:00:00+00:00,24510,157.43,157.773,157.393,157.703,157.447,157.806,157.41,157.743
2025-12-21 22:00:00+00:00,41386,157.497,157.705,157.246,157.286,157.597,157.724,157.264,157.301
2025-12-22 02:00:00+00:00,24277,157.285,157.464,157.221,157.356,157.301,157.481,157.239,157.372
2025-12-22 06:00:00+00:00,31039,157.356,157.563,157.262,157.455,157.374,157.58,157.277,157.469
2025-12-22 10:00:00+00:00,39658,157.454,157.458,156.86,157.18,157.469,157.475,156.883,157.197
2025-12-22 14:00:00+00:00,44605,157.179,157.217,156.697,156.841,157.197,157.232,156.713,156.856
2025-12-22 18:00:00+00:00,21398,156.84,157.04,156.84,157.026,156.856,157.063,156.856,157.045
2025-12-22 22:00:00+00:00,24544,156.968,157.033,156.413,156.454,157.068,157.091,156.431,156.47
2025-12-23 02:00:00+00:00,36277,156.455,156.475,155.906,156.004,156.47,156.493,155.92,156.02
2025-12-23 06:00:00+00:00,48877,156.003,156.182,155.642,155.962,156.02,156.197,155.658,155.979
2025-12-23 10:00:00+00:00,42767,155.96,156.358,155.856,156.332,155.978,156.376,155.875,156.35
2025-12-23 14:00:00+00:00,53525,156.33,156.536,156.199,156.288,156.349,156.554,156.214,156.307
2025-12-23 18:00:00+00:00,19522,156.289,156.336,156.17,156.214,156.304,156.353,156.188,156.257
2025-12-23 22:00:00+00:00,37107,156.208,156.276,155.591,155.647,156.308,156.314,155.611,155.664
2025-12-24 02:00:00+00:00,32965,155.646,156.06,155.547,155.791,155.664,156.075,155.563,155.806
2025-12-24 06:00:00+00:00,45259,155.79,155.962,155.654,155.827,155.806,155.981,155.669,155.843
2025-12-24 10:00:00+00:00,39937,155.827,156.064,155.813,156.004,155.845,156.082,155.828,156.021
2025-12-24 14:00:00+00:00,43514,156.003,156.029,155.672,155.963,156.021,156.045,155.689,155.981
2025-12-24 18:00:00+00:00,16686,155.963,156.012,155.795,155.908,155.982,156.029,155.872,155.996
2025-12-25 22:00:00+00:00,35129,155.89,156.485,155.741,156.275,155.99,156.5,155.76,156.294
2025-12-26 02:00:00+00:00,28798,156.275,156.301,155.98,156.198,156.293,156.319,155.997,156.214
2025-12-26 06:00:00+00:00,31368,156.197,156.465,156.082,156.454,156.214,156.484,156.101,156.469
2025-12-26 10:00:00+00:00,31399,156.455,156.482,156.218,156.315,156.473,156.497,156.238,156.333
2025-12-26 14:00:00+00:00,45922,156.315,156.72,156.268,156.559,156.334,156.741,156.285,156.583
2025-12-26 18:00:00+00:00,30316,156.558,156.596,156.428,156.519,156.583,156.639,156.449,156.619
2025-12-28 22:00:00+00:00,38011,156.476,156.528,156.049,156.305,156.576,156.627,156.064,156.322
2025-12-29 02:00:00+00:00,26840,156.313,156.505,156.236,156.301,156.326,156.52,156.251,156.317
2025-12-29 06:00:00+00:00,35157,156.303,156.391,156.044,156.316,156.32,156.41,156.06,156.335
2025-12-29 10:00:00+00:00,31419,156.318,156.417,156.186,156.224,156.337,156.433,156.203,156.242
2025-12-29 14:00:00+00:00,47026,156.223,156.282,155.908,156.177,156.24,156.301,155.924,156.193
2025-12-29 18:00:00+00:00,16466,156.179,156.241,155.98,156.032,156.194,156.257,155.993,156.052
2025-12-29 22:00:00+00:00,26956,156.019,156.322,155.917,156.219,156.119,156.337,155.935,156.232
2025-12-30 02:00:00+00:00,30585,156.217,156.33,156.006,156.035,156.232,156.349,156.019,156.051
2025-12-30 06:00:00+00:00,37140,156.034,156.097,155.848,155.914,156.051,156.114,155.865,155.932
2025-12-30 10:00:00+00:00,38735,155.916,156.208,155.736,156.189,155.935,156.221,155.753,156.204
2025-12-30 14:00:00+00:00,38025,156.19,156.56,156.115,156.331,156.204,156.576,156.133,156.343
2025-12-30 18:00:00+00:00,22385,156.33,156.518,156.303,156.41,156.344,156.532,156.318,156.432
2025-12-30 22:00:00+00:00,15332,156.317,156.459,156.311,156.425,156.417,156.477,156.341,156.443
2025-12-31 02:00:00+00:00,18328,156.425,156.631,156.415,156.584,156.445,156.65,156.433,156.602
2025-12-31 06:00:00+00:00,30700,156.584,156.646,156.5,156.625,156.603,156.663,156.518,156.641
2025-12-31 10:00:00+00:00,37858,156.623,156.828,156.543,156.803,156.641,156.845,156.561,156.822
2025-12-31 14:00:00+00:00,59838,156.804,156.989,156.637,156.816,156.822,157.004,156.651,156.837
2025-12-31 18:00:00+00:00,23891,156.815,156.914,156.608,156.663,156.838,156.932,156.624,156.706
2026-01-01 22:00:00+00:00,11884,156.675,156.876,156.512,156.626,156.775,156.898,156.531,156.644
2026-01-02 02:00:00+00:00,11942,156.627,156.937,156.585,156.903,156.644,156.955,156.604,156.921
2026-01-02 06:00:00+00:00,29688,156.903,156.993,156.761,156.905,156.922,157.008,156.778,156.923
2026-01-02 10:00:00+00:00,26383,156.903,156.996,156.795,156.9,156.922,157.012,156.813,156.915
2026-01-02 14:00:00+00:00,40789,156.9,156.914,156.554,156.763,156.914,156.931,156.57,156.781
2026-01-02 18:00:00+00:00,16695,156.765,156.949,156.756,156.81,156.781,156.965,156.773,156.864
2026-01-04 22:00:00+00:00,35228,156.706,157.244,156.667,157.006,156.806,157.26,156.73,157.023
2026-01-05 02:00:00+00:00,27853,157.008,157.292,156.943,157.176,157.023,157.308,156.96,157.193
2026-01-05 06:00:00+00:00,41840,157.179,157.226,156.681,156.92,157.194,157.244,156.697,156.935
2026-01-05 10:00:00+00:00,44411,156.92,156.97,156.46,156.816,156.934,156.988,156.475,156.832
2026-01-05 14:00:00+00:00,54248,156.815,156.847,156.259,156.323,156.832,156.865,156.277,156.341
2026-01-05 18:00:00+00:00,20039,156.324,156.417,156.108,156.389,156.341,156.433,156.123,156.42
2026-01-05 22:00:00+00:00,27031,156.334,156.79,156.275,156.448,156.42,156.805,156.375,156.46
2026-01-06 02:00:00+00:00,27589,156.447,156.494,156.232,156.424,156.459,156.512,156.249,156.437
2026-01-06 06:00:00+00:00,42530,156.422,156.477,156.158,156.368,156.438,156.493,156.171,156.387
2026-01-06 10:00:00+00:00,43183,156.368,156.574,156.272,156.364,156.388,156.59,156.289,156.378
2026-01-06 14:00:00+00:00,46825,156.365,156.737,156.294,156.682,156.377,156.751,156.308,156.701
2026-01-06 18:00:00+00:00,16578,156.682,156.742,156.562,156.652,156.7,156.758,156.578,156.674
2026-01-06 22:00:00+00:00,21842,156.611,156.803,156.533,156.711,156.657,156.818,156.549,156.729
2026-01-07 02:00:00+00:00,23018,156.713,156.721,156.358,156.379,156.729,156.741,156.375,156.395
2026-01-07 06:00:00+00:00,30762,156.381,156.578,156.287,156.455,156.395,156.594,156.301,156.472
2026-01-07 10:00:00+00:00,27834,156.457,156.581,156.353,156.411,156.472,156.615,156.37,156.427
2026-01-07 14:00:00+00:00,46455,156.41,156.795,156.385,156.611,156.427,156.81,156.401,156.63
2026-01-07 18:00:00+00:00,16114,156.612,156.796,156.587,156.749,156.63,156.811,156.605,156.765
2026-01-07 22:00:00+00:00,17511,156.725,156.937,156.605,156.905,156.77,156.953,156.669,156.921
2026-01-08 02:00:00+00:00,20657,156.905,156.947,156.624,156.662,156.92,156.964,156.642,156.681
2026-01-08 06:00:00+00:00,34782,156.662,156.777,156.451,156.738,156.68,156.792,156.467,156.754
2026-01-08 10:00:00+00:00,24321,156.739,156.956,156.657,156.956,156.754,156.973,156.674,156.973
2026-01-08 14:00:00+00:00,37735,156.958,157.065,156.767,156.804,156.975,157.081,156.783,156.818
2026-01-08 18:00:00+00:00,14408,156.803,156.985,156.787,156.872,156.818,157.002,156.805,156.891
2026-01-08 22:00:00+00:00,19262,156.796,157.161,156.745,157.154,156.896,157.179,156.84,157.171
2026-01-09 02:00:00+00:00,21541,157.155,157.383,157.113,157.368,157.171,157.401,157.131,157.387
2026-01-09 06:00:00+00:00,29399,157.368,157.729,157.332,157.701,157.386,157.743,157.349,157.717
2026-01-09 10:00:00+00:00,40123,157.704,157.827,157.367,157.481,157.721,157.862,157.382,157.498
2026-01-09 14:00:00+00:00,72355,157.482,158.181,157.363,158.045,157.497,158.196,157.379,158.061
2026-01-09 18:00:00+00:00,20670,158.046,158.06,157.827,157.915,158.061,158.077,157.843,157.951
2026-01-11 22:00:00+00:00,31405,158.039,158.202,157.51,157.743,158.114,158.218,157.524,157.759
2026-01-12 02:00:00+00:00,21722,157.741,158.177,157.662,157.999,157.757,158.195,157.678,158.015
2026-01-12 06:00:00+00:00,33601,158.0,158.062,157.668,157.887,158.014,158.078,157.685,157.903
2026-01-12 10:00:00+00:00,30299,157.888,157.954,157.701,157.837,157.903,157.972,157.716,157.852
2026-01-12 14:00:00+00:00,39178,157.838,158.166,157.826,158.081,157.852,158.184,157.841,158.095
2026-01-12 18:00:00+00:00,14204,158.081,158.195,158.046,158.15,158.096,158.208,158.062,158.17
2026-01-12 22:00:00+00:00,30672,158.079,158.495,157.887,158.476,158.176,158.513,157.907,158.494
2026-01-13 02:00:00+00:00,30822,158.476,158.913,158.328,158.776,158.493,158.931,158.345,158.795
2026-01-13 06:00:00+00:00,34902,158.779,159.042,158.723,158.882,158.794,159.059,158.743,158.899
2026-01-13 10:00:00+00:00,37641,158.883,158.95,158.574,158.874,158.899,158.981,158.589,158.891
2026-01-13 14:00:00+00:00,53573,158.877,159.185,158.796,159.018,158.891,159.2,158.813,159.03
2026-01-13 18:00:00+00:00,17001,159.018,159.169,158.993,159.163,159.031,159.185,159.009,159.18
2026-01-13 22:00:00+00:00,21729,159.117,159.446,159.067,159.33,159.175,159.462,159.104,159.348
2026-01-14 02:00:00+00:00,23699,159.332,159.384,159.074,159.329,159.349,159.403,159.089,159.343
2026-01-14 06:00:00+00:00,45413,159.329,159.342,158.658,158.755,159.341,159.358,158.677,158.77
2026-01-14 10:00:00+00:00,53519,158.753,158.816,158.114,158.59,158.77,158.833,158.151,158.606
2026-01-14 14:00:00+00:00,66931,158.59,158.666,158.088,158.295,158.607,158.684,158.101,158.309
2026-01-14 18:00:00+00:00,25596,158.296,158.595,158.295,158.406,158.31,158.61,158.31,158.464
2026-01-14 22:00:00+00:00,31459,158.39,158.568,158.182,158.348,158.456,158.586,158.235,158.363
2026-01-15 02:00:00+00:00,28759,158.362,158.639,158.3,158.426,158.38,158.656,158.319,158.442
2026-01-15 06:00:00+00:00,42381,158.424,158.726,158.295,158.393,158.442,158.741,158.311,158.408
2026-01-15 10:00:00+00:00,32631,158.391,158.849,158.339,158.819,158.407,158.866,158.355,158.837
2026-01-15 14:00:00+00:00,46138,158.821,158.872,158.406,158.501,158.837,158.89,158.422,158.519
2026-01-15 18:00:00+00:00,24129,158.501,158.669,158.457,158.611,158.518,158.684,158.473,158.633
2026-01-15 22:00:00+00:00,18432,158.583,158.696,158.463,158.594,158.683,158.715,158.481,158.609
2026-01-16 02:00:00+00:00,33092,158.593,158.626,157.945,158.37,158.609,158.641,157.964,158.388
2026-01-16 06:00:00+00:00,38238,158.37,158.444,158.003,158.188,158.389,158.461,158.018,158.206
2026-01-16 10:00:00+00:00,35569,158.189,158.218,157.937,158.011,158.205,158.234,157.951,158.027
2026-01-16 14:00:00+00:00,52357,158.01,158.262,157.814,158.135,158.025,158.276,157.831,158.151
2026-01-16 18:00:00+00:00,15786,158.134,158.237,158.032,158.06,158.151,158.254,158.048,158.146
2026-01-18 22:00:00+00:00,44271,157.892,157.941,157.415,157.68,157.947,157.998,157.434,157.695
2026-01-19 02:00:00+00:00,28044,157.678,157.94,157.675,157.893,157.695,157.957,157.693,157.909
2026-01-19 06:00:00+00:00,42871,157.894,158.159,157.737,157.917,157.909,158.175,157.753,157.933
2026-01-19 10:00:00+00:00,28666,157.918,158.1,157.82,157.917,157.933,158.117,157.836,157.935
2026-01-19 14:00:00+00:00,21792,157.919,158.132,157.855,158.023,157.936,158.146,157.871,158.043
2026-01-19 18:00:00+00:00,3890,158.023,158.147,157.997,158.114,158.042,158.162,158.016,158.14
2026-01-19 22:00:00+00:00,29475,158.037,158.275,157.84,157.943,158.137,158.292,157.856,157.958
2026-01-20 02:00:00+00:00,30109,157.943,158.12,157.891,158.091,157.959,158.134,157.906,158.108
2026-01-20 06:00:00+00:00,74807,158.092,158.597,157.548,157.726,158.108,158.613,157.567,157.742
2026-01-20 10:00:00+00:00,65305,157.722,157.967,157.46,157.834,157.739,157.985,157.482,157.853
2026-01-20 14:00:00+00:00,66746,157.834,158.102,157.73,157.949,157.852,158.118,157.75,157.966
2026-01-20 18:00:00+00:00,26826,157.951,158.295,157.945,158.13,157.967,158.308,157.96,158.145
2026-01-20 22:00:00+00:00,29935,158.101,158.274,157.851,157.952,158.194,158.288,157.866,157.97
2026-01-21 02:00:00+00:00,30791,157.954,158.232,157.879,158.199,157.972,158.249,157.897,158.214
2026-01-21 06:00:00+00:00,38811,158.196,158.249,157.814,157.996,158.213,158.267,157.831,158.012
2026-01-21 10:00:00+00:00,43777,157.997,158.081,157.739,157.878,158.012,158.097,157.756,157.895
2026-01-21 14:00:00+00:00,80208,157.879,158.303,157.864,158.134,157.895,158.318,157.883,158.152
2026-01-21 18:00:00+00:00,38537,158.135,158.526,158.108,158.281,158.152,158.541,158.125,158.308
2026-01-21 22:00:00+00:00,25760,158.275,158.487,158.171,158.342,158.35,158.504,158.188,158.361
2026-01-22 02:00:00+00:00,25890,158.341,158.727,158.332,158.709,158.361,158.743,158.35,158.724
2026-01-22 06:00:00+00:00,36530,158.711,158.885,158.602,158.688,158.725,158.902,158.619,158.703
2026-01-22 10:00:00+00:00,46433,158.69,158.857,158.528,158.695,158.705,158.906,158.543,158.71
2026-01-22 14:00:00+00:00,55478,158.696,158.753,158.229,158.303,158.71,158.772,158.244,158.317
2026-01-22 18:00:00+00:00,24442,158.303,158.468,158.272,158.418,158.318,158.484,158.287,158.44
2026-01-22 22:00:00+00:00,21355,158.359,158.656,158.344,158.633,158.459,158.672,158.375,158.648
2026-01-23 02:00:00+00:00,22719,158.631,158.736,158.466,158.619,158.646,158.756,158.484,158.634
2026-01-23 06:00:00+00:00,83843,158.62,159.218,157.293,157.996,158.634,159.237,157.341,158.015
2026-01-23 10:00:00+00:00,34929,157.997,158.309,157.984,158.262,158.015,158.328,158.002,158.277
2026-01-23 14:00:00+00:00,79125,158.261,158.332,156.116,156.354,158.277,158.35,156.137,156.369
2026-01-23 18:00:00+00:00,60346,156.356,156.627,155.596,155.714,156.37,156.648,155.613,155.757
2026-01-25 22:00:00+00:00,68658,154.853,155.341,154.179,154.417,154.9,155.358,154.236,154.435
2026-01-26 02:00:00+00:00,65943,154.418,154.474,153.803,154.1,154.435,154.494,153.82,154.118
2026-01-26 06:00:00+00:00,98105,154.099,154.414,153.387,153.662,154.118,154.43,153.408,153.678
2026-01-26 10:00:00+00:00,69482,153.66,154.335,153.293,154.05,153.678,154.35,153.314,154.066
2026-01-26 14:00:00+00:00,61615,154.052,154.127,153.609,153.965,154.067,154.144,153.626,153.98
2026-01-26 18:00:00+00:00,37865,153.963,154.269,153.857,154.206,153.979,154.286,153.869,154.236
2026-01-26 22:00:00+00:00,32407,154.131,154.447,154.097,154.342,154.231,154.467,154.123,154.359
2026-01-27 02:00:00+00:00,35283,154.343,154.637,154.079,154.496,154.358,154.652,154.093,154.513
2026-01-27 06:00:00+00:00,60056,154.494,154.872,153.164,153.731,154.512,154.888,153.183,153.755
2026-01-27 10:00:00+00:00,93134,153.736,154.189,152.985,153.238,153.756,154.21,153.002,153.259
2026-01-27 14:00:00+00:00,77521,153.238,153.369,152.601,152.762,153.26,153.385,152.618,152.78
2026-01-27 18:00:00+00:00,60670,152.761,152.879,152.079,152.163,152.78,152.897,152.1,152.245
2026-01-27 22:00:00+00:00,45482,152.201,152.989,152.156,152.984,152.301,153.006,152.238,153.002
2026-01-28 02:00:00+00:00,43052,152.985,153.063,152.469,152.622,153.002,153.083,152.485,152.639
2026-01-28 06:00:00+00:00,68770,152.62,152.8,152.271,152.708,152.639,152.819,152.289,152.726
2026-01-28 10:00:00+00:00,56608,152.707,152.907,152.338,152.843,152.724,152.924,152.358,152.858
2026-01-28 14:00:00+00:00,101779,152.841,153.78,152.644,153.525,152.858,153.798,152.66,153.54
2026-01-28 18:00:00+00:00,62451,153.525,154.042,153.293,153.398,153.539,154.06,153.309,153.41
2026-01-28 22:00:00+00:00,50180,153.355,153.422,152.762,153.252,153.455,153.48,152.777,153.27
2026-01-29 02:00:00+00:00,45207,153.261,153.386,152.896,153.012,153.273,153.4,152.912,153.03
2026-01-29 06:00:00+00:00,55136,153.012,153.452,152.914,153.307,153.029,153.468,152.933,153.325
2026-01-29 10:00:00+00:00,56835,153.304,153.53,153.168,153.326,153.322,153.548,153.189,153.342
2026-01-29 14:00:00+00:00,112522,153.325,153.506,152.672,152.899,153.342,153.523,152.691,152.915
2026-01-29 18:00:00+00:00,41507,152.899,153.208,152.897,153.102,152.916,153.223,152.912,153.127
2026-01-29 22:00:00+00:00,48752,152.925,153.784,152.855,153.747,153.025,153.802,152.875,153.765
2026-01-30 02:00:00+00:00,67672,153.747,154.133,153.644,153.912,153.767,154.153,153.662,153.93
2026-01-30 06:00:00+00:00,80038,153.911,154.281,153.702,154.272,153.928,154.293,153.721,154.291
2026-01-30 10:00:00+00:00,73540,154.273,154.379,153.79,154.357,154.291,154.399,153.807,154.375
2026-01-30 14:00:00+00:00,92935,154.357,154.756,154.157,154.437,154.374,154.772,154.173,154.453
2026-01-30 18:00:00+00:00,60477,154.442,154.79,154.281,154.764,154.456,154.809,154.298,154.799
2026-02-01 22:00:00+00:00,60912,154.863,155.504,154.814,155.033,154.943,155.52,154.833,155.048
2026-02-02 02:00:00+00:00,62934,155.032,155.139,154.748,154.887,155.046,155.156,154.763,154.901
2026-02-02 06:00:00+00:00,72067,154.875,155.063,154.544,154.766,154.887,155.084,154.56,154.781
2026-02-02 10:00:00+00:00,52833,154.767,155.29,154.702,155.219,154.781,155.306,154.72,155.237
2026-02-02 14:00:00+00:00,72202,155.217,155.694,155.134,155.5,155.237,155.714,155.153,155.516
2026-02-02 18:00:00+00:00,34167,155.5,155.781,155.494,155.592,155.517,155.799,155.512,155.62
2026-02-02 22:00:00+00:00,41699,155.635,155.635,155.402,155.461,155.684,155.684,155.422,155.48
2026-02-03 02:00:00+00:00,42459,155.462,155.549,155.288,155.422,155.482,155.567,155.301,155.439
2026-02-03 06:00:00+00:00,52903,155.424,155.87,155.298,155.865,155.439,155.887,155.317,155.882
2026-02-03 10:00:00+00:00,39539,155.865,155.977,155.763,155.876,155.883,155.993,155.78,155.895
2026-02-03 14:00:00+00:00,59842,155.878,156.079,155.518,155.716,155.895,156.094,155.538,155.73
2026-02-03 18:00:00+00:00,33437,155.716,155.802,155.598,155.78,155.732,155.818,155.614,155.81
2026-02-03 22:00:00+00:00,29375,155.741,156.183,155.682,156.132,155.841,156.198,155.696,156.146
2026-02-04 02:00:00+00:00,27467,156.132,156.386,156.116,156.293,156.147,156.401,156.133,156.31
2026-02-04 06:00:00+00:00,36101,156.293,156.662,156.226,156.639,156.312,156.68,156.245,156.656
2026-02-04 10:00:00+00:00,46126,156.639,156.851,156.453,156.471,156.655,156.865,156.473,156.487
2026-02-04 14:00:00+00:00,70084,156.471,156.729,156.345,156.665,156.488,156.747,156.364,156.68
2026-02-04 18:00:00+00:00,37279,156.666,156.939,156.624,156.847,156.682,156.957,156.642,156.893
2026-02-04 22:00:00+00:00,25378,156.765,156.979,156.699,156.854,156.865,156.996,156.718,156.873
2026-02-05 02:00:00+00:00,36108,156.853,156.981,156.677,156.97,156.873,156.998,156.698,156.987
2026-02-05 06:00:00+00:00,59878,156.972,157.331,156.845,157.321,156.988,157.347,156.864,157.337
2026-02-05 10:00:00+00:00,79517,157.318,157.328,156.517,156.587,157.33,157.346,156.536,156.605
2026-02-05 14:00:00+00:00,86164,156.588,157.014,156.54,156.798,156.604,157.026,156.56,156.815
2026-02-05 18:00:00+00:00,25502,156.796,157.088,156.761,157.028,156.814,157.105,156.776,157.06
2026-02-05 22:00:00+00:00,45971,156.948,157.046,156.501,156.65,157.048,157.107,156.523,156.666
2026-02-06 02:00:00+00:00,30218,156.65,156.821,156.585,156.753,156.667,156.84,156.604,156.77
2026-02-06 06:00:00+00:00,45345,156.754,157.068,156.666,157.042,156.77,157.086,156.682,157.061
2026-02-06 10:00:00+00:00,34939,157.043,157.148,156.895,156.926,157.063,157.166,156.912,156.943
2026-02-06 14:00:00+00:00,48981,156.925,157.124,156.776,157.045,156.944,157.143,156.792,157.061
2026-02-06 18:00:00+00:00,20442,157.045,157.26,156.993,157.221,157.062,157.288,157.011,157.258
2026-02-08 22:00:00+00:00,68655,157.502,157.653,156.202,156.623,157.558,157.672,156.221,156.642
2026-02-09 02:00:00+00:00,35611,156.622,156.928,156.513,156.602,156.644,156.952,156.531,156.62
2026-02-09 06:00:00+00:00,72293,156.603,156.775,156.284,156.636,156.62,156.788,156.302,156.651
2026-02-09 10:00:00+00:00,83663,156.634,156.742,155.903,155.923,156.651,156.756,155.922,155.94
2026-02-09 14:00:00+00:00,60489,155.922,156.137,155.514,155.954,155.94,156.154,155.532,155.973
2026-02-09 18:00:00+00:00,23069,155.956,156.023,155.632,155.887,155.975,156.042,155.648,155.911
2026-02-09 22:00:00+00:00,30564,155.81,156.286,155.665,155.725,155.91,156.304,155.683,155.744
2026-02-10 02:00:00+00:00,38208,155.724,155.83,155.078,155.298,155.744,155.844,155.095,155.314
2026-02-10 06:00:00+00:00,45023,155.3,155.629,155.241,155.279,155.316,155.645,155.257,155.294
2026-02-10 10:00:00+00:00,54509,155.278,155.3,154.723,154.754,155.294,155.318,154.739,154.77
2026-02-10 14:00:00+00:00,74811,154.752,154.791,154.046,154.372,154.771,154.807,154.064,154.389
2026-02-10 18:00:00+00:00,22527,154.371,154.581,154.237,154.368,154.389,154.596,154.252,154.388
2026-02-10 22:00:00+00:00,24046,154.35,154.513,153.829,153.975,154.45,154.53,153.844,153.991
2026-02-11 02:00:00+00:00,33656,153.974,153.974,152.99,153.035,153.989,153.99,153.007,153.051
2026-02-11 06:00:00+00:00,55864,153.036,153.403,152.791,153.2,153.051,153.417,152.807,153.217
2026-02-11 10:00:00+00:00,78553,153.201,154.646,152.81,153.829,153.217,154.665,152.893,153.848
2026-02-11 14:00:00+00:00,94459,153.83,153.958,152.54,152.823,153.848,153.976,152.561,152.838
2026-02-11 18:00:00+00:00,34886,152.822,153.307,152.559,153.25,152.838,153.327,152.572,153.289
2026-02-11 22:00:00+00:00,36584,153.123,153.438,152.782,152.846,153.223,153.456,152.801,152.859
2026-02-12 02:00:00+00:00,50052,152.847,153.186,152.261,153.096,152.861,153.201,152.279,153.112
2026-02-12 06:00:00+00:00,74215,153.096,153.546,152.796,152.905,153.114,153.561,152.811,152.923
2026-02-12 10:00:00+00:00,54984,152.906,153.754,152.895,153.259,152.923,153.77,152.908,153.277
2026-02-12 14:00:00+00:00,97745,153.259,153.391,152.358,152.845,153.279,153.409,152.373,152.864
2026-02-12 18:00:00+00:00,37196,152.843,152.984,152.659,152.724,152.863,152.999,152.678,152.751
2026-02-12 22:00:00+00:00,38144,152.729,153.341,152.63,153.259,152.776,153.359,152.706,153.278
2026-02-13 02:00:00+00:00,35518,153.256,153.391,152.835,153.289,153.275,153.408,152.853,153.301
2026-02-13 06:00:00+00:00,52674,153.289,153.659,153.106,153.498,153.303,153.677,153.123,153.517
2026-02-13 10:00:00+00:00,62737,153.499,153.586,152.906,153.059,153.517,153.605,152.931,153.077
2026-02-13 14:00:00+00:00,78686,153.059,153.22,152.587,152.8,153.078,153.232,152.604,152.816
2026-02-13 18:00:00+00:00,22612,152.799,152.879,152.618,152.685,152.814,152.897,152.635,152.737
2026-02-15 22:00:00+00:00,26682,152.678,153.157,152.582,153.013,152.778,153.175,152.672,153.031
2026-02-16 02:00:00+00:00,23160,153.012,153.24,152.963,153.189,153.031,153.256,152.981,153.206
2026-02-16 06:00:00+00:00,29010,153.19,153.608,153.069,153.563,153.208,153.626,153.087,153.582
2026-02-16 10:00:00+00:00,24138,153.564,153.63,153.292,153.329,153.582,153.647,153.307,153.343
2026-02-16 14:00:00+00:00,19754,153.329,153.565,153.247,153.463,153.344,153.582,153.262,153.483
2026-02-16 18:00:00+00:00,3867,153.463,153.532,153.444,153.505,153.481,153.549,153.46,153.535
2026-02-16 22:00:00+00:00,34178,153.412,153.752,153.123,153.141,153.512,153.771,153.143,153.157
2026-02-17 02:00:00+00:00,40830,153.141,153.252,152.894,152.95,153.155,153.27,152.908,152.962
2026-02-17 06:00:00+00:00,45831,152.947,153.176,152.692,152.9,152.959,153.191,152.709,152.915
2026-02-17 10:00:00+00:00,46513,152.9,153.382,152.844,153.269,152.912,153.402,152.859,153.288
2026-02-17 14:00:00+00:00,68950,153.267,153.92,153.26,153.462,153.285,153.935,153.279,153.479
2026-02-17 18:00:00+00:00,23307,153.465,153.476,153.178,153.289,153.48,153.491,153.194,153.309
2026-02-17 22:00:00+00:00,25299,153.196,153.457,153.061,153.434,153.296,153.475,153.08,153.45
2026-02-18 02:00:00+00:00,22597,153.436,153.695,153.434,153.45,153.451,153.711,153.45,153.469
2026-02-18 06:00:00+00:00,29618,153.451,153.791,153.384,153.721,153.469,153.808,153.402,153.737
2026-02-18 10:00:00+00:00,34214,153.721,153.937,153.546,153.935,153.736,153.956,153.562,153.952
2026-02-18 14:00:00+00:00,45681,153.934,154.599,153.906,154.525,153.952,154.615,153.926,154.543
2026-02-18 18:00:00+00:00,32400,154.527,154.864,154.32,154.813,154.543,154.883,154.335,154.836
2026-02-18 22:00:00+00:00,25651,154.773,154.978,154.612,154.942,154.803,154.993,154.629,154.96
2026-02-19 02:00:00+00:00,36576,154.943,155.325,154.746,155.296,154.96,155.342,154.767,155.314
2026-02-19 06:00:00+00:00,38349,155.296,155.336,154.696,154.801,155.316,155.353,154.715,154.819
2026-02-19 10:00:00+00:00,40008,154.799,155.037,154.537,154.909,154.817,155.052,154.55,154.925
2026-02-19 14:00:00+00:00,60229,154.909,155.276,154.848,155.011,154.923,155.292,154.867,155.026
2026-02-19 18:00:00+00:00,23237,155.012,155.123,154.82,154.984,155.026,155.144,154.837,155.018
2026-02-19 22:00:00+00:00,30203,154.93,155.308,154.867,155.136,155.03,155.325,154.906,155.153
2026-02-20 02:00:00+00:00,27421,155.136,155.359,155.047,155.285,155.152,155.381,155.063,155.3
2026-02-20 06:00:00+00:00,43491,155.283,155.636,154.939,155.385,155.3,155.652,154.957,155.402
2026-02-20 10:00:00+00:00,39027,155.386,155.444,155.026,155.409,155.404,155.456,155.072,155.428
2026-02-20 14:00:00+00:00,95680,155.41,155.532,154.706,154.987,155.428,155.55,154.725,155.005
2026-02-20 18:00:00+00:00,37041,154.99,155.18,154.804,155.05,155.004,155.197,154.821,155.101
2026-02-22 22:00:00+00:00,38806,154.875,154.953,153.987,154.208,154.975,155.011,154.006,154.224
2026-02-23 02:00:00+00:00,29311,154.207,154.482,154.066,154.43,154.224,154.5,154.084,154.449
2026-02-23 06:00:00+00:00,42082,154.43,154.855,154.217,154.803,154.448,154.872,154.236,154.82
2026-02-23 10:00:00+00:00,40494,154.801,155.038,154.557,154.613,154.819,155.056,154.575,154.632
2026-02-23 14:00:00+00:00,53618,154.612,154.82,154.212,154.384,154.633,154.832,154.231,154.401
2026-02-23 18:00:00+00:00,20265,154.382,154.761,154.382,154.663,154.402,154.779,154.4,154.686
2026-02-23 22:00:00+00:00,27985,154.619,155.131,154.517,154.963,154.719,155.148,154.535,154.984
2026-02-24 02:00:00+00:00,30437,154.965,155.304,154.856,155.159,154.986,155.32,154.874,155.176
2026-02-24 06:00:00+00:00,61103,155.158,156.274,154.938,155.848,155.176,156.292,154.954,155.865
2026-02-24 10:00:00+00:00,39269,155.847,156.086,155.67,156.05,155.865,156.105,155.687,156.067
2026-02-24 14:00:00+00:00,49703,156.049,156.167,155.577,155.749,156.068,156.185,155.591,155.768
2026-02-24 18:00:00+00:00,16478,155.747,155.919,155.682,155.887,155.767,155.937,155.699,155.916
2026-02-24 22:00:00+00:00,23989,155.816,155.988,155.61,155.768,155.916,156.0,155.629,155.787
2026-02-25 02:00:00+00:00,50199,155.767,156.038,155.337,155.591,155.787,156.055,155.358,155.607
2026-02-25 06:00:00+00:00,45789,155.591,156.653,155.519,156.55,155.608,156.671,155.536,156.568
2026-02-25 10:00:00+00:00,30866,156.552,156.818,156.536,156.688,156.568,156.835,156.554,156.703
2026-02-25 14:00:00+00:00,48393,156.688,156.754,156.229,156.319,156.705,156.769,156.247,156.337
2026-02-25 18:00:00+00:00,19424,156.317,156.534,156.273,156.35,156.336,156.55,156.29,156.377
2026-02-25 22:00:00+00:00,29899,156.292,156.395,155.8,155.821,156.392,156.482,155.82,155.841
2026-02-26 02:00:00+00:00,36205,155.821,156.092,155.691,155.937,155.839,156.109,155.706,155.953
2026-02-26 06:00:00+00:00,41467,155.936,156.17,155.887,156.061,155.953,156.187,155.906,156.078
2026-02-26 10:00:00+00:00,29227,156.061,156.168,155.911,156.154,156.08,156.185,155.93,156.171
2026-02-26 14:00:00+00:00,55246,156.154,156.393,155.82,156.384,156.17,156.411,155.838,156.402
2026-02-26 18:00:00+00:00,21696,156.384,156.425,156.048,156.119,156.403,156.442,156.067,156.151
2026-02-26 22:00:00+00:00,38831,156.134,156.134,155.659,155.976,156.157,156.211,155.679,155.992
2026-02-27 02:00:00+00:00,27471,155.975,155.977,155.531,155.826,155.992,155.992,155.547,155.841
2026-02-27 06:00:00+00:00,39974,155.825,156.224,155.768,156.064,155.842,156.242,155.785,156.082
2026-02-27 10:00:00+00:00,36468,156.063,156.176,155.831,156.162,156.082,156.191,155.846,156.181
2026-02-27 14:00:00+00:00,51646,156.161,156.22,155.906,156.049,156.179,156.236,155.924,156.066
2026-02-27 18:00:00+00:00,21723,156.049,156.184,155.88,156.04,156.065,156.203,155.897,156.084
2026-03-01 22:00:00+00:00,57899,156.128,156.801,156.098,156.212,156.18,156.819,156.141,156.228
2026-03-02 02:00:00+00:00,48144,156.21,156.85,156.151,156.827,156.226,156.867,156.17,156.841
2026-03-02 06:00:00+00:00,66698,156.828,157.242,156.788,157.003,156.841,157.26,156.805,157.019
2026-03-02 10:00:00+00:00,48197,157.003,157.597,156.786,157.512,157.02,157.614,156.805,157.531
2026-03-02 14:00:00+00:00,62232,157.513,157.747,157.328,157.353,157.531,157.761,157.344,157.37
2026-03-02 18:00:00+00:00,37572,157.353,157.487,157.11,157.339,157.369,157.505,157.124,157.381
2026-03-02 22:00:00+00:00,34494,157.359,157.591,157.17,157.282,157.459,157.61,157.188,157.301
2026-03-03 02:00:00+00:00,38849,157.282,157.428,157.168,157.389,157.302,157.443,157.186,157.403
2026-03-03 06:00:00+00:00,62686,157.388,157.815,157.143,157.667,157.403,157.833,157.158,157.682
2026-03-03 10:00:00+00:00,63029,157.668,157.963,157.491,157.795,157.682,157.982,157.509,157.814
2026-03-03 14:00:00+00:00,84317,157.795,157.948,157.592,157.827,157.813,157.961,157.611,157.844
2026-03-03 18:00:00+00:00,43751,157.827,157.837,157.464,157.679,157.845,157.855,157.481,157.709
2026-03-03 22:00:00+00:00,38697,157.486,157.857,157.463,157.582,157.586,157.875,157.492,157.598
2026-03-04 02:00:00+00:00,35814,157.581,157.637,157.168,157.561,157.599,157.654,157.187,157.577
2026-03-04 06:00:00+00:00,51768,157.565,157.648,157.082,157.195,157.579,157.664,157.1,157.209
2026-03-04 10:00:00+00:00,60924,157.195,157.344,156.849,157.291,157.21,157.358,156.863,157.306
2026-03-04 14:00:00+00:00,60632,157.292,157.407,156.873,156.969,157.308,157.426,156.891,156.985
2026-03-04 18:00:00+00:00,23964,156.968,157.163,156.961,157.023,156.983,157.181,156.978,157.086
2026-03-04 22:00:00+00:00,32273,156.985,157.089,156.444,156.756,157.07,157.114,156.463,156.774
2026-03-05 02:00:00+00:00,40428,156.756,157.21,156.71,157.182,156.772,157.23,156.728,157.203
2026-03-05 06:00:00+00:00,68616,157.185,157.371,156.89,157.152,157.205,157.389,156.911,157.169
2026-03-05 10:00:00+00:00,47345,157.152,157.777,157.099,157.754,157.171,157.79,157.116,157.774
2026-03-05 14:00:00+00:00,65010,157.754,157.843,157.387,157.682,157.773,157.861,157.405,157.699
2026-03-05 18:00:00+00:00,42413,157.682,157.842,157.406,157.541,157.698,157.858,157.423,157.576
2026-03-05 22:00:00+00:00,34449,157.533,157.594,157.373,157.475,157.633,157.661,157.394,157.494
2026-03-06 02:00:00+00:00,27462,157.475,157.873,157.44,157.836,157.493,157.887,157.458,157.855
2026-03-06 06:00:00+00:00,41130,157.836,157.894,157.494,157.854,157.853,157.914,157.51,157.872
2026-03-06 10:00:00+00:00,65224,157.855,158.08,157.355,157.866,157.876,158.097,157.398,157.88
2026-03-06 14:00:00+00:00,84055,157.868,158.087,157.505,157.794,157.88,158.104,157.522,157.81
2026-03-06 18:00:00+00:00,39359,157.796,157.955,157.608,157.783,157.812,157.974,157.624,157.86
2026-03-08 21:00:00+00:00,49153,158.073,158.688,158.051,158.642,158.115,158.704,158.09,158.657
2026-03-09 01:00:00+00:00,46693,158.644,158.894,158.56,158.715,158.657,158.91,158.58,158.732
2026-03-09 05:00:00+00:00,73624,158.713,158.767,158.318,158.625,158.732,158.786,158.335,158.641
2026-03-09 09:00:00+00:00,78721,158.627,158.639,158.183,158.563,158.642,158.656,158.202,158.582
2026-03-09 13:00:00+00:00,84149,158.563,158.575,157.963,158.131,158.578,158.592,157.98,158.148
2026-03-09 17:00:00+00:00,56893,158.133,158.412,157.621,157.642,158.148,158.426,157.645,157.693
2026-03-09 21:00:00+00:00,41273,157.653,157.95,157.558,157.586,157.677,157.965,157.571,157.602
2026-03-10 01:00:00+00:00,40358,157.585,157.924,157.523,157.768,157.602,157.941,157.541,157.787
2026-03-10 05:00:00+00:00,48225,157.769,157.777,157.268,157.692,157.787,157.797,157.282,157.711
2026-03-10 09:00:00+00:00,56030,157.693,157.971,157.541,157.803,157.711,157.988,157.556,157.823
2026-03-10 13:00:00+00:00,60987,157.804,157.908,157.524,157.565,157.823,157.925,157.54,157.582
2026-03-10 17:00:00+00:00,65575,157.566,158.128,157.391,158.057,157.582,158.143,157.407,158.075
2026-03-10 21:00:00+00:00,20150,158.049,158.218,157.908,158.187,158.07,158.235,157.929,158.207
2026-03-11 01:00:00+00:00,36063,158.187,158.386,158.088,158.1,158.208,158.403,158.102,158.114
2026-03-11 05:00:00+00:00,47094,158.098,158.439,157.854,158.396,158.114,158.456,157.873,158.411
2026-03-11 09:00:00+00:00,55992,158.396,158.621,158.243,158.601,158.413,158.639,158.262,158.62
2026-03-11 13:00:00+00:00,65271,158.605,158.861,158.293,158.826,158.623,158.876,158.315,158.843
2026-03-11 17:00:00+00:00,29704,158.825,158.97,158.809,158.947,158.841,158.987,158.827,158.973
2026-03-11 21:00:00+00:00,24757,158.915,159.231,158.782,158.973,158.929,159.248,158.882,158.989
2026-03-12 01:00:00+00:00,31996,158.973,159.148,158.776,159.117,158.99,159.167,158.793,159.135
2026-03-12 05:00:00+00:00,39689,159.118,159.118,158.664,158.878,159.135,159.136,158.682,158.896
2026-03-12 09:00:00+00:00,41618,158.877,158.931,158.561,158.885,158.894,158.949,158.578,158.902
2026-03-12 13:00:00+00:00,73210,158.885,159.282,158.798,159.204,158.904,159.3,158.812,159.218
2026-03-12 17:00:00+00:00,37236,159.204,159.426,159.108,159.34,159.22,159.442,159.128,159.361
2026-03-12 21:00:00+00:00,36068,159.315,159.415,159.004,159.089,159.37,159.439,159.021,159.105
2026-03-13 01:00:00+00:00,44493,159.089,159.676,159.024,159.498,159.106,159.696,159.045,159.518
2026-03-13 05:00:00+00:00,53679,159.498,159.536,159.308,159.326,159.517,159.552,159.325,159.344
2026-03-13 09:00:00+00:00,46116,159.324,159.496,159.196,159.324,159.342,159.512,159.215,159.343
2026-03-13 13:00:00+00:00,67304,159.325,159.63,159.0,159.606,159.342,159.647,159.016,159.625
2026-03-13 17:00:00+00:00,27698,159.606,159.748,159.541,159.72,159.624,159.773,159.559,159.746
2026-03-15 21:00:00+00:00,28087,159.516,159.741,159.244,159.294,159.616,159.755,159.262,159.308
2026-03-16 01:00:00+00:00,30897,159.293,159.635,159.278,159.553,159.306,159.652,159.296,159.571
2026-03-16 05:00:00+00:00,42190,159.554,159.578,159.166,159.341,159.571,159.592,159.182,159.361
2026-03-16 09:00:00+00:00,41081,159.342,159.38,158.953,159.122,159.361,159.396,158.97,159.139
2026-03-16 13:00:00+00:00,51420,159.122,159.35,158.842,159.256,159.138,159.369,158.859,159.274
2026-03-16 17:00:00+00:00,35537,159.256,159.296,158.903,159.034,159.273,159.313,158.922,159.057
2026-03-16 21:00:00+00:00,16167,159.011,159.338,158.95,159.309,159.111,159.353,159.041,159.321
2026-03-17 01:00:00+00:00,24618,159.314,159.445,159.207,159.226,159.328,159.465,159.224,159.238
2026-03-17 05:00:00+00:00,30969,159.227,159.492,159.049,159.096,159.24,159.506,159.067,159.114
2026-03-17 09:00:00+00:00,34620,159.095,159.21,158.958,159.024,159.112,159.226,158.975,159.04
2026-03-17 13:00:00+00:00,56526,159.024,159.108,158.716,158.934,159.041,159.126,158.731,158.953
2026-03-17 17:00:00+00:00,19063,158.935,159.058,158.881,158.989,158.953,159.075,158.899,159.012
2026-03-17 21:00:00+00:00,22508,158.991,159.131,158.797,159.059,159.091,159.149,158.813,159.078
2026-03-18 01:00:00+00:00,23082,159.061,159.079,158.746,158.806,159.078,159.098,158.761,158.821
2026-03-18 05:00:00+00:00,34306,158.805,158.983,158.561,158.944,158.821,158.998,158.578,158.958
2026-03-18 09:00:00+00:00,40089,158.945,159.465,158.888,159.439,158.958,159.485,158.907,159.458
2026-03-18 13:00:00+00:00,57900,159.441,159.576,159.362,159.46,159.459,159.595,159.379,159.477
2026-03-18 17:00:00+00:00,50134,159.46,159.896,159.249,159.849,159.478,159.914,159.27,159.887
2026-03-18 21:00:00+00:00,28314,159.851,159.851,159.676,159.769,159.886,159.886,159.695,159.785
2026-03-19 01:00:00+00:00,30013,159.771,159.808,159.535,159.648,159.789,159.826,159.556,159.668
2026-03-19 05:00:00+00:00,66348,159.647,159.798,159.033,159.177,159.668,159.815,159.047,159.194
2026-03-19 09:00:00+00:00,64605,159.176,159.287,158.844,158.899,159.192,159.307,158.862,158.915
2026-03-19 13:00:00+00:00,105559,158.9,158.934,158.035,158.039,158.915,158.951,158.052,158.054
2026-03-19 17:00:00+00:00,55173,158.037,158.089,157.501,157.699,158.054,158.106,157.516,157.718
2026-03-19 21:00:00+00:00,18700,157.64,157.985,157.589,157.852,157.74,158.004,157.688,157.871
2026-03-20 01:00:00+00:00,27538,157.847,158.408,157.74,158.37,157.866,158.423,157.759,158.387
2026-03-20 05:00:00+00:00,33862,158.37,158.484,158.252,158.483,158.386,158.501,158.268,158.499
2026-03-20 09:00:00+00:00,52158,158.481,158.891,158.444,158.691,158.498,158.911,158.462,158.709
2026-03-20 13:00:00+00:00,69654,158.692,159.28,158.664,159.264,158.708,159.295,158.681,159.28
2026-03-20 17:00:00+00:00,41035,159.263,159.382,159.134,159.213,159.28,159.4,159.152,159.242
2026-03-22 21:00:00+00:00,30673,159.296,159.519,159.005,159.495,159.396,159.536,159.022,159.514
2026-03-23 01:00:00+00:00,37999,159.496,159.612,159.321,159.395,159.513,159.63,159.34,159.407
2026-03-23 05:00:00+00:00,51212,159.393,159.65,159.303,159.433,159.407,159.667,159.321,159.445
2026-03-23 09:00:00+00:00,165695,159.429,159.626,158.245,158.502,159.445,159.643,158.262,158.518
2026-03-23 13:00:00+00:00,132835,158.501,158.839,158.192,158.679,158.518,158.856,158.212,158.698
2026-03-23 17:00:00+00:00,41928,158.679,158.725,158.01,158.411,158.697,158.744,158.027,158.447
2026-03-23 21:00:00+00:00,30382,158.404,158.699,158.259,158.571,158.454,158.72,158.286,158.584
2026-03-24 01:00:00+00:00,40868,158.568,158.785,158.439,158.748,158.584,158.803,158.451,158.761
2026-03-24 05:00:00+00:00,53302,158.748,158.776,158.397,158.645,158.762,158.794,158.411,158.664
2026-03-24 09:00:00+00:00,48124,158.644,158.853,158.606,158.809,158.664,158.87,158.624,158.827
2026-03-24 13:00:00+00:00,74377,158.81,158.949,158.548,158.912,158.827,158.965,158.569,158.927
2026-03-24 17:00:00+00:00,63924,158.911,159.184,158.361,158.685,158.927,159.199,158.379,158.725
2026-03-24 21:00:00+00:00,32063,158.681,158.83,158.56,158.637,158.722,158.844,158.582,158.651
2026-03-25 01:00:00+00:00,28897,158.639,158.934,158.601,158.872,158.652,158.953,158.618,158.89
2026-03-25 05:00:00+00:00,39017,158.879,159.196,158.719,158.766,158.895,159.211,158.736,158.787
2026-03-25 09:00:00+00:00,49174,158.766,159.079,158.719,159.017,158.786,159.097,158.74,159.031
2026-03-25 13:00:00+00:00,64778,159.015,159.292,158.929,159.239,159.031,159.307,158.945,159.256
2026-03-25 17:00:00+00:00,26822,159.239,159.496,159.142,159.46,159.257,159.511,159.158,159.486
2026-03-25 21:00:00+00:00,16493,159.458,159.495,159.323,159.466,159.48,159.514,159.34,159.485
2026-03-26 01:00:00+00:00,24127,159.464,159.531,159.363,159.429,159.484,159.548,159.38,159.444
2026-03-26 05:00:00+00:00,30051,159.427,159.538,159.277,159.46,159.443,159.553,159.295,159.476
2026-03-26 09:00:00+00:00,30112,159.46,159.691,159.415,159.628,159.474,159.709,159.432,159.644
2026-03-26 13:00:00+00:00,60619,159.63,159.697,159.424,159.656,159.648,159.71,159.438,159.671
2026-03-26 17:00:00+00:00,36312,159.655,159.847,159.326,159.757,159.671,159.859,159.354,159.798
2026-03-26 21:00:00+00:00,18411,159.668,159.758,159.482,159.554,159.768,159.828,159.497,159.57
2026-03-27 01:00:00+00:00,20559,159.553,159.638,159.449,159.615,159.57,159.655,159.464,159.631
2026-03-27 05:00:00+00:00,30895,159.615,159.969,159.565,159.828,159.63,159.987,159.584,159.847
2026-03-27 09:00:00+00:00,30752,159.829,159.939,159.756,159.868,159.849,159.958,159.772,159.884
2026-03-27 13:00:00+00:00,57470,159.87,160.293,159.691,160.14,159.884,160.307,159.708,160.155
2026-03-27 17:00:00+00:00,29337,160.142,160.406,160.066,160.272,160.157,160.422,160.084,160.358
2026-03-29 21:00:00+00:00,32233,160.152,160.455,159.871,159.873,160.242,160.472,159.889,159.891
2026-03-30 01:00:00+00:00,30266,159.876,159.991,159.649,159.788,159.893,160.01,159.663,159.803
2026-03-30 05:00:00+00:00,43128,159.787,159.85,159.564,159.681,159.803,159.866,159.581,159.697
2026-03-30 09:00:00+00:00,43715,159.68,159.72,159.332,159.364,159.697,159.737,159.351,159.382
2026-03-30 13:00:00+00:00,47597,159.364,159.633,159.319,159.437,159.383,159.65,159.334,159.453
2026-03-30 17:00:00+00:00,23507,159.439,159.738,159.413,159.727,159.453,159.757,159.427,159.757
2026-03-30 21:00:00+00:00,33977,159.67,159.933,159.638,159.873,159.77,159.952,159.693,159.891
2026-03-31 01:00:00+00:00,34392,159.872,159.969,159.583,159.615,159.892,159.981,159.6,159.631
2026-03-31 05:00:00+00:00,35139,159.614,159.779,159.474,159.566,159.631,159.798,159.492,159.586
2026-03-31 09:00:00+00:00,48496,159.566,159.766,159.337,159.361,159.585,159.782,159.351,159.377
2026-03-31 13:00:00+00:00,80639,159.361,159.437,158.814,158.944,159.375,159.453,158.83,158.961
2026-03-31 17:00:00+00:00,44904,158.943,158.994,158.648,158.71,158.959,159.012,158.666,158.739
2026-03-31 21:00:00+00:00,33036,158.722,158.836,158.444,158.78,158.822,158.925,158.462,158.795
2026-04-01 01:00:00+00:00,34652,158.781,159.006,158.577,158.777,158.794,159.022,158.592,158.794
2026-04-01 05:00:00+00:00,61898,158.778,158.913,158.265,158.572,158.793,158.93,158.284,158.591
2026-04-01 09:00:00+00:00,52243,158.574,158.764,158.309,158.524,158.593,158.782,158.326,158.54
2026-04-01 13:00:00+00:00,70008,158.524,158.75,158.401,158.548,158.541,158.793,158.417,158.563
2026-04-01 17:00:00+00:00,31883,158.548,158.939,158.441,158.779,158.561,158.956,158.458,158.802
2026-04-01 21:00:00+00:00,25616,158.758,158.777,158.536,158.661,158.858,158.877,158.554,158.681
2026-04-02 01:00:00+00:00,62823,158.663,159.467,158.596,159.339,158.682,159.486,158.619,159.355
2026-04-02 05:00:00+00:00,43854,159.339,159.707,159.297,159.673,159.356,159.726,159.312,159.688
2026-04-02 09:00:00+00:00,36112,159.672,159.739,159.538,159.623,159.688,159.755,159.555,159.643
2026-04-02 13:00:00+00:00,69903,159.623,159.684,159.223,159.502,159.642,159.701,159.239,159.522
2026-04-02 17:00:00+00:00,26239,159.505,159.72,159.486,159.556,159.522,159.735,159.504,159.656
2026-04-02 21:00:00+00:00,14781,159.547,159.624,159.421,159.589,159.647,159.647,159.439,159.606
2026-04-03 01:00:00+00:00,14786,159.588,159.712,159.531,159.614,159.606,159.725,159.546,159.632
2026-04-03 05:00:00+00:00,19088,159.615,159.686,159.537,159.599,159.632,159.703,159.557,159.619
2026-04-03 09:00:00+00:00,50769,159.599,159.818,159.523,159.61,159.62,159.849,159.54,159.63
2026-04-03 13:00:00+00:00,17174,159.609,159.643,159.477,159.624,159.631,159.661,159.497,159.647
2026-04-03 17:00:00+00:00,7107,159.625,159.669,159.475,159.582,159.647,159.769,159.535,159.682
2026-04-05 21:00:00+00:00,30463,159.591,159.823,159.427,159.741,159.691,159.845,159.513,159.76
2026-04-06 01:00:00+00:00,28477,159.738,159.738,159.519,159.562,159.756,159.756,159.538,159.581
2026-04-06 05:00:00+00:00,32085,159.562,159.703,159.294,159.382,159.579,159.721,159.314,159.398
2026-04-06 09:00:00+00:00,29406,159.382,159.58,159.34,159.4,159.396,159.597,159.355,159.419
2026-04-06 13:00:00+00:00,49234,159.4,159.796,159.389,159.671,159.418,159.814,159.405,159.691
2026-04-06 17:00:00+00:00,26373,159.671,159.789,159.583,159.67,159.69,159.808,159.604,159.702
2026-04-06 21:00:00+00:00,18068,159.671,159.834,159.556,159.823,159.716,159.85,159.584,159.838
2026-04-07 01:00:00+00:00,21782,159.822,159.927,159.723,159.729,159.838,159.941,159.742,159.748
2026-04-07 05:00:00+00:00,36627,159.73,159.873,159.472,159.483,159.747,159.89,159.489,159.501
2026-04-07 09:00:00+00:00,43497,159.484,159.868,159.458,159.772,159.501,159.884,159.478,159.79
2026-04-07 13:00:00+00:00,52023,159.771,160.023,159.716,159.899,159.79,160.041,159.733,159.918
2026-04-07 17:00:00+00:00,43732,159.898,159.949,159.496,159.56,159.918,159.965,159.512,159.66
2026-04-07 21:00:00+00:00,69743,159.564,159.753,158.538,158.686,159.664,159.81,158.555,158.703
2026-04-08 01:00:00+00:00,52208,158.686,158.706,158.286,158.346,158.704,158.727,158.302,158.363
2026-04-08 05:00:00+00:00,55183,158.348,158.481,158.041,158.368,158.363,158.5,158.057,158.384
2026-04-08 09:00:00+00:00,48053,158.368,158.529,157.94,158.01,158.382,158.548,157.958,158.026
2026-04-08 13:00:00+00:00,73789,158.009,158.49,157.878,158.416,158.027,158.508,157.897,158.431
2026-04-08 17:00:00+00:00,40214,158.415,158.789,158.372,158.519,158.432,158.806,158.388,158.619
2026-04-08 21:00:00+00:00,20257,158.503,158.865,158.442,158.852,158.603,158.88,158.518,158.868
2026-04-09 01:00:00+00:00,24977,158.85,158.944,158.635,158.729,158.867,158.963,158.652,158.745
2026-04-09 05:00:00+00:00,31156,158.73,159.104,158.709,158.994,158.747,159.118,158.725,159.012
2026-04-09 09:00:00+00:00,36586,158.995,159.107,158.831,158.993,159.014,159.124,158.847,159.012
2026-04-09 13:00:00+00:00,63339,158.994,159.291,158.622,158.757,159.012,159.308,158.638,158.771
2026-04-09 17:00:00+00:00,27548,158.758,159.124,158.67,158.986,158.77,159.142,158.688,159.01
2026-04-09 21:00:00+00:00,16452,158.914,159.237,158.903,159.178,158.993,159.254,158.978,159.193
2026-04-10 01:00:00+00:00,21679,159.18,159.221,159.015,159.177,159.195,159.239,159.032,159.193
2026-04-10 05:00:00+00:00,25327,159.178,159.377,159.176,159.31,159.193,159.389,159.191,159.327
2026-04-10 09:00:00+00:00,35786,159.309,159.324,158.85,159.148,159.327,159.34,158.931,159.165
2026-04-10 13:00:00+00:00,47917,159.149,159.344,159.028,159.263,159.165,159.361,159.042,159.277
2026-04-10 17:00:00+00:00,19370,159.264,159.335,159.225,159.225,159.277,159.352,159.247,159.325
2026-04-12 21:00:00+00:00,27254,159.547,159.851,159.509,159.698,159.644,159.867,159.572,159.713
2026-04-13 01:00:00+00:00,20693,159.696,159.778,159.647,159.718,159.712,159.795,159.665,159.735
2026-04-13 05:00:00+00:00,30420,159.718,159.745,159.552,159.703,159.737,159.763,159.57,159.72
2026-04-13 09:00:00+00:00,31946,159.703,159.856,159.638,159.737,159.719,159.872,159.656,159.753
2026-04-13 13:00:00+00:00,59824,159.737,159.794,159.45,159.521,159.75,159.812,159.469,159.533
2026-04-13 17:00:00+00:00,31590,159.519,159.53,159.282,159.428,159.532,159.546,159.299,159.462
2026-04-13 21:00:00+00:00,16997,159.372,159.425,159.134,159.157,159.472,159.472,159.153,159.177
2026-04-14 01:00:00+00:00,24216,159.157,159.259,159.004,159.022,159.176,159.276,159.022,159.04
2026-04-14 05:00:00+00:00,35698,159.023,159.277,158.94,159.06,159.04,159.293,158.955,159.076
2026-04-14 09:00:00+00:00,40067,159.059,159.085,158.691,158.707,159.076,159.104,158.708,158.723
2026-04-14 13:00:00+00:00,50294,158.707,158.927,158.595,158.83,158.725,158.946,158.609,158.845
2026-04-14 17:00:00+00:00,18476,158.831,158.905,158.68,158.784,158.847,158.919,158.696,158.819
2026-04-14 21:00:00+00:00,27301,158.769,158.877,158.731,158.81,158.833,158.893,158.747,158.823
2026-04-15 01:00:00+00:00,24273,158.81,159.059,158.809,158.977,158.822,159.077,158.822,158.996
2026-04-15 05:00:00+00:00,32948,158.977,159.023,158.636,158.77,158.994,159.038,158.651,158.789
2026-04-15 09:00:00+00:00,47799,158.772,159.144,158.71,159.099,158.789,159.162,158.725,159.116
2026-04-15 13:00:00+00:00,47260,159.1,159.114,158.743,158.876,159.116,159.13,158.761,158.891
2026-04-15 17:00:00+00:00,23246,158.875,159.115,158.871,158.963,158.891,159.13,158.888,158.975
2026-04-15 21:00:00+00:00,17099,158.987,158.987,158.71,158.724,159.022,159.048,158.724,158.741
2026-04-16 01:00:00+00:00,33491,158.722,158.818,158.256,158.706,158.741,158.836,158.272,158.723
2026-04-16 05:00:00+00:00,32693,158.706,159.053,158.691,158.978,158.721,159.068,158.708,158.996
2026-04-16 09:00:00+00:00,33836,158.978,159.128,158.873,159.105,158.997,159.141,158.889,159.123
2026-04-16 13:00:00+00:00,54898,159.105,159.302,158.981,159.171,159.124,159.317,159.0,159.188
2026-04-16 17:00:00+00:00,20877,159.17,159.284,159.089,159.129,159.186,159.301,159.107,159.161
2026-04-16 21:00:00+00:00,12031,159.132,159.354,159.014,159.323,159.232,159.371,159.035,159.34
2026-04-17 01:00:00+00:00,17828,159.323,159.475,159.291,159.462,159.341,159.492,159.313,159.479
2026-04-17 05:00:00+00:00,34146,159.463,159.522,159.134,159.135,159.481,159.541,159.15,159.151
2026-04-17 09:00:00+00:00,46868,159.134,159.22,158.396,158.409,159.152,159.237,158.414,158.424
2026-04-17 13:00:00+00:00,108220,158.407,158.508,157.582,158.034,158.423,158.529,157.597,158.052
2026-04-17 17:00:00+00:00,37388,158.032,158.632,158.032,158.603,158.052,158.674,158.049,158.629
2026-04-19 21:00:00+00:00,25673,158.775,159.195,158.76,158.998,158.844,159.214,158.817,159.013
2026-04-20 01:00:00+00:00,24924,158.998,159.009,158.783,158.89,159.016,159.026,158.799,158.907
2026-04-20 05:00:00+00:00,46583,158.889,159.069,158.72,158.974,158.908,159.085,158.736,158.992
2026-04-20 09:00:00+00:00,42680,158.973,159.023,158.752,158.872,158.989,159.043,158.769,158.888
2026-04-20 13:00:00+00:00,65696,158.872,158.93,158.542,158.646,158.887,158.947,158.56,158.661
2026-04-20 17:00:00+00:00,26851,158.646,158.919,158.603,158.811,158.659,158.933,158.618,158.839
2026-04-20 21:00:00+00:00,23550,158.736,158.985,158.712,158.942,158.836,159.002,158.743,158.961
2026-04-21 01:00:00+00:00,16141,158.944,158.988,158.902,158.949,158.962,159.006,158.922,158.966
2026-04-21 05:00:00+00:00,35291,158.949,159.21,158.786,159.166,158.967,159.226,158.804,159.185
2026-04-21 09:00:00+00:00,32506,159.166,159.248,159.011,159.17,159.184,159.265,159.027,159.188
2026-04-21 13:00:00+00:00,55786,159.17,159.499,159.009,159.458,159.189,159.516,159.027,159.475
2026-04-21 17:00:00+00:00,59634,159.457,159.633,159.158,159.389,159.475,159.652,159.179,159.434
2026-04-21 21:00:00+00:00,27832,159.348,159.452,159.166,159.284,159.409,159.499,159.183,159.301
2026-04-22 01:00:00+00:00,22414,159.283,159.395,159.218,159.335,159.302,159.411,159.236,159.354
2026-04-22 05:00:00+00:00,39674,159.335,159.363,159.096,159.348,159.353,159.378,159.111,159.365
2026-04-22 09:00:00+00:00,41382,159.351,159.366,159.141,159.352,159.365,159.381,159.159,159.369
2026-04-22 13:00:00+00:00,56530,159.353,159.523,159.103,159.499,159.369,159.542,159.12,159.516
2026-04-22 17:00:00+00:00,19728,159.497,159.567,159.407,159.458,159.513,159.585,159.425,159.496
2026-04-22 21:00:00+00:00,26520,159.463,159.682,159.29,159.323,159.527,159.698,159.306,159.34
2026-04-23 01:00:00+00:00,31301,159.32,159.577,159.288,159.537,159.338,159.595,159.302,159.555
2026-04-23 05:00:00+00:00,30960,159.538,159.691,159.505,159.685,159.555,159.708,159.523,159.702
2026-04-23 09:00:00+00:00,50548,159.689,159.774,159.428,159.498,159.704,159.79,159.443,159.514
2026-04-23 13:00:00+00:00,52369,159.499,159.612,159.307,159.449,159.514,159.64,159.323,159.465
2026-04-23 17:00:00+00:00,64551,159.449,159.84,159.445,159.739,159.464,159.854,159.461,159.759
2026-04-23 21:00:00+00:00,14970,159.622,159.802,159.584,159.785,159.722,159.819,159.671,159.803
2026-04-24 01:00:00+00:00,20249,159.786,159.835,159.72,159.771,159.803,159.849,159.736,159.785
2026-04-24 05:00:00+00:00,32440,159.772,159.81,159.595,159.712,159.785,159.825,159.612,159.73
2026-04-24 09:00:00+00:00,47654,159.712,159.765,159.332,159.545,159.728,159.782,159.345,159.562
2026-04-24 13:00:00+00:00,64315,159.544,159.647,159.305,159.352,159.558,159.661,159.322,159.365
2026-04-24 17:00:00+00:00,24501,159.35,159.461,159.3,159.308,159.365,159.475,159.316,159.389
2026-04-26 21:00:00+00:00,13211,159.515,159.59,159.441,159.472,159.615,159.651,159.458,159.49
2026-04-27 01:00:00+00:00,33925,159.472,159.472,159.143,159.228,159.489,159.489,159.159,159.247
2026-04-27 05:00:00+00:00,32714,159.229,159.476,159.105,159.143,159.247,159.489,159.119,159.159
2026-04-27 09:00:00+00:00,29603,159.143,159.265,159.087,159.222,159.16,159.282,159.104,159.236
2026-04-27 13:00:00+00:00,41462,159.224,159.381,159.1,159.379,159.236,159.395,159.115,159.395
2026-04-27 17:00:00+00:00,19448,159.38,159.456,159.34,159.414,159.395,159.472,159.356,159.436
2026-04-27 21:00:00+00:00,11904,159.392,159.478,159.303,159.46,159.492,159.497,159.317,159.479
2026-04-28 01:00:00+00:00,30006,159.461,159.562,158.953,159.075,159.479,159.577,158.968,159.093
2026-04-28 05:00:00+00:00,44889,159.076,159.683,159.023,159.467,159.095,159.698,159.041,159.485
2026-04-28 09:00:00+00:00,41576,159.466,159.781,159.408,159.455,159.485,159.796,159.423,159.473
2026-04-28 13:00:00+00:00,65631,159.457,159.745,159.424,159.552,159.473,159.757,159.442,159.568
2026-04-28 17:00:00+00:00,19452,159.554,159.681,159.504,159.604,159.569,159.698,159.517,159.627
2026-04-28 21:00:00+00:00,10300,159.519,159.614,159.509,159.541,159.6,159.687,159.528,159.558
2026-04-29 01:00:00+00:00,22330,159.539,159.657,159.518,159.632,159.558,159.674,159.535,159.645
2026-04-29 05:00:00+00:00,33527,159.632,159.781,159.599,159.777,159.644,159.797,159.615,159.792
2026-04-29 09:00:00+00:00,31350,159.778,159.972,159.732,159.971,159.792,159.989,159.745,159.986
2026-04-29 13:00:00+00:00,66222,159.969,160.316,159.944,160.305,159.983,160.337,159.959,160.318
2026-04-29 17:00:00+00:00,59765,160.303,160.467,160.139,160.439,160.318,160.49,160.175,160.459
2026-04-29 21:00:00+00:00,22048,160.385,160.431,160.065,160.288,160.451,160.491,160.084,160.304
2026-04-30 01:00:00+00:00,39371,160.292,160.575,160.202,160.529,160.304,160.59,160.22,160.545
2026-04-30 05:00:00+00:00,68720,160.528,160.717,159.444,159.58,160.545,160.734,159.463,159.597
2026-04-30 09:00:00+00:00,199472,159.579,159.59,155.542,156.815,159.593,159.606,155.565,156.834
2026-04-30 13:00:00+00:00,95401,156.816,156.953,156.189,156.571,156.831,156.971,156.214,156.587
2026-04-30 17:00:00+00:00,47243,156.57,156.693,156.298,156.615,156.587,156.71,156.318,156.633
2026-04-30 21:00:00+00:00,30451,156.46,157.297,156.46,157.073,156.56,157.317,156.56,157.091
2026-05-01 01:00:00+00:00,35938,157.073,157.321,156.983,157.238,157.093,157.338,157.002,157.256
2026-05-01 05:00:00+00:00,77116,157.239,157.294,155.473,156.466,157.256,157.311,155.496,156.484
2026-05-01 09:00:00+00:00,44561,156.467,156.754,156.378,156.586,156.484,156.771,156.394,156.603
2026-05-01 13:00:00+00:00,83300,156.587,156.938,156.322,156.936,156.605,156.954,156.346,156.954
2026-05-01 17:00:00+00:00,32746,156.936,157.113,156.845,157.062,156.953,157.162,156.865,157.115
2026-05-03 21:00:00+00:00,17937,156.708,156.988,156.664,156.9,156.805,157.006,156.697,156.92
2026-05-04 01:00:00+00:00,62072,156.901,157.242,155.693,156.722,156.92,157.259,155.71,156.74
2026-05-04 05:00:00+00:00,43695,156.723,156.974,156.521,156.945,156.742,156.994,156.543,156.961
2026-05-04 09:00:00+00:00,59139,156.944,157.196,156.882,157.13,156.961,157.213,156.903,157.151
2026-05-04 13:00:00+00:00,80610,157.131,157.297,156.918,157.263,157.149,157.315,156.935,157.278
2026-05-04 17:00:00+00:00,38914,157.263,157.279,156.536,157.239,157.279,157.297,156.553,157.26
2026-05-04 21:00:00+00:00,12488,157.168,157.264,157.107,157.204,157.26,157.288,157.159,157.223
2026-05-05 01:00:00+00:00,17512,157.204,157.299,157.179,157.28,157.221,157.311,157.196,157.298
2026-05-05 05:00:00+00:00,32769,157.28,157.294,157.065,157.273,157.297,157.311,157.088,157.287
2026-05-05 09:00:00+00:00,48040,157.272,157.889,157.093,157.762,157.287,157.906,157.116,157.779
2026-05-05 13:00:00+00:00,53093,157.761,157.82,157.599,157.784,157.779,157.84,157.616,157.797
2026-05-05 17:00:00+00:00,18345,157.784,157.913,157.761,157.884,157.799,157.929,157.78,157.907
2026-05-05 21:00:00+00:00,30002,157.845,157.925,157.535,157.586,157.931,157.956,157.553,157.606
2026-05-06 01:00:00+00:00,86499,157.588,157.885,155.02,155.924,157.606,157.903,155.04,155.955
2026-05-06 05:00:00+00:00,94448,155.928,156.56,155.72,155.971,155.955,156.575,155.739,155.994
2026-05-06 09:00:00+00:00,98791,155.971,156.297,155.606,156.273,155.993,156.315,155.624,156.289
2026-05-06 13:00:00+00:00,75135,156.275,156.483,156.04,156.421,156.289,156.498,156.059,156.438
2026-05-06 17:00:00+00:00,37014,156.421,156.507,156.288,156.355,156.439,156.523,156.305,156.386
2026-05-06 21:00:00+00:00,26076,156.301,156.52,156.212,156.315,156.401,156.536,156.226,156.331
2026-05-07 01:00:00+00:00,36751,156.316,156.429,156.017,156.349,156.33,156.445,156.031,156.367
2026-05-07 05:00:00+00:00,46219,156.35,156.406,156.015,156.318,156.367,156.421,156.03,156.336
2026-05-07 09:00:00+00:00,35778,156.319,156.467,156.236,156.278,156.338,156.485,156.249,156.293
2026-05-07 13:00:00+00:00,50107,156.278,156.64,156.16,156.627,156.294,156.657,156.178,156.646
2026-05-07 17:00:00+00:00,48600,156.627,156.947,156.6,156.918,156.644,156.969,156.617,156.958
2026-05-07 21:00:00+00:00,19526,156.835,156.986,156.696,156.963,156.935,157.0,156.796,156.977
2026-05-08 01:00:00+00:00,26257,156.962,156.971,156.76,156.841,156.977,156.986,156.778,156.857
2026-05-08 05:00:00+00:00,34863,156.841,156.88,156.629,156.697,156.858,156.893,156.644,156.715
2026-05-08 09:00:00+00:00,37838,156.697,156.823,156.513,156.634,156.714,156.848,156.53,156.65
2026-05-08 13:00:00+00:00,48215,156.634,156.699,156.426,156.691,156.651,156.715,156.443,156.708
2026-05-08 17:00:00+00:00,20352,156.693,156.768,156.584,156.658,156.708,156.788,156.601,156.714
2026-05-10 21:00:00+00:00,17830,156.56,157.057,156.507,156.929,156.66,157.071,156.607,156.944
2026-05-11 01:00:00+00:00,21178,156.93,157.168,156.916,157.117,156.944,157.186,156.932,157.133
2026-05-11 05:00:00+00:00,24673,157.118,157.143,156.94,157.082,157.135,157.16,156.958,157.098
2026-05-11 09:00:00+00:00,24696,157.082,157.155,157.057,157.111,157.097,157.17,157.071,157.127
2026-05-11 13:00:00+00:00,33758,157.109,157.157,156.974,157.152,157.127,157.173,156.987,157.169
2026-05-11 17:00:00+00:00,20390,157.151,157.266,157.086,157.216,157.167,157.281,157.101,157.236
2026-05-11 21:00:00+00:00,13870,157.117,157.427,157.104,157.415,157.205,157.445,157.178,157.429
2026-05-12 01:00:00+00:00,24778,157.414,157.648,157.369,157.578,157.429,157.663,157.384,157.595
2026-05-12 05:00:00+00:00,55437,157.579,157.743,156.711,157.61,157.595,157.76,156.74,157.628
2026-05-12 09:00:00+00:00,35322,157.612,157.662,157.488,157.547,157.629,157.674,157.504,157.562
2026-05-12 13:00:00+00:00,43294,157.548,157.758,157.473,157.745,157.562,157.776,157.49,157.76
2026-05-12 17:00:00+00:00,21044,157.746,157.746,157.511,157.598,157.76,157.762,157.527,157.632
2026-05-12 21:00:00+00:00,11430,157.561,157.764,157.535,157.703,157.661,157.777,157.572,157.72
2026-05-13 01:00:00+00:00,20435,157.704,157.775,157.56,157.711,157.72,157.791,157.572,157.728
2026-05-13 05:00:00+00:00,23573,157.712,157.842,157.67,157.801,157.73,157.856,157.686,157.817
2026-05-13 09:00:00+00:00,26706,157.801,157.894,157.737,157.84,157.819,157.935,157.754,157.855
2026-05-13 13:00:00+00:00,36221,157.839,157.89,157.74,157.848,157.855,157.905,157.756,157.864
2026-05-13 17:00:00+00:00,22052,157.848,157.918,157.825,157.883,157.861,157.936,157.842,157.904
2026-05-13 21:00:00+00:00,11487,157.83,157.867,157.639,157.847,157.88,157.911,157.739,157.862
2026-05-14 01:00:00+00:00,27531,157.847,157.991,157.498,157.86,157.863,158.005,157.519,157.877
2026-05-14 05:00:00+00:00,34696,157.861,157.942,157.8,157.894,157.879,157.96,157.816,157.91
2026-05-14 09:00:00+00:00,31377,157.895,157.989,157.868,157.963,157.91,158.003,157.882,157.979
2026-05-14 13:00:00+00:00,69170,157.964,158.197,157.292,158.16,157.979,158.214,157.331,158.175
2026-05-14 17:00:00+00:00,23916,158.16,158.415,158.127,158.373,158.174,158.433,158.145,158.396
2026-05-14 21:00:00+00:00,20165,158.301,158.507,158.254,158.464,158.37,158.523,158.333,158.478
2026-05-15 01:00:00+00:00,32054,158.464,158.587,158.414,158.509,158.477,158.599,158.435,158.524
2026-05-15 05:00:00+00:00,55445,158.51,158.668,158.346,158.554,158.523,158.685,158.36,158.568
2026-05-15 09:00:00+00:00,55152,158.554,158.597,158.285,158.568,158.567,158.614,158.302,158.581
2026-05-15 13:00:00+00:00,50942,158.566,158.739,158.525,158.699,158.578,158.755,158.542,158.716
2026-05-15 17:00:00+00:00,24482,158.698,158.84,158.636,158.76,158.716,158.854,158.652,158.792
2026-05-17 21:00:00+00:00,18475,158.63,158.947,158.561,158.926,158.73,158.966,158.661,158.943
2026-05-18 01:00:00+00:00,32721,158.926,159.067,158.799,158.978,158.942,159.084,158.816,158.994
2026-05-18 05:00:00+00:00,40855,158.979,158.994,158.784,158.818,158.994,159.008,158.799,158.836
2026-05-18 09:00:00+00:00,45397,158.817,158.95,158.605,158.682,158.836,158.969,158.62,158.699
2026-05-18 13:00:00+00:00,62111,158.683,158.94,158.638,158.924,158.699,158.955,158.654,158.94
2026-05-18 17:00:00+00:00,38865,158.924,159.075,158.736,158.846,158.941,159.089,158.755,158.87
2026-05-18 21:00:00+00:00,11666,158.785,159.014,158.715,159.003,158.879,159.03,158.77,159.021
2026-05-19 01:00:00+00:00,22924,159.003,159.023,158.884,158.988,159.023,159.039,158.899,159.004
2026-05-19 05:00:00+00:00,30910,158.988,159.141,158.944,159.135,159.003,159.155,158.961,159.149
2026-05-19 09:00:00+00:00,45756,159.135,159.172,158.64,159.063,159.15,159.189,158.657,159.076
2026-05-19 13:00:00+00:00,69456,159.061,159.244,158.771,158.816,159.076,159.261,158.786,158.832
2026-05-19 17:00:00+00:00,29120,158.816,159.101,158.778,159.068,158.833,159.115,158.793,159.091
2026-05-19 21:00:00+00:00,19448,159.042,159.098,158.947,158.99,159.097,159.128,158.962,159.008
2026-05-20 01:00:00+00:00,34178,158.989,159.086,158.812,158.974,159.008,159.102,158.829,158.988
2026-05-20 05:00:00+00:00,36974,158.976,159.095,158.863,159.037,158.991,159.11,158.879,159.053
2026-05-20 09:00:00+00:00,30059,159.036,159.072,158.95,159.009,159.053,159.088,158.968,159.024
2026-05-20 13:00:00+00:00,85034,159.009,159.161,158.58,158.828,159.025,159.177,158.597,158.845
2026-05-20 17:00:00+00:00,34403,158.827,158.954,158.773,158.922,158.845,158.975,158.79,158.946
2026-05-20 21:00:00+00:00,14069,158.888,158.924,158.794,158.858,158.939,158.948,158.837,158.875
2026-05-21 01:00:00+00:00,24190,158.857,158.997,158.8,158.99,158.873,159.011,158.815,159.006
2026-05-21 05:00:00+00:00,38432,158.991,159.08,158.896,158.972,159.006,159.097,158.91,158.99
2026-05-21 09:00:00+00:00,39820,158.972,159.181,158.903,159.154,158.991,159.199,158.92,159.17
2026-05-21 13:00:00+00:00,63242,159.153,159.338,159.111,159.134,159.17,159.356,159.127,159.15
2026-05-21 17:00:00+00:00,58625,159.134,159.166,158.811,158.976,159.151,159.184,158.828,159.003
2026-05-21 21:00:00+00:00,10659,158.882,159.118,158.88,159.084,158.976,159.139,158.974,159.101
2026-05-22 01:00:00+00:00,17943,159.084,159.116,158.994,159.062,159.099,159.133,159.01,159.079
2026-05-22 05:00:00+00:00,25943,159.062,159.137,159.049,159.083,159.08,159.154,159.063,159.1
2026-05-22 09:00:00+00:00,29736,159.083,159.142,159.05,159.071,159.099,159.159,159.069,159.088
2026-05-22 13:00:00+00:00,44842,159.071,159.226,158.984,159.166,159.087,159.243,159.001,159.185
2026-05-22 17:00:00+00:00,33237,159.167,159.206,159.054,159.194,159.184,159.227,159.073,159.218
2026-05-24 21:00:00+00:00,15105,158.782,158.964,158.778,158.893,158.852,159.06,158.837,158.907
2026-05-25 01:00:00+00:00,14210,158.892,158.909,158.75,158.854,158.906,158.925,158.767,158.872
2026-05-25 05:00:00+00:00,18911,158.854,159.035,158.838,158.909,158.871,159.051,158.853,158.926
2026-05-25 09:00:00+00:00,14218,158.908,158.952,158.873,158.895,158.926,158.969,158.889,158.912
2026-05-25 13:00:00+00:00,15996,158.897,158.944,158.875,158.892,158.912,158.96,158.89,158.908
2026-05-25 17:00:00+00:00,4917,158.889,158.937,158.879,158.915,158.908,158.954,158.897,158.943
2026-05-25 21:00:00+00:00,12962,158.854,158.987,158.819,158.963,158.954,159.001,158.905,158.98
2026-05-26 01:00:00+00:00,17071,158.964,159.019,158.904,158.996,158.98,159.032,158.92,159.013
2026-05-26 05:00:00+00:00,25236,158.997,159.233,158.965,159.204,159.013,159.249,158.982,159.219
2026-05-26 09:00:00+00:00,25348,159.203,159.221,159.1,159.22,159.219,159.238,159.115,159.237
2026-05-26 13:00:00+00:00,28110,159.22,159.375,159.218,159.299,159.236,159.391,159.234,159.316
2026-05-26 17:00:00+00:00,14213,159.301,159.374,159.278,159.301,159.319,159.389,159.294,159.328
2026-05-26 21:00:00+00:00,12656,159.286,159.304,159.17,159.274,159.311,159.356,159.186,159.288
2026-05-27 01:00:00+00:00,19454,159.272,159.299,159.181,159.237,159.284,159.316,159.196,159.251
2026-05-27 05:00:00+00:00,19557,159.237,159.438,159.223,159.388,159.252,159.453,159.239,159.403
2026-05-27 09:00:00+00:00,30321,159.387,159.444,159.241,159.412,159.403,159.458,159.255,159.428
2026-05-27 13:00:00+00:00,40401,159.409,159.531,159.363,159.491,159.427,159.545,159.376,159.506
2026-05-27 17:00:00+00:00,16920,159.491,159.573,159.486,159.507,159.507,159.589,159.501,159.53
2026-05-27 21:00:00+00:00,11130,159.451,159.595,159.417,159.55,159.515,159.611,159.478,159.563
2026-05-28 01:00:00+00:00,22650,159.551,159.645,159.512,159.57,159.566,159.662,159.531,159.584
2026-05-28 05:00:00+00:00,26657,159.57,159.577,159.434,159.451,159.585,159.591,159.45,159.464
2026-05-28 09:00:00+00:00,32327,159.45,159.465,159.301,159.362,159.464,159.479,159.325,159.379
2026-05-28 13:00:00+00:00,59012,159.361,159.486,159.103,159.157,159.374,159.501,159.121,159.172
2026-05-28 17:00:00+00:00,23098,159.156,159.281,159.14,159.236,159.172,159.296,159.156,159.256
2026-05-28 21:00:00+00:00,14669,159.182,159.316,159.171,159.283,159.243,159.333,159.23,159.297
2026-05-29 01:00:00+00:00,21057,159.282,159.373,159.245,159.294,159.296,159.387,159.262,159.311
2026-05-29 05:00:00+00:00,24676,159.294,159.328,159.193,159.289,159.31,159.343,159.209,159.304
2026-05-29 09:00:00+00:00,28164,159.289,159.314,159.23,159.252,159.303,159.329,159.246,159.265
2026-05-29 13:00:00+00:00,47844,159.251,159.35,159.091,159.193,159.265,159.366,159.106,159.208
2026-05-29 17:00:00+00:00,23295,159.192,159.297,159.176,159.261,159.208,159.314,159.19,159.281
2026-05-31 21:00:00+00:00,20935,159.346,159.462,159.288,159.449,159.391,159.48,159.305,159.463
2026-06-01 01:00:00+00:00,16970,159.453,159.491,159.433,159.451,159.465,159.506,159.449,159.467
2026-06-01 05:00:00+00:00,25346,159.453,159.493,159.401,159.444,159.468,159.509,159.417,159.46
2026-06-01 09:00:00+00:00,24272,159.444,159.49,159.427,159.48,159.461,159.504,159.444,159.495
2026-06-01 13:00:00+00:00,62451,159.48,159.758,159.479,159.597,159.494,159.773,159.494,159.612
2026-06-01 17:00:00+00:00,27168,159.597,159.755,159.564,159.663,159.613,159.771,159.579,159.682
2026-06-01 21:00:00+00:00,13767,159.639,159.719,159.58,159.657,159.685,159.742,159.619,159.674
2026-06-02 01:00:00+00:00,20133,159.657,159.723,159.63,159.72,159.672,159.739,159.647,159.738
2026-06-02 05:00:00+00:00,24359,159.721,159.74,159.65,159.734,159.738,159.756,159.665,159.751
2026-06-02 09:00:00+00:00,18784,159.736,159.778,159.69,159.776,159.751,159.795,159.706,159.792
2026-06-02 13:00:00+00:00,23254,159.775,159.939,159.759,159.899,159.79,159.956,159.774,159.916
2026-06-02 17:00:00+00:00,13956,159.898,159.981,159.882,159.928,159.917,159.996,159.896,159.949
2026-06-02 21:00:00+00:00,11853,159.875,159.991,159.837,159.933,159.899,160.006,159.899,159.948
2026-06-03 01:00:00+00:00,17020,159.933,159.937,159.809,159.882,159.949,159.954,159.823,159.897
2026-06-03 05:00:00+00:00,46070,159.882,159.989,159.36,159.75,159.898,160.004,159.376,159.762
2026-06-03 09:00:00+00:00,30598,159.748,159.925,159.657,159.911,159.762,159.94,159.674,159.929
2026-06-03 13:00:00+00:00,40811,159.912,160.042,159.884,159.979,159.929,160.056,159.9,159.995
2026-06-03 17:00:00+00:00,17999,159.978,160.091,159.943,160.082,159.996,160.106,159.96,160.101
2026-06-03 21:00:00+00:00,16804,160.044,160.068,159.827,159.9,160.069,160.088,159.841,159.916
2026-06-04 01:00:00+00:00,24047,159.9,159.986,159.582,159.862,159.918,160.001,159.598,159.879
2026-06-04 05:00:00+00:00,32608,159.861,159.926,159.818,159.868,159.879,159.942,159.834,159.886
2026-06-04 09:00:00+00:00,38568,159.867,159.891,159.741,159.857,159.886,159.906,159.757,159.872
2026-06-04 13:00:00+00:00,29448,159.857,160.021,159.835,159.962,159.874,160.037,159.851,159.976
2026-06-04 17:00:00+00:00,14702,159.962,160.038,159.962,160.019,159.977,160.054,159.976,160.038
2026-06-04 21:00:00+00:00,10809,160.011,160.016,159.896,159.951,160.039,160.055,159.953,159.967
2026-06-05 01:00:00+00:00,20038,159.95,159.987,159.891,159.953,159.968,160.002,159.908,159.969
2026-06-05 05:00:00+00:00,20427,159.953,159.967,159.902,159.941,159.97,159.98,159.917,159.957
2026-06-05 09:00:00+00:00,37236,159.941,160.216,159.825,160.206,159.958,160.231,159.841,160.223
2026-06-05 13:00:00+00:00,62673,160.21,160.336,159.711,160.274,160.223,160.349,159.736,160.29
2026-06-05 17:00:00+00:00,25717,160.274,160.335,160.082,160.306,160.288,160.351,160.099,160.329
2026-06-07 21:00:00+00:00,18812,160.208,160.35,160.16,160.318,160.308,160.368,160.247,160.333
2026-06-08 01:00:00+00:00,25211,160.318,160.387,160.259,160.338,160.332,160.401,160.273,160.352
2026-06-08 05:00:00+00:00,42984,160.337,160.34,159.83,160.02,160.352,160.354,159.849,160.036
2026-06-08 09:00:00+00:00,50392,160.018,160.082,159.879,159.953,160.034,160.094,159.896,159.966
2026-06-08 13:00:00+00:00,36685,159.952,160.196,159.93,160.152,159.966,160.213,159.944,160.169
2026-06-08 17:00:00+00:00,18519,160.152,160.262,160.115,160.167,160.168,160.278,160.129,160.188
2026-06-08 21:00:00+00:00,13916,160.117,160.271,160.117,160.23,160.174,160.287,160.141,160.245
2026-06-09 01:00:00+00:00,22382,160.23,160.25,160.168,160.185,160.244,160.266,160.184,160.201
2026-06-09 05:00:00+00:00,33435,160.186,160.217,160.045,160.171,160.201,160.233,160.061,160.185
2026-06-09 09:00:00+00:00,20916,160.169,160.21,160.138,160.183,160.185,160.222,160.153,160.198
2026-06-09 13:00:00+00:00,46493,160.183,160.441,160.141,160.395,160.197,160.456,160.157,160.412
2026-06-09 17:00:00+00:00,22541,160.395,160.42,160.277,160.355,160.41,160.433,160.292,160.373
2026-06-09 21:00:00+00:00,13167,160.311,160.427,160.302,160.377,160.372,160.443,160.353,160.393
2026-06-10 01:00:00+00:00,22144,160.377,160.388,160.227,160.363,160.392,160.404,160.249,160.381
2026-06-10 05:00:00+00:00,22393,160.364,160.424,160.319,160.418,160.381,160.439,160.333,160.432
2026-06-10 09:00:00+00:00,35378,160.417,160.522,160.316,160.43,160.432,160.538,160.333,160.445
2026-06-10 13:00:00+00:00,44144,160.429,160.523,160.335,160.481,160.445,160.539,160.35,160.496
2026-06-10 17:00:00+00:00,21023,160.48,160.57,160.445,160.543,160.496,160.588,160.461,160.566
2026-06-10 21:00:00+00:00,15702,160.459,160.557,160.459,160.512,160.551,160.575,160.503,160.528
2026-06-11 01:00:00+00:00,18636,160.511,160.541,160.418,160.499,160.528,160.556,160.434,160.514
2026-06-11 05:00:00+00:00,20683,160.498,160.583,160.486,160.529,160.514,160.597,160.501,160.542
2026-06-11 09:00:00+00:00,28216,160.529,160.589,160.501,160.527,160.541,160.604,160.516,160.544
2026-06-11 13:00:00+00:00,33651,160.527,160.553,160.45,160.523,160.543,160.568,160.465,160.538
2026-06-11 17:00:00+00:00,66188,160.523,160.541,159.52,159.96,160.537,160.556,159.55,159.975
2026-06-11 21:00:00+00:00,18991,159.908,160.213,159.88,160.162,159.983,160.226,159.946,160.179
2026-06-12 01:00:00+00:00,21046,160.164,160.298,160.144,160.251,160.179,160.315,160.16,160.266
2026-06-12 05:00:00+00:00,43677,160.25,160.368,159.941,160.085,160.266,160.383,159.96,160.102
2026-06-12 09:00:00+00:00,41027,160.085,160.301,159.947,160.249,160.101,160.318,159.966,160.265
2026-06-12 13:00:00+00:00,51769,160.25,160.336,160.154,160.226,160.265,160.351,160.17,160.239
2026-06-12 17:00:00+00:00,15180,160.225,160.238,160.176,160.216,160.239,160.26,160.191,160.241
2026-06-14 21:00:00+00:00,21164,160.112,160.137,159.728,160.103,160.183,160.202,159.746,160.119
2026-06-15 01:00:00+00:00,17312,160.103,160.223,160.007,160.043,160.117,160.241,160.022,160.06
2026-06-15 05:00:00+00:00,27433,160.044,160.156,159.983,160.13,160.062,160.172,159.999,160.145
2026-06-15 09:00:00+00:00,22285,160.131,160.199,160.082,160.131,160.144,160.214,160.096,160.145
2026-06-15 13:00:00+00:00,27047,160.13,160.237,160.023,160.21,160.145,160.25,160.037,160.226
2026-06-15 17:00:00+00:00,18478,160.211,160.388,160.206,160.348,160.226,160.404,160.221,160.365
2026-06-15 21:00:00+00:00,9925,160.306,160.36,160.149,160.193,160.383,160.385,160.161,160.207
2026-06-16 01:00:00+00:00,27614,160.189,160.342,160.044,160.247,160.206,160.358,160.057,160.265
2026-06-16 05:00:00+00:00,34612,160.248,160.34,160.14,160.316,160.263,160.354,160.156,160.331
2026-06-16 09:00:00+00:00,22839,160.317,160.371,160.272,160.316,160.331,160.385,160.287,160.333
2026-06-16 13:00:00+00:00,35087,160.316,160.46,160.314,160.389,160.334,160.472,160.331,160.401
2026-06-16 17:00:00+00:00,14597,160.389,160.475,160.38,160.456,160.403,160.491,160.394,160.476
2026-06-16 21:00:00+00:00,16937,160.371,160.439,160.338,160.344,160.471,160.485,160.355,160.362
2026-06-17 01:00:00+00:00,12786,160.344,160.366,160.249,160.26,160.361,160.382,160.264,160.274
2026-06-17 05:00:00+00:00,23787,160.26,160.337,160.107,160.199,160.275,160.351,160.123,160.217
2026-06-17 09:00:00+00:00,20962,160.2,160.328,160.157,160.24,160.216,160.342,160.172,160.256
2026-06-17 13:00:00+00:00,32773,160.24,160.344,160.179,160.192,160.254,160.36,160.194,160.209
2026-06-17 17:00:00+00:00,69985,160.192,160.789,160.172,160.668,160.208,160.806,160.201,160.701
2026-06-17 21:00:00+00:00,18388,160.628,160.741,160.486,160.692,160.696,160.758,160.545,160.708
2026-06-18 01:00:00+00:00,18650,160.693,160.693,160.555,160.588,160.708,160.709,160.571,160.603
2026-06-18 05:00:00+00:00,30295,160.588,160.77,160.566,160.768,160.604,160.786,160.583,160.782
2026-06-18 09:00:00+00:00,44722,160.769,160.945,160.465,160.866,160.785,160.96,160.484,160.881
2026-06-18 13:00:00+00:00,48409,160.868,161.444,160.795,161.423,160.881,161.46,160.807,161.436
2026-06-18 17:00:00+00:00,43964,161.423,161.803,160.887,161.402,161.435,161.818,160.909,161.419
2026-06-18 21:00:00+00:00,19270,161.347,161.418,161.0,161.098,161.447,161.471,161.016,161.114
2026-06-19 01:00:00+00:00,29494,161.096,161.405,160.977,161.369,161.114,161.421,160.994,161.386
2026-06-19 05:00:00+00:00,36883,161.369,161.451,161.232,161.28,161.385,161.467,161.249,161.294
2026-06-19 09:00:00+00:00,29180,161.279,161.326,161.15,161.16,161.294,161.342,161.164,161.178
2026-06-19 13:00:00+00:00,23181,161.159,161.335,161.125,161.328,161.178,161.349,161.14,161.346
2026-06-19 17:00:00+00:00,21931,161.327,161.332,161.216,161.263,161.347,161.359,161.236,161.357
2026-06-21 21:00:00+00:00,13503,161.234,161.561,161.234,161.488,161.298,161.575,161.264,161.502
2026-06-22 01:00:00+00:00,23543,161.488,161.688,161.428,161.661,161.5,161.703,161.444,161.675
2026-06-22 05:00:00+00:00,31813,161.661,161.782,161.605,161.765,161.674,161.796,161.621,161.778
2026-06-22 09:00:00+00:00,33480,161.765,161.783,161.648,161.767,161.779,161.801,161.664,161.782
2026-06-22 13:00:00+00:00,80524,161.767,161.921,161.063,161.547,161.784,161.935,161.078,161.563
2026-06-22 17:00:00+00:00,24286,161.547,161.683,161.393,161.589,161.564,161.697,161.406,161.611
2026-06-22 21:00:00+00:00,15561,161.522,161.631,161.514,161.571,161.601,161.648,161.53,161.587
2026-06-23 01:00:00+00:00,17344,161.569,161.607,161.518,161.604,161.586,161.623,161.533,161.619
2026-06-23 05:00:00+00:00,48481,161.604,161.734,161.256,161.429,161.62,161.749,161.272,161.443
2026-06-23 09:00:00+00:00,36221,161.428,161.607,161.332,161.548,161.443,161.623,161.349,161.565
2026-06-23 13:00:00+00:00,36927,161.549,161.594,161.459,161.59,161.565,161.61,161.475,161.604
2026-06-23 17:00:00+00:00,16490,161.591,161.613,161.505,161.568,161.604,161.628,161.519,161.588
2026-06-23 21:00:00+00:00,11400,161.49,161.626,161.472,161.617,161.59,161.643,161.541,161.631
2026-06-24 01:00:00+00:00,19435,161.617,161.622,161.525,161.551,161.63,161.636,161.539,161.565
2026-06-24 05:00:00+00:00,26706,161.552,161.751,161.536,161.75,161.565,161.766,161.552,161.763
2026-06-24 09:00:00+00:00,27190,161.749,161.772,161.617,161.747,161.762,161.786,161.633,161.762
2026-06-24 13:00:00+00:00,36298,161.747,161.808,161.683,161.751,161.763,161.822,161.697,161.764
2026-06-24 17:00:00+00:00,23757,161.751,161.834,161.73,161.799,161.767,161.846,161.747,161.821
2026-06-24 21:00:00+00:00,12286,161.756,161.782,161.69,161.705,161.795,161.822,161.705,161.718
2026-06-25 01:00:00+00:00,20321,161.705,161.77,161.55,161.759,161.719,161.784,161.564,161.774
2026-06-25 05:00:00+00:00,26222,161.76,161.893,161.723,161.792,161.774,161.909,161.737,161.807
2026-06-25 09:00:00+00:00,30028,161.791,161.941,161.736,161.832,161.807,161.958,161.758,161.847
2026-06-25 13:00:00+00:00,48051,161.832,161.85,161.55,161.762,161.846,161.864,161.567,161.776
2026-06-25 17:00:00+00:00,21256,161.762,161.836,161.721,161.795,161.775,161.85,161.737,161.812
2026-06-25 21:00:00+00:00,13775,161.752,161.834,161.668,161.826,161.834,161.863,161.761,161.841
2026-06-26 01:00:00+00:00,22025,161.826,161.842,161.559,161.619,161.84,161.856,161.573,161.635
2026-06-26 05:00:00+00:00,36194,161.621,161.742,161.524,161.579,161.636,161.759,161.541,161.595
2026-06-26 09:00:00+00:00,28026,161.578,161.698,161.524,161.652,161.595,161.715,161.541,161.664
2026-06-26 13:00:00+00:00,36750,161.65,161.764,161.571,161.748,161.663,161.779,161.585,161.764
2026-06-26 17:00:00+00:00,16046,161.749,161.775,161.702,161.729,161.763,161.79,161.719,161.771
2026-06-28 21:00:00+00:00,12398,161.715,161.869,161.704,161.753,161.766,161.899,161.727,161.769
2026-06-29 01:00:00+00:00,17177,161.753,161.81,161.725,161.806,161.768,161.824,161.739,161.821
2026-06-29 05:00:00+00:00,20202,161.806,161.85,161.771,161.844,161.822,161.866,161.786,161.861
2026-06-29 09:00:00+00:00,22927,161.844,161.896,161.808,161.888,161.862,161.911,161.823,161.902
2026-06-29 13:00:00+00:00,35032,161.887,161.959,161.794,161.935,161.902,161.974,161.815,161.952
2026-06-29 17:00:00+00:00,12510,161.934,161.977,161.899,161.934,161.952,161.99,161.915,161.953
2026-06-29 21:00:00+00:00,14946,161.866,162.396,161.857,162.13,161.958,162.414,161.915,162.144
2026-06-30 01:00:00+00:00,35692,162.129,162.297,162.029,162.193,162.144,162.312,162.048,162.211
2026-06-30 05:00:00+00:00,36660,162.192,162.408,162.114,162.312,162.211,162.424,162.128,162.327
2026-06-30 09:00:00+00:00,35267,162.312,162.511,162.006,162.398,162.329,162.526,162.03,162.414
2026-06-30 13:00:00+00:00,42288,162.399,162.666,162.307,162.641,162.414,162.68,162.323,162.655
2026-06-30 17:00:00+00:00,21328,162.641,162.642,162.547,162.576,162.654,162.657,162.559,162.602
2026-06-30 21:00:00+00:00,13693,162.508,162.773,162.505,162.68,162.608,162.786,162.535,162.693
2026-07-01 01:00:00+00:00,26182,162.679,162.833,162.553,162.722,162.693,162.848,162.57,162.736
2026-07-01 05:00:00+00:00,25339,162.723,162.755,162.604,162.658,162.736,162.77,162.619,162.673
2026-07-01 09:00:00+00:00,25462,162.658,162.761,162.644,162.692,162.672,162.775,162.656,162.704
2026-07-01 13:00:00+00:00,61464,162.692,162.728,162.285,162.452,162.706,162.744,162.304,162.466
2026-07-01 17:00:00+00:00,18798,162.454,162.614,162.42,162.593,162.467,162.629,162.434,162.61
2026-07-01 21:00:00+00:00,13928,162.539,162.591,162.472,162.558,162.639,162.643,162.489,162.571
2026-07-02 01:00:00+00:00,24862,162.557,162.579,162.355,162.428,162.571,162.593,162.371,162.442
2026-07-02 05:00:00+00:00,98016,162.428,162.428,160.888,161.016,162.443,162.443,160.907,161.035
2026-07-02 09:00:00+00:00,83588,161.017,161.638,160.613,161.021,161.035,161.653,160.635,161.035
2026-07-02 13:00:00+00:00,84863,161.021,161.154,160.753,160.977,161.036,161.171,160.767,160.992
2026-07-02 17:00:00+00:00,28414,160.977,161.167,160.977,161.11,160.993,161.183,160.993,161.132
2026-07-02 21:00:00+00:00,20457,161.039,161.516,161.022,161.182,161.139,161.535,161.095,161.198
2026-07-03 01:00:00+00:00,35562,161.18,161.269,160.913,161.122,161.197,161.281,160.929,161.137
2026-07-03 05:00:00+00:00,46800,161.122,161.176,160.467,161.03,161.138,161.189,160.491,161.042
2026-07-03 09:00:00+00:00,22867,161.03,161.167,160.957,161.165,161.043,161.181,160.972,161.18
2026-07-03 13:00:00+00:00,23331,161.164,161.389,161.161,161.344,161.18,161.404,161.176,161.359
2026-07-03 17:00:00+00:00,40114,161.345,161.421,161.269,161.333,161.358,161.454,161.281,161.433
2026-07-05 21:00:00+00:00,20337,161.271,161.6,161.258,161.525,161.34,161.616,161.324,161.54
2026-07-06 01:00:00+00:00,24083,161.524,161.938,161.522,161.932,161.54,161.953,161.537,161.95
2026-07-06 05:00:00+00:00,39530,161.933,162.309,161.875,162.24,161.949,162.324,161.894,162.256
2026-07-06 09:00:00+00:00,29220,162.241,162.419,162.221,162.39,162.256,162.435,162.237,162.406
2026-07-06 13:00:00+00:00,26188,162.391,162.414,162.233,162.252,162.406,162.429,162.248,162.268
2026-07-06 17:00:00+00:00,17953,162.252,162.266,162.012,162.086,162.267,162.284,162.024,162.107
2026-07-06 21:00:00+00:00,16908,162.045,162.174,161.992,162.126,162.143,162.226,162.009,162.14
2026-07-07 01:00:00+00:00,31982,162.126,162.14,161.675,161.791,162.141,162.157,161.689,161.807
2026-07-07 05:00:00+00:00,40079,161.79,162.075,161.645,161.894,161.807,162.091,161.664,161.907
2026-07-07 09:00:00+00:00,29907,161.895,161.961,161.748,161.834,161.907,161.975,161.763,161.847
2026-07-07 13:00:00+00:00,36049,161.833,162.017,161.807,161.929,161.847,162.032,161.823,161.943
2026-07-07 17:00:00+00:00,22005,161.93,162.133,161.852,162.109,161.944,162.149,161.868,162.127
2026-07-07 21:00:00+00:00,21061,162.052,162.398,162.047,162.339,162.152,162.412,162.123,162.352
2026-07-08 01:00:00+00:00,21594,162.338,162.454,162.276,162.359,162.352,162.472,162.29,162.377
2026-07-08 05:00:00+00:00,43989,162.361,162.49,162.069,162.483,162.378,162.505,162.086,162.496
2026-07-08 09:00:00+00:00,39969,162.483,162.55,162.24,162.514,162.497,162.566,162.256,162.53
2026-07-08 13:00:00+00:00,37224,162.513,162.705,162.477,162.53,162.528,162.717,162.495,162.543
2026-07-08 17:00:00+00:00,21264,162.529,162.639,162.412,162.63,162.543,162.665,162.428,162.65
2026-07-08 21:00:00+00:00,14857,162.512,162.609,162.353,162.437,162.612,162.649,162.37,162.454
2026-07-09 01:00:00+00:00,22333,162.437,162.566,162.402,162.424,162.453,162.581,162.418,162.44
2026-07-09 05:00:00+00:00,34742,162.425,162.429,162.239,162.389,162.44,162.445,162.254,162.404
2026-07-09 09:00:00+00:00,23094,162.389,162.502,162.375,162.436,162.406,162.518,162.391,162.452
2026-07-09 13:00:00+00:00,29534,162.437,162.446,162.248,162.31,162.452,162.464,162.264,162.324
2026-07-09 17:00:00+00:00,12830,162.31,162.408,162.266,162.386,162.326,162.425,162.284,162.407
2026-07-09 21:00:00+00:00,17721,162.343,162.425,161.882,162.048,162.438,162.49,161.9,162.066
2026-07-10 01:00:00+00:00,68292,162.048,162.099,161.278,161.628,162.068,162.118,161.297,161.64
2026-07-10 05:00:00+00:00,48309,161.627,161.766,161.402,161.682,161.642,161.784,161.42,161.694
2026-07-10 09:00:00+00:00,35274,161.681,161.888,161.632,161.791,161.695,161.903,161.647,161.806
2026-07-10 13:00:00+00:00,49888,161.79,161.861,161.273,161.501,161.807,161.878,161.29,161.517
2026-07-10 17:00:00+00:00,19249,161.502,161.752,161.484,161.685,161.517,161.771,161.498,161.725
2026-07-12 21:00:00+00:00,30519,161.693,162.093,161.63,162.09,161.773,162.109,161.728,162.104
2026-07-13 01:00:00+00:00,38418,162.09,162.167,161.949,161.99,162.107,162.181,161.963,162.002
2026-07-13 05:00:00+00:00,68991,161.99,162.349,161.825,162.073,162.004,162.365,161.837,162.091
2026-07-13 09:00:00+00:00,44464,162.074,162.19,161.973,162.106,162.091,162.204,161.988,162.123
2026-07-13 13:00:00+00:00,48867,162.107,162.46,162.067,162.447,162.123,162.476,162.083,162.459
2026-07-13 17:00:00+00:00,22484,162.447,162.482,162.35,162.452,162.46,162.494,162.364,162.476
2026-07-13 21:00:00+00:00,19705,162.376,162.465,162.222,162.376,162.476,162.516,162.242,162.391
2026-07-14 01:00:00+00:00,32088,162.377,162.417,162.222,162.311,162.391,162.434,162.236,162.327
2026-07-14 05:00:00+00:00,39194,162.311,162.382,162.046,162.268,162.328,162.394,162.063,162.286
2026-07-14 09:00:00+00:00,56931,162.269,162.277,161.593,161.905,162.288,162.295,161.619,161.92
2026-07-14 13:00:00+00:00,75343,161.904,162.192,161.811,162.107,161.92,162.206,161.832,162.124
2026-07-14 17:00:00+00:00,26183,162.107,162.281,162.107,162.257,162.123,162.298,162.123,162.279
2026-07-14 21:00:00+00:00,15082,162.147,162.256,162.07,162.091,162.247,162.282,162.083,162.108
2026-07-15 01:00:00+00:00,29064,162.092,162.222,161.958,162.205,162.108,162.239,161.974,162.22
2026-07-15 05:00:00+00:00,28819,162.204,162.343,162.094,162.292,162.218,162.359,162.109,162.308
2026-07-15 09:00:00+00:00,32304,162.294,162.416,162.135,162.158,162.308,162.431,162.148,162.173
2026-07-15 13:00:00+00:00,44008,162.156,162.275,162.068,162.157,162.172,162.288,162.083,162.169
2026-07-15 17:00:00+00:00,30161,162.156,162.274,161.886,162.186,162.169,162.29,161.903,162.204
2026-07-15 21:00:00+00:00,15591,162.111,162.158,162.022,162.091,162.211,162.235,162.039,162.103
2026-07-16 01:00:00+00:00,25034,162.09,162.162,162.02,162.091,162.102,162.178,162.038,162.103
2026-07-16 05:00:00+00:00,34778,162.09,162.175,161.975,162.14,162.103,162.191,161.989,162.153
2026-07-16 09:00:00+00:00,32655,162.138,162.294,162.104,162.287,162.153,162.309,162.118,162.303
2026-07-16 13:00:00+00:00,30643,162.289,162.541,162.206,162.471,162.304,162.557,162.224,162.488
2026-07-16 17:00:00+00:00,15917,162.471,162.5,162.35,162.365,162.487,162.517,162.364,162.381
2026-07-16 21:00:00+00:00,12198,162.386,162.448,162.307,162.414,162.474,162.474,162.325,162.429
2026-07-17 01:00:00+00:00,17775,162.414,162.467,162.332,162.412,162.43,162.482,162.346,162.425
2026-07-17 05:00:00+00:00,35628,162.411,162.438,162.119,162.382,162.425,162.452,162.135,162.398
2026-07-17 09:00:00+00:00,23414,162.382,162.445,162.295,162.402,162.399,162.46,162.31,162.419
2026-07-17 13:00:00+00:00,31930,162.402,162.514,162.316,162.421,162.417,162.529,162.331,162.438
2026-07-17 17:00:00+00:00,16406,162.421,162.47,162.356,162.388,162.436,162.486,162.37,162.44
2026-07-19 21:00:00+00:00,13886,162.433,162.576,162.321,162.334,162.493,162.612,162.336,162.346
2026-07-20 01:00:00+00:00,17093,162.334,162.407,162.299,162.332,162.347,162.422,162.314,162.347
2026-07-20 05:00:00+00:00,26091,162.332,162.449,162.307,162.365,162.348,162.462,162.322,162.378
2026-07-20 09:00:00+00:00,24783,162.366,162.429,162.189,162.401,162.378,162.443,162.21,162.417
2026-07-20 13:00:00+00:00,25167,162.401,162.594,162.381,162.518,162.416,162.61,162.395,162.534
2026-07-20 17:00:00+00:00,14394,162.519,162.526,162.413,162.495,162.534,162.544,162.428,162.512
2026-07-20 21:00:00+00:00,12801,162.457,162.531,162.44,162.527,162.557,162.57,162.454,162.543
2026-07-21 01:00:00+00:00,16127,162.527,162.529,162.423,162.48,162.544,162.545,162.439,162.496
2026-07-21 05:00:00+00:00,20528,162.481,162.693,162.464,162.678,162.496,162.709,162.478,162.694
2026-07-21 09:00:00+00:00,23107,162.678,162.797,162.595,162.718,162.695,162.811,162.608,162.735
2026-07-21 13:00:00+00:00,36125,162.718,163.036,162.717,163.001,162.733,163.05,162.732,163.014
2026-07-21 17:00:00+00:00,20491,163.0,163.233,162.97,163.189,163.015,163.249,162.986,163.207
2026-07-21 21:00:00+00:00,14289,163.17,163.221,163.024,163.13,163.193,163.237,163.037,163.145
2026-07-22 01:00:00+00:00,25927,163.131,163.198,163.064,163.165,163.145,163.212,163.08,163.18
2026-07-22 05:00:00+00:00,36913,163.165,163.18,162.656,162.952,163.181,163.196,162.675,162.965
2026-07-22 09:00:00+00:00,29903,162.953,163.131,162.936,163.099,162.965,163.146,162.951,163.112
2026-07-22 13:00:00+00:00,31334,163.098,163.126,163.007,163.104,163.113,163.142,163.022,163.119
2026-07-22 17:00:00+00:00,19290,163.106,163.171,163.099,163.155,163.12,163.186,163.112,163.178
2026-07-22 21:00:00+00:00,12560,163.081,163.143,163.038,163.051,163.181,163.19,163.055,163.068
2026-07-23 01:00:00+00:00,26359,163.049,163.092,162.988,163.066,163.065,163.105,163.005,163.081
2026-07-23 05:00:00+00:00,32524,163.067,163.436,163.06,163.331,163.08,163.451,163.075,163.348
2026-07-23 09:00:00+00:00,40593,163.329,163.75,163.282,163.668,163.347,163.767,163.299,163.683
2026-07-23 13:00:00+00:00,49207,163.669,163.981,163.657,163.762,163.683,163.995,163.673,163.776
2026-07-23 17:00:00+00:00,22060,163.763,163.871,163.709,163.856,163.775,163.888,163.725,163.88
2026-07-23 21:00:00+00:00,16173,163.818,163.932,163.752,163.8,163.918,163.946,163.805,163.818
2026-07-24 01:00:00+00:00,32643,163.799,163.863,163.716,163.821,163.815,163.878,163.732,163.836
2026-07-24 05:00:00+00:00,29624,163.82,163.841,163.646,163.725,163.836,163.855,163.662,163.739
2026-07-24 09:00:00+00:00,28652,163.726,163.857,163.667,163.845,163.739,163.872,163.684,163.86
2026-07-24 13:00:00+00:00,35230,163.846,163.872,163.637,163.775,163.86,163.888,163.652,163.79
2026-07-24 17:00:00+00:00,11601,163.776,163.859,163.776,163.838,163.793,163.881,163.791,163.862
2026-07-26 21:00:00+00:00,22567,163.537,163.702,163.515,163.624,163.637,163.721,163.529,163.638
2026-07-27 01:00:00+00:00,22276,163.625,163.629,163.451,163.572,163.638,163.642,163.465,163.585
2026-07-27 05:00:00+00:00,32979,163.571,163.601,163.321,163.515,163.586,163.616,163.338,163.53
2026-07-27 09:00:00+00:00,34075,163.513,163.698,163.489,163.684,163.529,163.714,163.504,163.701
2026-07-27 13:00:00+00:00,38583,163.685,163.764,163.579,163.648,163.701,163.777,163.594,163.662
2026-07-27 17:00:00+00:00,17648,163.646,163.793,163.646,163.733,163.662,163.805,163.661,163.759
2026-07-27 21:00:00+00:00,15734,163.664,163.834,163.664,163.741,163.764,163.851,163.732,163.758
2026-07-28 01:00:00+00:00,24645,163.74,163.785,163.667,163.744,163.758,163.8,163.682,163.76
2026-07-28 05:00:00+00:00,25140,163.743,163.847,163.661,163.818,163.76,163.862,163.675,163.834
2026-07-28 09:00:00+00:00,20521,163.818,163.943,163.802,163.872,163.832,163.959,163.817,163.888
2026-07-28 13:00:00+00:00,35816,163.872,163.878,163.637,163.74,163.886,163.893,163.653,163.754
2026-07-28 17:00:00+00:00,14937,163.739,163.881,163.71,163.858,163.754,163.897,163.724,163.88
2026-07-28 21:00:00+00:00,13328,163.753,163.882,163.669,163.7,163.839,163.895,163.683,163.716
2026-07-29 01:00:00+00:00,38166,163.7,163.775,163.27,163.42,163.715,163.789,163.286,163.433
2026-07-29 05:00:00+00:00,39793,163.42,163.689,163.341,163.578,163.434,163.702,163.353,163.595
2026-07-29 09:00:00+00:00,27093,163.579,163.816,163.499,163.791,163.595,163.83,163.513,163.808
2026-07-29 13:00:00+00:00,29037,163.792,163.899,163.72,163.889,163.808,163.916,163.735,163.905
2026-07-29 17:00:00+00:00,73620,163.89,163.891,163.222,163.427,163.907,163.907,163.239,163.449
2026-07-29 21:00:00+00:00,27755,163.364,163.508,163.204,163.488,163.449,163.524,163.22,163.501
2026-07-30 01:00:00+00:00,27956,163.488,163.548,163.406,163.483,163.502,163.563,163.421,163.499
2026-07-30 05:00:00+00:00,36974,163.482,163.733,163.451,163.645,163.499,163.747,163.466,163.661
2026-07-30 09:00:00+00:00,86702,163.644,163.644,162.281,162.951,163.659,163.66,162.306,162.967
2026-07-30 13:00:00+00:00,217728,162.953,162.953,157.947,159.565,162.967,162.968,157.959,159.579
2026-07-30 17:00:00+00:00,67390,159.566,159.839,158.509,159.538,159.583,159.855,158.53,159.556
2026-07-30 21:00:00+00:00,53704,159.445,160.68,159.352,160.535,159.545,160.698,159.375,160.551
2026-07-31 01:00:00+00:00,69701,160.535,160.875,160.324,160.678,160.549,160.897,160.341,160.691
2026-07-31 05:00:00+00:00,113427,160.678,160.741,158.538,158.923,160.69,160.755,158.553,158.947
2026-07-31 09:00:00+00:00,91427,158.924,160.446,158.549,160.367,158.943,160.464,158.59,160.385
2026-07-31 13:00:00+00:00,137069,160.367,160.535,158.846,159.361,160.386,160.552,158.864,159.38
2026-07-31 17:00:00+00:00,120840,159.359,159.502,157.251,157.406,159.379,159.52,157.299,157.463
2026-08-02 21:00:00+00:00,104854,157.15,157.879,155.216,156.115,157.18,157.896,155.234,156.136
2026-08-03 01:00:00+00:00,82984,156.122,156.638,155.421,156.456,156.136,156.655,155.451,156.474
2026-08-03 05:00:00+00:00,61180,156.457,156.977,156.316,156.977,156.474,156.995,156.331,156.994
2026-08-03 09:00:00+00:00,58874,156.978,157.131,156.564,156.815,156.996,157.147,156.578,156.83
2026-08-03 13:00:00+00:00,78459,156.815,157.028,156.226,156.884,156.829,157.046,156.249,156.902
2026-08-03 17:00:00+00:00,36895,156.882,157.217,156.669,157.18,156.9,157.237,156.682,157.211
2026-08-03 21:00:00+00:00,34848,157.163,157.665,157.161,157.494,157.239,157.678,157.2,157.51
2026-08-04 01:00:00+00:00,44379,157.495,157.739,157.386,157.54,157.51,157.756,157.403,157.553
2026-08-04 05:00:00+00:00,42618,157.54,157.836,157.495,157.797,157.555,157.852,157.508,157.813
2026-08-04 09:00:00+00:00,59268,157.799,157.953,157.294,157.523,157.814,157.966,157.313,157.541
2026-08-04 13:00:00+00:00,63176,157.522,157.633,157.205,157.572,157.541,157.648,157.224,157.585
2026-08-04 17:00:00+00:00,38727,157.573,157.829,157.519,157.735,157.587,157.844,157.533,157.758
2026-08-04 21:00:00+00:00,22707,157.722,157.804,157.443,157.552,157.822,157.84,157.458,157.569
2026-08-05 01:00:00+00:00,62551,157.552,157.694,157.298,157.646,157.57,157.709,157.314,157.66
2026-08-05 05:00:00+00:00,49001,157.646,157.868,157.514,157.815,157.661,157.883,157.528,157.829
2026-08-05 09:00:00+00:00,44266,157.814,157.859,157.411,157.624,157.829,157.876,157.424,157.637
2026-08-05 13:00:00+00:00,59688,157.624,157.749,157.304,157.74,157.638,157.764,157.319,157.755
2026-08-05 17:00:00+00:00,23853,157.738,157.808,157.617,157.759,157.754,157.828,157.632,157.782
2026-08-05 21:00:00+00:00,21507,157.702,157.752,157.552,157.721,157.791,157.791,157.568,157.736
2026-08-06 01:00:00+00:00,24542,157.721,157.744,157.584,157.733,157.737,157.758,157.599,157.749
2026-08-06 05:00:00+00:00,23910,157.734,157.889,157.703,157.833,157.749,157.904,157.715,157.847
2026-08-06 09:00:00+00:00,21994,157.833,157.931,157.813,157.897,157.849,157.947,157.828,157.911
2026-08-06 13:00:00+00:00,49008,157.897,158.548,157.814,158.503,157.913,158.564,157.828,158.517
2026-08-06 17:00:00+00:00,21089,158.503,158.505,158.287,158.447,158.519,158.521,158.299,158.476
2026-08-06 21:00:00+00:00,13879,158.418,158.568,158.37,158.521,158.491,158.582,158.384,158.537
2026-08-07 01:00:00+00:00,24700,158.525,158.53,158.208,158.371,158.539,158.544,158.226,158.386
2026-08-07 05:00:00+00:00,23051,158.371,158.472,158.28,158.369,158.385,158.486,158.297,158.386
2026-08-07 09:00:00+00:00,59825,158.368,158.41,156.652,157.38,158.383,158.425,156.68,157.398
2026-08-07 13:00:00+00:00,94334,157.381,157.98,157.236,157.443,157.397,157.996,157.25,157.457
2026-08-07 17:00:00+00:00,34723,157.442,157.864,157.366,157.784,157.457,157.885,157.382,157.824
2026-08-09 21:00:00+00:00,17763,157.7,157.961,157.579,157.941,157.741,157.975,157.679,157.956
2026-08-10 01:00:00+00:00,30746,157.941,158.337,157.921,158.33,157.957,158.351,157.938,158.346
2026-08-10 05:00:00+00:00,38961,158.332,158.677,158.292,158.659,158.348,158.693,158.306,158.671
2026-08-10 09:00:00+00:00,41895,158.659,158.941,158.41,158.936,158.673,158.958,158.43,158.951
2026-08-10 13:00:00+00:00,49805,158.936,159.06,158.85,159.031,158.952,159.073,158.863,159.043
2026-08-10 17:00:00+00:00,22929,159.03,159.359,159.02,159.298,159.042,159.378,159.034,159.317
2026-08-10 21:00:00+00:00,20270,159.194,159.304,158.911,159.141,159.294,159.355,158.931,159.156
2026-08-11 01:00:00+00:00,24356,159.141,159.304,159.063,159.185,159.157,159.32,159.079,159.198
2026-08-11 05:00:00+00:00,26399,159.186,159.371,159.146,159.349,159.198,159.387,159.162,159.366
2026-08-11 09:00:00+00:00,37796,159.35,159.382,159.049,159.263,159.366,159.396,159.065,159.279
2026-08-11 13:00:00+00:00,32377,159.264,159.32,159.162,159.26,159.279,159.336,159.177,159.278
2026-08-11 17:00:00+00:00,15195,159.26,159.358,159.245,159.278,159.277,159.376,159.262,159.303
2026-08-11 21:00:00+00:00,12464,159.24,159.359,159.192,159.334,159.34,159.374,159.207,159.351
2026-08-12 01:00:00+00:00,17870,159.335,159.456,159.289,159.408,159.351,159.472,159.303,159.423
2026-08-12 05:00:00+00:00,23340,159.41,159.432,159.277,159.312,159.424,159.447,159.293,159.327
2026-08-12 09:00:00+00:00,69774,159.311,159.33,158.566,158.8,159.327,159.346,158.587,158.815
2026-08-12 13:00:00+00:00,61946,158.797,159.404,158.68,159.382,158.81,159.419,158.696,159.397
2026-08-12 17:00:00+00:00,19998,159.382,159.54,159.35,159.414,159.396,159.554,159.366,159.438
2026-08-12 21:00:00+00:00,14491,159.383,159.442,159.236,159.312,159.471,159.475,159.251,159.326
2026-08-13 01:00:00+00:00,26054,159.311,159.479,159.17,159.244,159.326,159.495,159.186,159.261
2026-08-13 05:00:00+00:00,31754,159.245,159.44,159.221,159.398,159.261,159.454,159.236,159.413
2026-08-13 09:00:00+00:00,30687,159.399,159.43,159.166,159.17,159.413,159.445,159.182,159.183
2026-08-13 13:00:00+00:00,53421,159.17,159.491,159.017,159.478,159.182,159.505,159.031,159.492
2026-08-13 17:00:00+00:00,18999,159.477,159.559,159.43,159.508,159.491,159.576,159.445,159.528
2026-08-13 21:00:00+00:00,17383,159.459,159.522,159.342,159.368,159.535,159.564,159.358,159.382
2026-08-14 01:00:00+00:00,21632,159.367,159.449,159.322,159.347,159.382,159.463,159.336,159.362
2026-08-14 05:00:00+00:00,38509,159.346,159.35,159.057,159.17,159.362,159.364,159.07,159.185
2026-08-14 09:00:00+00:00,48596,159.171,159.188,158.595,158.914,159.187,159.204,158.611,158.929
2026-08-14 13:00:00+00:00,62228,158.912,159.368,158.787,159.36,158.925,159.381,158.804,159.373
2026-08-14 17:00:00+00:00,15542,159.36,159.398,159.308,159.311,159.374,159.41,159.323,159.331
2026-08-16 21:00:00+00:00,20698,159.306,159.387,158.997,159.013,159.377,159.407,159.014,159.028
2026-08-17 01:00:00+00:00,27860,159.013,159.141,158.944,159.113,159.03,159.155,158.962,159.129
2026-08-17 05:00:00+00:00,39564,159.114,159.147,158.838,159.121,159.129,159.159,158.853,159.134
2026-08-17 09:00:00+00:00,28539,159.12,159.282,159.062,159.239,159.134,159.296,159.077,159.254
2026-08-17 13:00:00+00:00,32796,159.238,159.397,159.18,159.357,159.255,159.413,159.195,159.371
2026-08-17 17:00:00+00:00,19980,159.357,159.591,159.348,159.46,159.372,159.606,159.362,159.478
2026-08-17 21:00:00+00:00,15873,159.439,159.517,159.248,159.424,159.539,159.562,159.321,159.438
2026-08-18 01:00:00+00:00,30827,159.424,159.742,159.39,159.689,159.439,159.757,159.403,159.703
2026-08-18 05:00:00+00:00,28309,159.688,159.772,159.615,159.665,159.703,159.787,159.63,159.682
2026-08-18 09:00:00+00:00,27128,159.665,159.739,159.578,159.662,159.68,159.753,159.594,159.677
2026-08-18 13:00:00+00:00,43354,159.662,159.714,159.421,159.567,159.678,159.73,159.436,159.58
2026-08-18 17:00:00+00:00,20194,159.567,159.669,159.557,159.618,159.582,159.681,159.571,159.636
2026-08-18 21:00:00+00:00,17970,159.62,159.64,159.386,159.455,159.679,159.679,159.401,159.467
2026-08-19 01:00:00+00:00,31367,159.454,159.518,159.221,159.325,159.467,159.532,159.242,159.337
2026-08-19 05:00:00+00:00,39413,159.325,159.326,159.047,159.163,159.338,159.34,159.061,159.178
2026-08-19 09:00:00+00:00,65461,159.162,159.26,158.153,158.589,159.178,159.274,158.172,158.604
2026-08-19 13:00:00+00:00,98832,158.589,158.594,158.036,158.381,158.603,158.612,158.053,158.394
2026-08-19 17:00:00+00:00,48162,158.381,158.609,158.085,158.15,158.395,158.624,158.101,158.167
2026-08-19 21:00:00+00:00,26313,158.114,158.43,158.022,158.4,158.172,158.445,158.035,158.414
2026-08-20 01:00:00+00:00,47392,158.4,158.627,158.29,158.568,158.415,158.645,158.304,158.583
2026-08-20 05:00:00+00:00,49854,158.568,158.723,158.314,158.488,158.582,158.738,158.326,158.503
2026-08-20 09:00:00+00:00,60234,158.487,158.794,158.195,158.636,158.503,158.81,158.21,158.65
2026-08-20 13:00:00+00:00,76552,158.634,159.092,158.486,158.992,158.65,159.107,158.507,159.008
2026-08-20 17:00:00+00:00,23035,158.993,159.176,158.963,159.06,159.008,159.192,158.977,159.077
2026-08-20 21:00:00+00:00,24053,159.009,159.122,158.861,159.087,159.075,159.136,158.875,159.103
2026-08-21 01:00:00+00:00,33080,159.087,159.128,158.871,158.997,159.102,159.142,158.887,159.013
2026-08-21 05:00:00+00:00,46526,158.999,159.026,158.506,158.522,159.014,159.039,158.52,158.539
2026-08-21 09:00:00+00:00,58520,158.521,158.839,158.346,158.749,158.536,158.854,158.362,158.761
2026-08-21 13:00:00+00:00,57327,158.749,159.032,158.716,158.959,158.762,159.047,158.732,158.973
2026-08-21 17:00:00+00:00,21769,158.961,159.046,158.955,158.973,158.978,159.061,158.968,158.993
2026-08-23 21:00:00+00:00,21430,158.965,158.995,158.508,158.721,159.039,159.039,158.608,158.737
2026-08-24 01:00:00+00:00,39795,158.721,158.964,158.712,158.852,158.736,158.979,158.728,158.868
2026-08-24 05:00:00+00:00,41700,158.85,159.275,158.85,159.188,158.866,159.291,158.866,159.201
2026-08-24 09:00:00+00:00,48205,159.188,159.228,158.889,159.041,159.2,159.243,158.906,159.055
2026-08-24 13:00:00+00:00,53584,159.042,159.195,158.997,159.068,159.055,159.21,159.012,159.082
2026-08-24 17:00:00+00:00,29220,159.067,159.211,158.98,159.093,159.082,159.226,158.998,159.114
2026-08-24 21:00:00+00:00,20358,159.053,159.185,159.023,159.182,159.153,159.199,159.068,159.197
2026-08-25 01:00:00+00:00,28065,159.183,159.388,159.12,159.296,159.197,159.403,159.135,159.311
2026-08-25 05:00:00+00:00,41600,159.297,159.485,159.268,159.339,159.311,159.501,159.282,159.354
2026-08-25 09:00:00+00:00,38020,159.341,159.353,159.188,159.289,159.357,159.367,159.202,159.304
2026-08-25 13:00:00+00:00,53202,159.289,159.318,159.111,159.266,159.305,159.33,159.126,159.282
2026-08-25 17:00:00+00:00,21256,159.266,159.309,159.077,159.196,159.281,159.324,159.094,159.21
2026-08-25 21:00:00+00:00,14897,159.19,159.255,159.097,159.158,159.27,159.27,159.112,159.174
2026-08-26 01:00:00+00:00,48265,159.157,159.178,158.874,159.029,159.172,159.192,158.888,159.041
2026-08-26 05:00:00+00:00,32924,159.03,159.118,158.925,159.005,159.042,159.133,158.939,159.019
2026-08-26 09:00:00+00:00,38517,159.006,159.246,158.903,159.227,159.019,159.259,158.937,159.243
2026-08-26 13:00:00+00:00,46833,159.226,159.439,159.223,159.411,159.241,159.454,159.239,159.426
2026-08-26 17:00:00+00:00,18479,159.411,159.421,159.284,159.305,159.424,159.435,159.299,159.326
2026-08-26 21:00:00+00:00,21629,159.27,159.306,159.108,159.177,159.357,159.362,159.122,159.192
2026-08-27 01:00:00+00:00,27806,159.178,159.394,159.123,159.352,159.194,159.407,159.141,159.367
2026-08-27 05:00:00+00:00,34778,159.353,159.385,159.266,159.318,159.369,159.399,159.281,159.331
2026-08-27 09:00:00+00:00,38487,159.318,159.522,159.305,159.407,159.333,159.536,159.319,159.421
2026-08-27 13:00:00+00:00,44552,159.406,159.46,159.232,159.287,159.421,159.475,159.248,159.301
2026-08-27 17:00:00+00:00,20224,159.287,159.453,159.258,159.395,159.302,159.468,159.273,159.408
2026-08-27 21:00:00+00:00,13444,159.352,159.41,159.289,159.36,159.429,159.479,159.304,159.374
2026-08-28 01:00:00+00:00,25291,159.359,159.509,159.325,159.49,159.374,159.521,159.339,159.506
2026-08-28 05:00:00+00:00,29441,159.489,159.583,159.401,159.566,159.506,159.596,159.415,159.581
2026-08-28 09:00:00+00:00,28518,159.567,159.687,159.556,159.571,159.581,159.703,159.572,159.584
2026-08-28 13:00:00+00:00,81576,159.571,160.197,159.389,160.187,159.586,160.21,159.405,160.203
2026-08-28 17:00:00+00:00,25042,160.187,160.197,160.043,160.089,160.205,160.21,160.058,160.119
2026-08-30 21:00:00+00:00,19896,160.034,160.194,159.947,159.957,160.134,160.218,159.964,159.973
2026-08-31 01:00:00+00:00,34367,159.958,159.972,159.723,159.783,159.973,159.99,159.738,159.799
2026-08-31 05:00:00+00:00,49751,159.784,159.91,159.466,159.729,159.799,159.923,159.48,159.745
2026-08-31 09:00:00+00:00,40174,159.729,159.881,159.598,159.874,159.742,159.895,159.614,159.888
2026-08-31 13:00:00+00:00,51278,159.874,159.89,159.579,159.676,159.887,159.907,159.596,159.69
2026-08-31 17:00:00+00:00,25464,159.677,159.812,159.662,159.728,159.691,159.824,159.676,159.751
2026-08-31 21:00:00+00:00,20965,159.721,159.831,159.627,159.792,159.784,159.846,159.642,159.809
2026-09-01 01:00:00+00:00,32160,159.793,159.877,159.695,159.864,159.809,159.891,159.713,159.879
2026-09-01 05:00:00+00:00,31112,159.864,160.022,159.821,159.921,159.878,160.038,159.837,159.938
2026-09-01 09:00:00+00:00,38923,159.923,160.202,159.884,160.1,159.938,160.217,159.9,160.116
2026-09-01 13:00:00+00:00,53379,160.101,160.174,159.887,160.163,160.116,160.186,159.901,160.175
2026-09-01 17:00:00+00:00,22092,160.162,160.268,160.139,160.187,160.174,160.282,160.155,160.208
2026-09-01 21:00:00+00:00,19939,160.133,160.289,160.114,160.285,160.233,160.302,160.142,160.298
2026-09-02 01:00:00+00:00,33376,160.285,160.387,160.022,160.104,160.299,160.401,160.037,160.116
2026-09-02 05:00:00+00:00,87591,160.103,160.126,159.425,159.847,160.116,160.139,159.442,159.863
2026-09-02 09:00:00+00:00,60659,159.847,159.916,159.491,159.587,159.86,159.93,159.507,159.602
2026-09-02 13:00:00+00:00,111175,159.587,159.611,158.198,158.841,159.603,159.628,158.217,158.857
2026-09-02 17:00:00+00:00,38093,158.841,159.006,158.604,158.72,158.856,159.02,158.621,158.744
2026-09-02 21:00:00+00:00,36276,158.645,158.96,158.54,158.704,158.745,158.976,158.555,158.718
2026-09-03 01:00:00+00:00,85695,158.704,158.719,157.537,157.673,158.719,158.731,157.555,157.689
2026-09-03 05:00:00+00:00,100499,157.673,157.782,156.341,156.69,157.69,157.799,156.364,156.706
2026-09-03 09:00:00+00:00,104314,156.691,156.847,155.384,155.553,156.705,156.868,155.399,155.572
2026-09-03 13:00:00+00:00,133617,155.554,155.777,155.293,155.352,155.572,155.794,155.307,155.364
2026-09-03 17:00:00+00:00,46355,155.352,155.846,155.344,155.797,155.365,155.861,155.359,155.817
2026-09-03 21:00:00+00:00,45580,155.793,156.162,155.284,155.761,155.867,156.179,155.301,155.779
2026-09-04 01:00:00+00:00,57470,155.763,156.441,155.669,156.315,155.779,156.458,155.684,156.331
2026-09-04 05:00:00+00:00,68214,156.316,156.439,156.072,156.409,156.331,156.453,156.088,156.424
2026-09-04 09:00:00+00:00,97478,156.409,156.749,155.342,155.675,156.425,156.774,155.362,155.696
2026-09-04 13:00:00+00:00,110977,155.676,156.188,155.474,155.991,155.698,156.203,155.494,156.009
2026-09-04 17:00:00+00:00,29758,155.993,156.279,155.992,156.231,156.009,156.293,156.009,156.276
2026-09-06 21:00:00+00:00,30175,155.978,156.287,155.792,155.88,156.039,156.299,155.808,155.895
2026-09-07 01:00:00+00:00,42848,155.877,156.236,155.845,156.043,155.894,156.254,155.859,156.059
2026-09-07 05:00:00+00:00,92601,156.042,156.094,154.049,154.457,156.059,156.11,154.066,154.478
2026-09-07 09:00:00+00:00,57640,154.465,154.798,154.21,154.482,154.477,154.816,154.226,154.499
2026-09-07 13:00:00+00:00,44391,154.482,154.632,154.221,154.286,154.497,154.646,154.24,154.302
2026-09-07 17:00:00+00:00,6696,154.286,154.38,154.282,154.338,154.301,154.397,154.298,154.365
2026-09-07 21:00:00+00:00,48079,154.314,154.37,153.516,153.783,154.414,154.429,153.536,153.799
2026-09-08 01:00:00+00:00,66794,153.783,153.799,152.881,153.46,153.797,153.817,152.894,153.479
2026-09-08 05:00:00+00:00,112178,153.462,154.29,153.257,154.165,153.481,154.313,153.269,154.179
2026-09-08 09:00:00+00:00,81035,154.165,154.416,153.785,153.791,154.18,154.433,153.802,153.807
2026-09-08 13:00:00+00:00,87614,153.791,154.378,153.695,154.265,153.81,154.395,153.712,154.277
2026-09-08 17:00:00+00:00,52049,154.261,154.388,153.439,153.99,154.274,154.404,153.463,154.009
2026-09-08 21:00:00+00:00,47906,153.946,153.969,153.243,153.563,154.046,154.069,153.259,153.582
2026-09-09 01:00:00+00:00,71287,153.563,153.824,153.295,153.454,153.58,153.84,153.311,153.467
2026-09-09 05:00:00+00:00,94844,153.454,153.675,152.928,153.64,153.469,153.692,152.946,153.657
2026-09-09 09:00:00+00:00,72662,153.638,153.723,153.185,153.325,153.656,153.738,153.201,153.34
2026-09-09 13:00:00+00:00,111965,153.324,153.792,153.097,153.57,153.341,153.81,153.112,153.585
2026-09-09 17:00:00+00:00,35844,153.571,153.721,153.43,153.537,153.585,153.737,153.444,153.553
2026-09-09 21:00:00+00:00,28881,153.503,153.708,153.298,153.7,153.603,153.724,153.318,153.716
2026-09-10 01:00:00+00:00,46022,153.7,153.735,153.277,153.467,153.715,153.753,153.292,153.484
2026-09-10 05:00:00+00:00,58112,153.466,153.686,153.313,153.622,153.484,153.702,153.329,153.638
2026-09-10 09:00:00+00:00,83833,153.622,154.663,153.545,154.345,153.639,154.683,153.561,154.359
2026-09-10 13:00:00+00:00,93997,154.345,154.386,153.839,154.269,154.358,154.402,153.855,154.285
2026-09-10 17:00:00+00:00,38165,154.27,154.496,154.199,154.449,154.285,154.512,154.215,154.465
2026-09-10 21:00:00+00:00,32815,154.337,154.611,154.313,154.494,154.437,154.627,154.328,154.511
2026-09-11 01:00:00+00:00,59380,154.49,154.521,154.197,154.34,154.506,154.539,154.218,154.356
2026-09-11 05:00:00+00:00,76918,154.341,154.369,153.953,154.097,154.358,154.384,153.97,154.111
2026-09-11 09:00:00+00:00,96122,154.095,154.482,153.42,153.454,154.11,154.497,153.447,153.47
2026-09-11 13:00:00+00:00,97241,153.454,153.733,153.229,153.709,153.471,153.748,153.249,153.721
2026-09-11 17:00:00+00:00,39083,153.708,153.77,153.449,153.515,153.72,153.786,153.475,153.551
2026-09-13 21:00:00+00:00,53681,153.48,153.788,153.366,153.644,153.58,153.8,153.381,153.661
2026-09-14 01:00:00+00:00,63018,153.644,154.133,153.621,154.017,153.662,154.151,153.639,154.034
2026-09-14 05:00:00+00:00,66515,154.018,154.606,153.941,154.549,154.034,154.618,153.958,154.566
2026-09-14 09:00:00+00:00,63432,154.549,154.882,154.441,154.855,154.567,154.897,154.458,154.87
2026-09-14 13:00:00+00:00,95168,154.855,154.994,154.262,154.311,154.871,155.007,154.278,154.326
2026-09-14 17:00:00+00:00,39532,154.311,154.419,153.974,154.332,154.325,154.434,153.987,154.357
2026-09-14 21:00:00+00:00,28934,154.3,154.661,154.205,154.658,154.4,154.678,154.22,154.675
2026-09-15 01:00:00+00:00,42699,154.658,154.886,154.604,154.731,154.674,154.901,154.62,154.745
2026-09-15 05:00:00+00:00,78760,154.731,155.233,154.667,154.992,154.746,155.247,154.681,155.006
2026-09-15 09:00:00+00:00,76682,154.991,155.08,154.691,154.961,155.008,155.096,154.706,154.978
2026-09-15 13:00:00+00:00,76304,154.963,155.162,154.878,155.063,154.98,155.175,154.894,155.077
2026-09-15 17:00:00+00:00,30588,155.063,155.203,155.025,155.108,155.078,155.217,155.038,155.128
2026-09-15 21:00:00+00:00,45554,155.064,155.423,155.015,155.361,155.164,155.437,155.031,155.377
2026-09-16 01:00:00+00:00,51255,155.361,155.485,155.219,155.296,155.376,155.497,155.232,155.31
2026-09-16 05:00:00+00:00,63454,155.296,155.335,154.874,155.103,155.311,155.352,154.891,155.12
2026-09-16 09:00:00+00:00,59580,155.103,155.25,154.935,155.214,155.121,155.264,154.952,155.229
2026-09-16 13:00:00+00:00,58951,155.215,155.319,154.971,155.109,155.231,155.334,154.984,155.123
2026-09-16 17:00:00+00:00,101187,155.11,156.406,154.815,156.294,155.123,156.422,154.856,156.315
2026-09-16 21:00:00+00:00,34361,156.215,156.306,155.869,156.201,156.27,156.321,155.883,156.216
2026-09-17 01:00:00+00:00,51475,156.201,156.272,156.005,156.019,156.217,156.286,156.023,156.035
2026-09-17 05:00:00+00:00,83291,156.019,156.02,155.521,155.758,156.036,156.037,155.536,155.774
2026-09-17 09:00:00+00:00,90644,155.758,155.91,155.323,155.571,155.773,155.923,155.348,155.588
2026-09-17 13:00:00+00:00,77940,155.572,156.061,155.554,156.048,155.588,156.074,155.568,156.064
2026-09-17 17:00:00+00:00,26387,156.049,156.096,155.927,155.949,156.064,156.112,155.942,155.97
2026-09-17 21:00:00+00:00,27744,155.92,156.279,155.862,156.172,156.012,156.294,155.879,156.188
2026-09-18 01:00:00+00:00,66662,156.171,157.154,156.126,157.125,156.188,157.168,156.143,157.14
2026-09-18 05:00:00+00:00,98981,157.127,157.905,156.492,157.783,157.141,157.919,156.515,157.801
2026-09-18 09:00:00+00:00,64623,157.784,158.048,157.613,157.699,157.8,158.068,157.628,157.717
2026-09-18 13:00:00+00:00,131261,157.699,157.891,156.671,156.787,157.716,157.905,156.69,156.804
2026-09-18 17:00:00+00:00,51321,156.787,156.897,156.594,156.876,156.806,156.915,156.611,156.909
2026-09-20 21:00:00+00:00,44725,156.81,157.104,156.66,156.859,156.91,157.121,156.682,156.878
2026-09-21 01:00:00+00:00,66700,156.86,157.077,156.566,157.012,156.878,157.091,156.584,157.027
2026-09-21 05:00:00+00:00,60191,157.012,157.27,156.966,157.237,157.028,157.288,156.983,157.253
2026-09-21 09:00:00+00:00,54930,157.238,157.365,157.159,157.327,157.253,157.383,157.175,157.34
2026-09-21 13:00:00+00:00,49304,157.328,157.523,157.278,157.42,157.342,157.539,157.292,157.434
2026-09-21 17:00:00+00:00,27580,157.421,157.499,157.333,157.375,157.434,157.515,157.35,157.397
2026-09-21 21:00:00+00:00,25497,157.273,157.435,157.227,157.348,157.362,157.456,157.271,157.363
2026-09-22 01:00:00+00:00,47109,157.35,157.56,157.344,157.455,157.364,157.578,157.362,157.472
2026-09-22 05:00:00+00:00,69500,157.456,157.77,156.845,157.165,157.474,157.786,156.864,157.184
2026-09-22 09:00:00+00:00,69080,157.161,157.353,156.813,157.295,157.179,157.37,156.831,157.31
2026-09-22 13:00:00+00:00,75901,157.295,157.599,157.157,157.457,157.312,157.611,157.175,157.472
2026-09-22 17:00:00+00:00,51759,157.456,157.546,157.228,157.382,157.472,157.562,157.243,157.404
2026-09-22 21:00:00+00:00,23308,157.32,157.578,157.32,157.577,157.42,157.592,157.347,157.592
2026-09-23 01:00:00+00:00,40270,157.579,157.669,157.504,157.589,157.593,157.684,157.521,157.607
2026-09-23 05:00:00+00:00,46579,157.588,157.872,157.567,157.872,157.604,157.885,157.584,157.885
2026-09-23 09:00:00+00:00,46370,157.872,157.978,157.768,157.88,157.884,157.996,157.785,157.894
2026-09-23 13:00:00+00:00,85548,157.879,158.392,157.759,158.357,157.894,158.408,157.777,158.374
2026-09-23 17:00:00+00:00,45167,158.357,158.397,158.097,158.33,158.375,158.409,158.109,158.351
2026-09-23 21:00:00+00:00,32796,158.278,158.362,157.896,158.055,158.335,158.38,157.913,158.074
2026-09-24 01:00:00+00:00,72710,158.054,158.096,157.789,157.881,158.075,158.115,157.804,157.898
2026-09-24 05:00:00+00:00,73530,157.882,158.489,157.834,158.482,157.9,158.506,157.851,158.499
2026-09-24 09:00:00+00:00,65793,158.484,158.881,158.483,158.683,158.501,158.898,158.5,158.696
2026-09-24 13:00:00+00:00,85967,158.683,159.03,158.601,158.801,158.697,159.044,158.614,158.815
2026-09-24 17:00:00+00:00,62491,158.801,159.023,158.677,158.848,158.816,159.041,158.693,158.863
2026-09-24 21:00:00+00:00,20651,158.816,158.899,158.631,158.643,158.916,158.999,158.647,158.661
2026-09-25 01:00:00+00:00,52238,158.642,158.702,158.276,158.409,158.661,158.717,158.292,158.425
2026-09-25 05:00:00+00:00,78420,158.409,158.417,157.94,158.119,158.427,158.433,157.957,158.133
2026-09-25 09:00:00+00:00,83260,158.121,158.14,157.488,157.497,158.133,158.155,157.5,157.515
2026-09-25 13:00:00+00:00,107786,157.499,157.525,156.929,157.197,157.515,157.541,156.946,157.214
2026-09-25 17:00:00+00:00,37595,157.198,157.369,157.097,157.278,157.214,157.383,157.109,157.312
2026-09-27 21:00:00+00:00,40551,157.216,157.835,157.193,157.793,157.287,157.85,157.274,157.809
